id,paese,campionato,casa,ospite,ht,segnale_minuto,segnale_risultato,segnale_totale,segnale_scarto,segnale_stato,ft,gol_dopo,altro_gol,casa_dopo,ospite_dopo,minuti_residui_90
1,Argentina,Argentina Reserve League,Defensa y Justicia Reserves,CA Independiente Reserves,0-3,65,0-3,3,3,Vantaggio ospite,1-3,1,SI,1,0,25
2,Bangladesh,Bangladesh Premier League,Abahani Limited,Sheikh Jamal,2-0,61,3-1,4,2,Vantaggio casa,4-1,1,SI,1,0,29
3,Brazil,Campeonato Brasileiro Serie B,Coritiba,Botafogo SP,2-2,48,2-2,4,0,Pareggio,3-2,1,SI,1,0,42
4,Ukraine,Ukraine Reserve League,PFC Oleksandria Reserves,Shakhtar Donetsk Reserves,1-1,53,1-1,2,0,Pareggio,1-2,1,SI,0,1,37
5,Mondo (amichevoli),World Club Friendlies,Al Wasl SC,Kayserispor,1-1,63,1-2,3,1,Vantaggio ospite,1-3,1,SI,0,1,27
6,Germany,Germany 3.Liga,KFC Uerdingen 05,Unterhaching,2-2,59,2-2,4,0,Pareggio,2-2,0,NO,0,0,31
7,Elite (amichevoli),Elite Club Friendlies,St Gallen,Borussia Dortmund,1-3,61,1-3,4,2,Vantaggio ospite,1-4,1,SI,0,1,29
8,Elite (amichevoli),Elite Club Friendlies,Bayern Munich,Fenerbahce,5-0,65,6-1,7,5,Vantaggio casa,6-1,0,NO,0,0,25
9,Europa (amichevoli),Europe Friendlies,Lebrijana,Atletico Sanluqueno,1-0,39,1-0,1,1,Vantaggio casa,2-2,3,SI,1,2,51
10,Iceland,Iceland 1 Deild,Throttur Reykjavik,Haukar,4-2,49,4-2,6,2,Vantaggio casa,4-2,0,NO,0,0,41
11,Brazil,Brazil Serie B,Bragantino,Cuiaba,2-1,46,2-1,3,1,Vantaggio casa,2-2,1,SI,0,1,44
12,Europa (amichevoli),Europe Friendlies,Leganes B,Toledo,2-0,64,3-1,4,2,Vantaggio casa,3-1,0,NO,0,0,26
13,Elite (amichevoli),Elite Club Friendlies,Real Madrid,Fenerbahce,2-2,64,4-3,7,1,Vantaggio casa,5-3,1,SI,1,0,26
14,Germany,Germany 3.Liga,Magdeburg,Waldhof Mannheim,1-1,64,1-1,2,0,Pareggio,1-1,0,NO,0,0,26
15,Germany,Germany 3.Liga,Chemnitzer,SV Meppen,1-0,52,1-1,2,0,Pareggio,2-4,4,SI,1,3,38
16,Brazil,Brazil U20 League,Vasco Da Gama U20,Atletico Paranaense U20,2-1,57,2-2,4,0,Pareggio,5-2,3,SI,3,0,33
17,Finland,Finland Kolmonen,VPV Pallo-Veikot,KaIK,1-3,62,2-4,6,2,Vantaggio ospite,3-6,3,SI,1,2,28
18,Australia,Australia Victoria U20 League,Dandenong City U20,Bentleigh Greens U20,1-0,61,1-0,1,1,Vantaggio casa,1-2,2,SI,0,2,29
19,Russia,Russia U20 League,Spartak Moscow U20,Dinamo Moscow U20,0-1,58,0-1,1,1,Vantaggio ospite,0-4,3,SI,0,3,32
20,Argentina,Argentina Reserve League,Huracan Reserves,Colon Reserves,2-0,65,4-0,4,4,Vantaggio casa,5-2,3,SI,1,2,25
21,Lithuania,Lithuania 1 Lyga,FC Kupiškis,Nevezis,0-2,61,0-2,2,2,Vantaggio ospite,0-3,1,SI,0,1,29
22,Finland,Finland Kolmonen,Edustus IPS,PeKa,0-0,62,1-1,2,0,Pareggio,1-2,1,SI,0,1,28
23,Germany,Germany Oberliga Bayern South,TSV Schwabmünchen,TSV Dachau 1865,3-0,64,4-0,4,4,Vantaggio casa,6-1,3,SI,2,1,26
24,Germany,Germany Regionalliga Bayern,Viktoria Aschaffenburg,Greuther Furth II,0-2,51,0-2,2,2,Vantaggio ospite,0-2,0,NO,0,0,39
25,Europa (amichevoli),Europe Friendlies,Las Palmas,Almeria,1-1,60,1-1,2,0,Pareggio,1-1,0,NO,0,0,30
26,Romania,Romania Liga I,Dinamo Bucuresti,FC Academica Clinceni,0-0,65,2-0,2,2,Vantaggio casa,4-2,4,SI,2,2,25
27,Austria,Austria 2. Liga,Grazer AK,FC Blau Weiss Linz,2-0,53,2-0,2,2,Vantaggio casa,2-0,0,NO,0,0,37
28,Elite (amichevoli),Elite Club Friendlies,Bournemouth,Lazio,2-1,51,2-2,4,0,Pareggio,3-4,3,SI,1,2,39
29,Asia (nazionali),West Asian Championship,Lebanon,Syria,0-0,52,0-1,1,1,Vantaggio ospite,2-1,2,SI,2,0,38
30,Mexico,Mexico Liga de Ascenso Apertura,Potros UAEM,Correcaminos,3-0,62,3-0,3,3,Vantaggio casa,4-0,1,SI,1,0,28
31,USA,USA USL Championship,Atlanta United II,Loudoun United FC,2-2,58,2-2,4,0,Pareggio,4-2,2,SI,2,0,32
32,Australia,Australia SA Premier League Reserves,Adelaide Blue Eagles Reserves,Metrostars Reserves,1-1,61,1-2,3,1,Vantaggio ospite,2-5,4,SI,1,3,29
33,Mongolia,Mongolia Premier League,Khangarid Klub,Khaan Khuns,4-1,61,4-1,5,3,Vantaggio casa,6-3,4,SI,2,2,29
34,Australia,Australia Victoria U20 League,Dandenong Thunder U20,Pascoe Vale U20,0-2,64,1-2,3,1,Vantaggio ospite,1-4,2,SI,0,2,26
35,Australia,Australia NPL Queensland,Brisbane Roar FC U21,Brisbane Strikers,0-3,45,0-3,3,3,Vantaggio ospite,1-4,2,SI,1,1,45
36,Russia,Russia U20 League,Zenit St Petersburg U20,Krasnodar U20,0-1,61,0-2,2,2,Vantaggio ospite,0-2,0,NO,0,0,29
37,Australia,Australia New South Wales Premier League,Sydney FC U21,Sutherland Sharks,0-3,58,0-3,3,3,Vantaggio ospite,0-4,1,SI,0,1,32
38,Estonia,Estonia Esiliiga B,Vandra JK Vaprus,Tabasalu FC Charma,0-0,52,2-0,2,2,Vantaggio casa,4-1,3,SI,2,1,38
39,Denmark,Denmark Series Group 2,Greve,GVI,0-1,62,0-1,1,1,Vantaggio ospite,2-4,5,SI,2,3,28
40,Germany,Germany Regionalliga South West,SSV Ulm 1846,Elversberg,0-0,65,0-1,1,1,Vantaggio ospite,1-2,2,SI,1,1,25
41,Europa (amichevoli),Europe Friendlies,HHC Hardenberg,FC Twente Reserves,3-0,61,3-1,4,2,Vantaggio casa,3-2,1,SI,0,1,29
42,Uzbekistan,Uzbekistan Cup,FC Bunyodkor,Qizilqum Zarafshon,1-1,65,3-0,3,3,Vantaggio casa,3-1,1,SI,0,1,25
43,Malawi,Malawi Super League,Mzuzu University,Mlatho Mponela FC,1-0,57,1-0,1,1,Vantaggio casa,1-0,0,NO,0,0,33
44,Norway,Norway Division 3 Group 4,Stord,Lysekloster,1-1,57,1-1,2,0,Pareggio,3-4,5,SI,2,3,33
45,Finland,Finland Kakkonen Group A,Sudet,Kiffen,1-3,61,1-3,4,2,Vantaggio ospite,1-4,1,SI,0,1,29
46,England,England National League,Harrogate Town,Solihull Moors,0-1,58,0-1,1,1,Vantaggio ospite,2-2,3,SI,2,1,32
47,Switzerland,Switzerland Challenge League,Winterthur,Lausanne Sports,0-2,47,0-3,3,3,Vantaggio ospite,0-6,3,SI,0,3,43
48,Estonia,Estonia Esiliiga,FC Flora Tallinn II,Tallinna JK Legion,2-1,54,3-1,4,2,Vantaggio casa,4-3,3,SI,1,2,36
49,Slovakia,Slovakia Super Liga,MSK Zilina,AS Trencin,1-0,56,1-0,1,1,Vantaggio casa,2-1,2,SI,1,1,34
50,Elite (amichevoli),Elite Club Friendlies,Atletico San Luis,Atletico Madrid,1-0,64,1-0,1,1,Vantaggio casa,1-2,2,SI,0,2,26
51,Bulgaria,Bulgaria First League,Beroe,Dunav Ruse,2-0,54,2-0,2,2,Vantaggio casa,2-0,0,NO,0,0,36
52,Cambodia,Cambodia Premier League,Asia Euro University,Phnom Penh Crown,2-4,51,2-4,6,2,Vantaggio ospite,3-4,1,SI,1,0,39
53,Europa (amichevoli),Europe Friendlies,TSV Havelse U19,SV Rodinghausen U19,1-0,65,4-1,5,3,Vantaggio casa,4-1,0,NO,0,0,25
54,Vietnam,Vietnam V-League 2,Binh Dinh,CLB Bong da Hue,1-1,48,1-1,2,0,Pareggio,3-2,3,SI,2,1,42
55,Japan,Japan J2-League,V-Varen Nagasaki,FC Gifu,1-1,58,1-3,4,2,Vantaggio ospite,1-3,0,NO,0,0,32
56,China,China Super League Reserves,Shanghai SIPG Reserves,Tianjin Tianhai Reserves,1-1,65,1-1,2,0,Pareggio,3-1,2,SI,2,0,25
57,Denmark,Denmark Superligaen,Randers FC,FC Nordsjaelland,3-0,55,3-0,3,3,Vantaggio casa,3-1,1,SI,0,1,35
58,Japan,Japan J2-League,Ehime FC,Fagiano Okayama,2-0,57,2-0,2,2,Vantaggio casa,2-0,0,NO,0,0,33
59,Japan,Japan J3-League,Thespa Kusatsu,YSCC,1-1,63,3-2,5,1,Vantaggio casa,3-2,0,NO,0,0,27
60,South Korea,South Korea K-League 1,Suwon Bluewings,Pohang Steelers,0-1,55,0-1,1,1,Vantaggio ospite,0-2,1,SI,0,1,35
61,China,China Division 1,Shijiazhuang Ever Bright,Beijing Sport University FC,0-3,65,0-5,5,5,Vantaggio ospite,0-5,0,NO,0,0,25
62,Germany,Germany Regionalliga North,VfB Oldenburg,Wolfsburg II,0-1,60,0-1,1,1,Vantaggio ospite,0-3,2,SI,0,2,30
63,Brazil,Brazil Paulista Serie B,AD Guarulhos,Marilia,1-1,49,2-1,3,1,Vantaggio casa,2-2,1,SI,0,1,41
64,Germany,Germany Oberliga Rheinland-Pfalz/Saar,Hassia Bingen,SV Rochling Volklingen,0-0,55,0-1,1,1,Vantaggio ospite,0-1,0,NO,0,0,35
65,Germany,Germany Bundesliga II,Erzgebirge Aue,Wehen SV,2-1,56,2-1,3,1,Vantaggio casa,3-2,2,SI,1,1,34
66,Switzerland,Switzerland Challenge League,Stade Lausanne-Ouchy,FC Vaduz,2-3,65,3-3,6,0,Pareggio,3-3,0,NO,0,0,25
67,Denmark,Denmark Superligaen,Brondby,AC Horsens,1-1,60,1-2,3,1,Vantaggio ospite,1-2,0,NO,0,0,30
68,Brazil,Brazil Campeonato Carioca B2,Juventus RJ,Rio Sao Paulo,0-1,45,0-1,1,1,Vantaggio ospite,0-3,2,SI,0,2,45
69,Mondo (amichevoli),World Club Friendlies,Bugesera,Gasogi Utd,1-0,65,1-0,1,1,Vantaggio casa,1-0,0,NO,0,0,25
70,Netherlands,Holland Eredivisie,ADO Den Haag,FC Utrecht,2-2,63,2-4,6,2,Vantaggio ospite,2-4,0,NO,0,0,27
71,Lithuania,Lithuania 1 Lyga,Lietava Jonava,FK Vilnius,0-1,65,0-2,2,2,Vantaggio ospite,0-3,1,SI,0,1,25
72,Romania,Romania Liga I,AFC Hermannstadt,CS U Craiova,0-1,55,2-1,3,1,Vantaggio casa,2-1,0,NO,0,0,35
73,Austria,Austria 2. Liga,Austria Klagenfurt,FC Liefering,1-2,52,2-3,5,1,Vantaggio ospite,4-4,3,SI,2,1,38
74,Lithuania,Lithuania A Lyga,Atlantas Klaipeda,FK Zalgiris Vilnius,1-1,49,1-1,2,0,Pareggio,1-3,2,SI,0,2,41
75,Estonia,Estonia Esiliiga,Tartu JK Welco,FC Levadia Tallinn U21,0-1,65,0-1,1,1,Vantaggio ospite,0-2,1,SI,0,1,25
76,Hungary,Hungary NB I,MOL Vidi FC,Kaposvari Rakoczi,3-2,65,4-2,6,2,Vantaggio casa,4-2,0,NO,0,0,25
77,Chile,Chile Primera Division,Universidad de Concepcion,Universidad Catolica,0-1,47,0-1,1,1,Vantaggio ospite,0-3,2,SI,0,2,43
78,Hungary,Hungary NB II,Csakvari Tk,MTK Budapest,3-1,46,3-1,4,2,Vantaggio casa,3-2,1,SI,0,1,44
79,Guatemala,Guatemala Primera Division,Suchitepequez,Deportivo Reu,2-0,59,2-1,3,1,Vantaggio casa,2-1,0,NO,0,0,31
80,Croatia,Croatia 1.HNL,NK Osijek,Inter Zapresic,0-1,65,0-1,1,1,Vantaggio ospite,3-1,3,SI,3,0,25
81,Brazil,Brazil Campeonato Carioca B2,Queimados RJ,Mageense FC,2-0,55,3-0,3,3,Vantaggio casa,4-3,4,SI,1,3,35
82,Bolivia,Bolivia Clausura,The Strongest,Nacional Potosi,1-1,64,1-2,3,1,Vantaggio ospite,3-2,2,SI,2,0,26
83,Guatemala,Guatemala Primera Division,CD Sansare,CD Achuapa,1-0,57,1-0,1,1,Vantaggio casa,1-0,0,NO,0,0,33
84,Paraguay,Paraguay Division Profesional,Cerro Porteno,Guarani Asuncion,0-0,64,1-1,2,0,Pareggio,2-2,2,SI,1,1,26
85,Bolivia,Bolivia Clausura,Blooming,Oriente Petrolero,0-0,65,1-0,1,1,Vantaggio casa,2-1,2,SI,1,1,25
86,USA,USA MLS,DC United,Philadelphia Union,0-2,55,1-3,4,2,Vantaggio ospite,1-5,2,SI,0,2,35
87,Norway,Norway Division 3 Group 6,Lillestrøm 2,Ullensaker/Kisa 2,6-0,65,8-0,8,8,Vantaggio casa,8-0,0,NO,0,0,25
88,Europa (amichevoli),Europe Friendlies,Malaga B,Melilla,2-2,63,2-2,4,0,Pareggio,3-3,2,SI,1,1,27
89,Australia,Australia Brisbane Premier League,North Pine,Centenary Stormers,1-3,51,1-3,4,2,Vantaggio ospite,2-4,2,SI,1,1,39
90,Australia,Australia New South Wales League 2,Western Sydney Wanderers U21,Bonnyrigg White Eagles,1-2,55,2-2,4,0,Pareggio,2-4,2,SI,0,2,35
91,England,England National League North,Bradford P A,Guiseley,0-3,64,0-4,4,4,Vantaggio ospite,0-5,1,SI,0,1,26
92,Brazil,Brazil Serie B,America MG,Londrina,1-2,51,1-2,3,1,Vantaggio ospite,4-3,4,SI,3,1,39
93,New Zealand,New Zealand Central Premier League,Wellington Olympic,Wairarapa United,3-1,58,3-1,4,2,Vantaggio casa,5-3,4,SI,2,2,32
94,Australia,Australia FFA Cup,Brisbane Strikers,Wellington Phoenix,1-0,58,2-1,3,1,Vantaggio casa,2-2,1,SI,0,1,32
95,Poland,Poland Cup,Gryf Wejherowo,Siarka Tarnobrzeg,3-2,57,3-2,5,1,Vantaggio casa,3-2,0,NO,0,0,33
96,Germany,Germany Landespokal,SV Dringenberg,Sportfreunde Lotte,1-1,63,1-2,3,1,Vantaggio ospite,1-5,3,SI,0,3,27
97,Hungary,Hungary NB II,MTK Budapest,Budaorsi SC,0-1,60,1-1,2,0,Pareggio,1-1,0,NO,0,0,30
98,Europa (amichevoli),Europe Friendlies,Gimnastica Segoviana,Valladolid B,2-1,65,3-1,4,2,Vantaggio casa,4-2,2,SI,1,1,25
99,Brazil,Brazil U20 League,Gremio RS U20,America MG U20,1-1,48,1-1,2,0,Pareggio,2-3,3,SI,1,2,42
100,Europa (amichevoli),Europe Friendlies,Xerez Deportivo FC,San Fernando CD,0-0,65,1-2,3,1,Vantaggio ospite,1-2,0,NO,0,0,25
101,Elite (amichevoli),Elite Club Friendlies,Barcelona,Napoli,1-1,62,1-1,2,0,Pareggio,2-1,1,SI,1,0,28
102,Chile,Chile Cup,Universidad Catolica,Santiago Morning,1-1,62,1-1,2,0,Pareggio,3-1,2,SI,2,0,28
103,Indonesia,Indonesia Liga 1,Persela Lamongan,Persib Bandung,1-2,64,2-2,4,0,Pareggio,2-2,0,NO,0,0,26
104,Russia,Russia Division 2,Akron Tolyatti,FK Lada Tolyatti,2-0,52,3-1,4,2,Vantaggio casa,3-1,0,NO,0,0,38
105,Estonia,Estonia Esiliiga,Rakvere JK Tarvas,Tartu JK Welco,1-1,59,1-1,2,0,Pareggio,1-1,0,NO,0,0,31
106,UEFA,UEFA Europa League Qualifying,FK Ventspils,Guimaraes,0-1,58,0-2,2,2,Vantaggio ospite,0-3,1,SI,0,1,32
107,Switzerland,Switzerland Challenge League,FC Chiasso,Aarau,1-2,65,3-2,5,1,Vantaggio casa,4-2,1,SI,1,0,25
108,UEFA,UEFA Europa League Qualifying,Midtjylland,Rangers,0-1,65,2-3,5,1,Vantaggio ospite,2-4,1,SI,0,1,25
109,Iceland,Iceland 4 Deild,Berserkir,Alafoss,1-2,44,1-2,3,1,Vantaggio ospite,5-4,6,SI,4,2,46
110,Bolivia,Bolivia Clausura,Oriente Petrolero,San Jose,1-0,53,1-0,1,1,Vantaggio casa,1-0,0,NO,0,0,37
111,Czech Republic,Czech Republic Youth League,FK Pribram U19,FC Zbrojovka Brno U19,1-2,63,2-2,4,0,Pareggio,3-2,1,SI,1,0,27
112,Russia,Russia Division 2,Rodina Moscow,FC Murom,0-1,56,0-1,1,1,Vantaggio ospite,0-2,1,SI,0,1,34
113,Georgia,Georgia Erovnuli Liga 2,FC Tskhinvali,FC Merani Tbilisi,0-3,43,0-2,2,2,Vantaggio ospite,1-4,3,SI,1,2,47
114,Armenia,Armenia Premier League,Ararat Yerevan,Shirak,0-0,58,1-1,2,0,Pareggio,2-1,1,SI,1,0,32
115,Europa (amichevoli),Europe Friendlies,Altinordu,Menemen Belediye Spor,0-2,58,0-3,3,3,Vantaggio ospite,0-3,0,NO,0,0,32
116,Germany,Germany Regionalliga South West,TSV Steinbach,Alzenau,1-0,58,1-0,1,1,Vantaggio casa,4-1,4,SI,3,1,32
117,Germany,Germany Regionalliga West,Wuppertaler,Borussia Dortmund II,1-0,60,1-0,1,1,Vantaggio casa,1-0,0,NO,0,0,30
118,France,France Ligue 2,Niort,Chateauroux,1-0,60,2-0,2,2,Vantaggio casa,3-0,1,SI,1,0,30
119,Iceland,Iceland 4 Deild,Isbjörninn,Arborg,1-1,41,0-1,1,1,Vantaggio ospite,2-3,4,SI,2,2,49
120,Australia,Australia Western Australia U20 League,Cockburn City U20,Armadale U20,3-0,56,3-0,3,3,Vantaggio casa,6-0,3,SI,3,0,34
121,Australia,Australia Western Australia U20 League,Perth SC U20,Balcatta U20,0-1,62,1-1,2,0,Pareggio,2-3,3,SI,1,2,28
122,Australia,Australia South Australia Premier League,Adelaide Comets,Campbelltown City,3-1,64,4-1,5,3,Vantaggio casa,4-1,0,NO,0,0,26
123,Australia,Australia Western Australia Premier League,Perth SC,Balcatta,1-0,62,2-0,2,2,Vantaggio casa,3-0,1,SI,1,0,28
124,Czech Republic,Czech Republic Youth League,Meteor Praha VIII U19,Slavia Prague U19,0-4,56,0-5,5,5,Vantaggio ospite,0-9,4,SI,0,4,34
125,Japan,Japan J2-League,JEF Utd Chiba,Ehime FC,2-0,55,2-0,2,2,Vantaggio casa,2-3,3,SI,0,3,35
126,Germany,Germany Bundesliga U19,Union Berlin U19,Hannover 96 U19,2-2,48,3-2,5,1,Vantaggio casa,4-3,2,SI,1,1,42
127,Estonia,Estonia Esiliiga B,Nomme United,Viimsi JK,1-0,52,1-0,1,1,Vantaggio casa,4-1,4,SI,3,1,38
128,Russia,Russia Division 1,FK Yenisey,Neftekhimik Nizhnekamsk,1-2,53,2-2,4,0,Pareggio,2-2,0,NO,0,0,37
129,Cambodia,Cambodia Premier League,Phnom Penh Crown,Naga World FC,1-0,60,2-1,3,1,Vantaggio casa,2-2,1,SI,0,1,30
130,Lithuania,Lithuania 1 Lyga,Hegelmann Litauen,FK Atmosfera,3-1,58,4-1,5,3,Vantaggio casa,5-2,2,SI,1,1,32
131,Germany,Germany Oberliga Schleswig-Holstein,TSV Bordesholm,Weiche Flensburg 08 II,1-1,63,1-1,2,0,Pareggio,1-2,1,SI,0,1,27
132,Nazionali U19,U19 Tournament,Afghanistan U19,Uzbekistan U19,0-2,61,1-2,3,1,Vantaggio ospite,2-2,1,SI,1,0,29
134,Ukraine,Ukraine Reserve League,Kolos Kovalivka Reserves,Zorya Reserves,0-2,63,1-2,3,1,Vantaggio ospite,1-2,0,NO,0,0,27
135,Norway,Norway Division 3 Group 2,LynToppf,IF Ready,0-1,56,1-1,2,0,Pareggio,1-3,2,SI,0,2,34
136,Hungary,Hungary NB I,Kaposvari Rakoczi,Mezokovesd Zsory,1-2,59,1-2,3,1,Vantaggio ospite,1-2,0,NO,0,0,31
137,Montenegro,Montenegro Prva Liga,FK Kom Podgorica,OFK Petrovac,1-1,57,1-1,2,0,Pareggio,3-2,3,SI,2,1,33
139,Portugal,Portugal U19 League,Amora FC U19,Estoril U19,0-2,54,0-3,3,3,Vantaggio ospite,2-4,3,SI,2,1,36
140,Portugal,Portugal U19 League,Sacavenense U19,Tondela U19,0-2,62,0-2,2,2,Vantaggio ospite,1-2,1,SI,1,0,28
141,Finland,Finland U20 League,TPS/2 U20,HJS U20,4-2,51,4-2,6,2,Vantaggio casa,4-2,0,NO,0,0,39
142,Poland,Poland II Liga,Gornik Polkowice,Gornik Leczna,0-1,63,0-1,1,1,Vantaggio ospite,1-1,1,SI,1,0,27
143,Republic of Ireland,Republic of Ireland FAI Cup,Crumlin United,Malahide Utd,3-1,63,3-1,4,2,Vantaggio casa,3-1,0,NO,0,0,27
144,Europa (amichevoli),Europe Friendlies,Sivasspor,Fenerbahce,2-0,55,2-1,3,1,Vantaggio casa,2-1,0,NO,0,0,35
145,Brazil,Brazil Paulista Cup,EC Sao Bernardo,GE Osasco,2-0,51,2-0,2,2,Vantaggio casa,2-0,0,NO,0,0,39
146,Uruguay,Uruguay Torneo Intermedio,Liverpool Montevideo,Montevideo Wanderers,2-0,62,2-1,3,1,Vantaggio casa,3-1,1,SI,1,0,28
147,Slovenia,Slovenia Prva Liga,NK Maribor,Tabor Sezana,1-1,55,2-1,3,1,Vantaggio casa,4-2,3,SI,2,1,35
148,Elite (amichevoli),Elite Club Friendlies,Parma,Sampdoria,1-1,60,1-1,2,0,Pareggio,2-1,1,SI,1,0,30
149,Elite (amichevoli),Elite Club Friendlies,Bologna,Villarreal,1-1,59,1-1,2,0,Pareggio,3-4,5,SI,2,3,31
150,Colombia,Colombia Primera B,Orsomarso,Deportivo Pereira,0-1,61,1-1,2,0,Pareggio,1-1,0,NO,0,0,29
151,USA,USA USL Championship,Pittsburgh Riverhounds,Swope Park Rangers,1-1,52,3-1,4,2,Vantaggio casa,3-2,1,SI,0,1,38
152,Brazil,Brazil Serie A,Atletico Mineiro,Fluminense,1-0,56,2-0,2,2,Vantaggio casa,2-1,1,SI,0,1,34
153,Australia,Australia New South Wales U20 League,Hakoah Sydney City East U20,Blacktown City U20,1-1,62,1-1,2,0,Pareggio,1-1,0,NO,0,0,28
154,Australia,Australia New South Wales U20 League,Rockdale City Suns U20,Sutherland Sharks U20,1-0,64,1-0,1,1,Vantaggio casa,1-1,1,SI,0,1,26
155,Australia,Australia Queensland U20 League,Sunshine Coast U20,Peninsula Power U20,0-2,58,0-2,2,2,Vantaggio ospite,1-6,5,SI,1,4,32
156,Australia,Australia Northern NSW Premier League,Hamilton Olympic,Broadmeadow Magic,3-1,63,3-2,5,1,Vantaggio casa,3-2,0,NO,0,0,27
157,Czech Republic,Czech Republic 3. Ligy,FK Admira Praha,Slavia Prague B,1-3,52,1-4,5,3,Vantaggio ospite,2-7,4,SI,1,3,38
158,Slovakia,Slovakia 2. Liga,MFK Ruzomberok II,MFK Dubnica,2-3,55,2-4,6,2,Vantaggio ospite,2-4,0,NO,0,0,35
159,Germany,Germany Bundesliga U19,Wuppertaler U19,Borussia Dortmund U19,1-5,60,1-7,8,6,Vantaggio ospite,2-9,3,SI,1,2,30
160,Germany,Germany Bundesliga U19,SC Freiburg U19,Eintracht Frankfurt U19,2-1,63,2-2,4,0,Pareggio,2-2,0,NO,0,0,27
161,Japan,Japan J-League,Cerezo Osaka,Sagan Tosu,1-0,58,1-0,1,1,Vantaggio casa,1-2,2,SI,0,2,32
162,Finland,Finland U20 League,Atlantis U20,KuPS Kuopio U20,0-0,55,0-1,1,1,Vantaggio ospite,0-3,2,SI,0,2,35
163,Germany,Germany Bundesliga U19,Bayern Munich U19,Augsburg U19,0-0,60,0-1,1,1,Vantaggio ospite,3-2,4,SI,3,1,30
164,Estonia,Estonia Meistriliiga,JK Viljandi Tulevik,Paide Linnameeskond,0-1,48,0-1,1,1,Vantaggio ospite,1-2,2,SI,1,1,42
165,Thailand,Thailand Division 2,Ayutthaya United,Lampang FC,3-1,65,3-3,6,0,Pareggio,3-4,1,SI,0,1,25
166,Germany,Germany Oberliga Hessen,Rot-Weiss Walldorf,Viktoria Griesheim,3-1,59,3-2,5,1,Vantaggio casa,6-2,3,SI,3,0,31
167,Germany,Germany Oberliga Niederrhein,VfB Hilden,FC Monheim,1-1,59,1-1,2,0,Pareggio,1-1,0,NO,0,0,31
168,Brazil,Brazil U20 League,America RJ U20,Fluminense U20,0-1,59,0-2,2,2,Vantaggio ospite,0-2,0,NO,0,0,31
169,Germany,Germany DFB Pokal,Oberneuland,Darmstadt,0-3,64,1-4,5,3,Vantaggio ospite,1-6,2,SI,0,2,26
170,Germany,Germany DFB Pokal,VfL Osnabruck,RB Leipzig,1-3,57,1-3,4,2,Vantaggio ospite,2-3,1,SI,1,0,33
171,Kazakhstan,Kazakhstan Premier League,Irtysh Pavlodar,Tobol Kostanay,0-0,60,0-1,1,1,Vantaggio ospite,0-2,1,SI,0,1,30
172,Sweden,Sweden 1.div Södra,IK Oddevold,Atvidabergs FF,2-0,51,2-0,2,2,Vantaggio casa,3-1,2,SI,1,1,39
173,Poland,Poland III Liga,Stal Krasnik,Motor Lublin,2-1,57,2-1,3,1,Vantaggio casa,2-1,0,NO,0,0,33
174,Poland,Poland Ekstraklasa,Cracovia Krakow,Korona Kielce,1-0,59,1-0,1,1,Vantaggio casa,1-0,0,NO,0,0,31
175,Hungary,Hungary NB II,Szeged 2011,Szombathelyi Haladas,1-0,59,1-0,1,1,Vantaggio casa,1-1,1,SI,0,1,31
176,Sweden,Sweden Superettan,GAIS,Mjallby AIF,0-0,64,1-1,2,0,Pareggio,1-2,1,SI,0,1,26
177,Hungary,Hungary NB I,Debreceni VSC,Kisvarda FC,2-1,51,2-1,3,1,Vantaggio casa,4-1,2,SI,2,0,39
178,Elite (amichevoli),Elite Club Friendlies,Roma,Real Madrid,2-2,54,2-2,4,0,Pareggio,2-2,0,NO,0,0,36
179,Brazil,Brazil Campeonato Paulista U20,Sao Caetano U20,Desportivo Brasil U20,2-0,61,3-0,3,3,Vantaggio casa,4-0,1,SI,1,0,29
180,Italy,Coppa Italia,Frosinone,Carrarese,2-0,59,3-0,3,3,Vantaggio casa,4-0,1,SI,1,0,31
181,Brazil,Brazil Serie A,Botafogo,Atletico Paranaense,1-1,62,2-1,3,1,Vantaggio casa,2-1,0,NO,0,0,28
182,Colombia,Colombia Primera A,Atletico Huila,Millonarios,1-0,51,1-0,1,1,Vantaggio casa,1-1,1,SI,0,1,39
183,Lithuania,Lithuania A Lyga,Panevezys,FK Palanga,0-1,49,0-1,1,1,Vantaggio ospite,3-1,3,SI,3,0,41
184,Germany,Germany DFB Pokal,Hallescher FC,Wolfsburg,1-1,64,2-2,4,0,Pareggio,3-5,4,SI,1,3,26
185,Netherlands,Holland Eerste Divisie,PSV Reserves,FC Den Bosch,2-1,61,2-2,4,0,Pareggio,2-2,0,NO,0,0,29
186,England,England Southern Premier League Central,Stourbridge,Stratford Town,1-0,64,3-0,3,3,Vantaggio casa,3-1,1,SI,0,1,26
187,AFC,AFC Champions League,Zob Ahan,Al Ittihad Jeddah,0-1,64,1-2,3,1,Vantaggio ospite,3-4,4,SI,2,2,26
188,Australia,Australia Western Australia U20 League,Sorrento U20,Bayswater City U20,0-2,61,0-3,3,3,Vantaggio ospite,0-3,0,NO,0,0,29
189,Burundi,Burundi Premier League,Athletico Olympic,Ngozi City FC,2-0,53,2-0,2,2,Vantaggio casa,4-0,2,SI,2,0,37
190,Georgia,Georgia Erovnuli Liga 2,FC Merani Tbilisi,FC Shukura,2-1,56,3-1,4,2,Vantaggio casa,5-1,2,SI,2,0,34
191,Czech Republic,Czech Republic Cup,SK Kladno,Stechovice,1-0,46,1-0,1,1,Vantaggio casa,1-2,2,SI,0,2,44
192,Netherlands,Holland Reserve League,Dordrecht Reserves,FC Den Bosch Reserves,0-1,53,1-1,2,0,Pareggio,2-2,2,SI,1,1,37
193,Denmark,Denmark Cup,Fårvang IF,Viby,1-1,59,1-2,3,1,Vantaggio ospite,2-3,2,SI,1,1,31
194,Germany,Germany Oberliga Rheinland-Pfalz/Saar,Engers,FV Diefflen,0-2,55,0-3,3,3,Vantaggio ospite,1-3,1,SI,1,0,35
195,UEFA,UEFA Champions League Qualifying,Rosenborg,NK Maribor,0-1,61,2-1,3,1,Vantaggio casa,3-1,1,SI,1,0,29
196,UEFA,UEFA Champions League Qualifying,Ferencvarosi TC,Dinamo Zagreb,0-1,50,0-2,2,2,Vantaggio ospite,0-4,2,SI,0,2,40
197,England,England EFL Cup,Salford City,Leeds,0-1,59,0-3,3,3,Vantaggio ospite,0-3,0,NO,0,0,31
198,England,England National League,Stockport,Barrow,0-1,64,2-1,3,1,Vantaggio casa,3-2,2,SI,1,1,26
199,England,England National League North,Hereford FC,AFC Telford,0-0,56,1-0,1,1,Vantaggio casa,1-0,0,NO,0,0,34
200,England,England National League North,Altrincham,Alfreton Town,2-1,63,2-2,4,0,Pareggio,3-2,1,SI,1,0,27
201,Brazil,Brazil Serie B,Coritiba,Brasil de Pelotas,0-0,65,1-0,1,1,Vantaggio casa,2-0,1,SI,1,0,25
202,Australia,Australia Queensland U20 League,Peninsula Power U20,Olympic FC U20,3-1,54,3-1,4,2,Vantaggio casa,3-1,0,NO,0,0,36
203,Japan,Japan Cup,Omiya Ardija,Vissel Kobe,0-1,63,0-3,3,3,Vantaggio ospite,0-4,1,SI,0,1,27
204,Czech Republic,Czech Republic Cup,FK Admira Praha,Aritma Praha,1-0,64,1-0,1,1,Vantaggio casa,1-0,0,NO,0,0,26
205,Germany,Germany Regionalliga Bayern,Augsburg II,FV Illertissen,0-1,62,1-1,2,0,Pareggio,3-3,4,SI,2,2,28
206,Europa (amichevoli),Europe Friendlies,Cultural Leonesa,Real Madrid Castilla,2-0,61,3-0,3,3,Vantaggio casa,3-0,0,NO,0,0,29
207,Europa (amichevoli),Europe Friendlies,Ourense,Coruxo,1-3,61,1-3,4,2,Vantaggio ospite,4-3,3,SI,3,0,29
208,Brazil,Brazil Campeonato Paulista U20,Fernandopolis U20,Jose Bonifacio EC U20,3-1,54,3-1,4,2,Vantaggio casa,4-2,2,SI,1,1,36
209,Europa (amichevoli),Europe Friendlies,CD Utrera,Real Betis B,0-1,58,0-1,1,1,Vantaggio ospite,0-2,1,SI,0,1,32
210,Brazil,Brazil U20 League,Sao Paulo U20,Santos U20,3-0,47,3-0,3,3,Vantaggio casa,3-1,1,SI,0,1,43
211,Bolivia,Bolivia Clausura,Royal Pari FC,Always Ready,1-1,55,1-1,2,0,Pareggio,1-1,0,NO,0,0,35
212,Austria,Austria Regionalliga Tirol,SVG Reichenau,Wacker Innsbruck II,4-1,55,4-1,5,3,Vantaggio casa,6-3,4,SI,2,2,35
213,Poland,Poland III Liga,Avia Swidnik,Hetman Zamosc,1-0,60,1-0,1,1,Vantaggio casa,1-0,0,NO,0,0,30
214,Estonia,Estonia Esiliiga B,Tabasalu FC Charma,Paide Linnameeskond II,1-1,57,1-1,2,0,Pareggio,4-1,3,SI,3,0,33
215,UEFA,UEFA Europa League Qualifying,AIK,Sheriff Tiraspol,0-0,62,1-0,1,1,Vantaggio casa,1-1,1,SI,0,1,28
216,UEFA,UEFA Europa League Qualifying,Apollon Limassol,FK Austria Vienna,1-1,65,2-1,3,1,Vantaggio casa,3-1,1,SI,1,0,25
217,UEFA,UEFA Europa League Qualifying,Valletta,FC Astana,0-2,57,0-2,2,2,Vantaggio ospite,0-4,2,SI,0,2,33
218,UEFA,UEFA Europa League Qualifying,Eintracht Frankfurt,FC Vaduz,1-0,59,1-0,1,1,Vantaggio casa,1-0,0,NO,0,0,31
219,UEFA,UEFA Europa League Qualifying,Rangers,Midtjylland,2-0,65,3-0,3,3,Vantaggio casa,3-1,1,SI,0,1,25
220,Australia,Australia Tasmania Premier League,Kingborough Lions,Hobart Zebras,0-0,59,2-1,3,1,Vantaggio casa,3-2,2,SI,1,1,31
221,Ukraine,Ukraine Reserve League,Desna Chernihiv Reserves,Kolos Kovalivka Reserves,2-0,61,3-0,3,3,Vantaggio casa,4-0,1,SI,1,0,29
222,Russia,Russia Division 2,FK Dolgoprudny,Rodina Moscow,2-0,62,2-0,2,2,Vantaggio casa,2-0,0,NO,0,0,28
223,Czech Republic,Czech Republic 3. Ligy,SFK Vrchovina,Dolni Benesov,1-1,54,2-1,3,1,Vantaggio casa,3-1,1,SI,1,0,36
225,Austria,Austria Regionalliga Mitte,ATSV Wolfsberg,SC Weiz,1-2,65,1-2,3,1,Vantaggio ospite,1-2,0,NO,0,0,25
226,Sweden,Sweden Superettan,IK Frej,Jonkopings Sodra,0-0,58,0-1,1,1,Vantaggio ospite,1-3,3,SI,1,2,32
227,Austria,Austria Regionalliga Mitte,Sturm Graz II,WAC St Andra II,1-0,62,1-1,2,0,Pareggio,2-1,1,SI,1,0,28
228,Austria,Austria 2. Liga,SV Kapfenberg,Austria Klagenfurt,0-2,43,0-2,2,2,Vantaggio ospite,1-2,1,SI,1,0,47
229,Poland,Poland I Liga,Stal Mielec,Olimpia Grudziadz,2-0,45,2-0,2,2,Vantaggio casa,2-0,0,NO,0,0,45
230,France,France Ligue 2,Valenciennes,Rodez Aveyron,0-0,64,1-0,1,1,Vantaggio casa,1-0,0,NO,0,0,26
231,Croatia,Croatia 1.HNL,Inter Zapresic,Dinamo Zagreb,1-1,51,1-2,3,1,Vantaggio ospite,1-2,0,NO,0,0,39
232,Brazil,Brazil Campeonato Paulista U20,Gremio Novorizontino U20,EC Sao Bernardo U20,0-1,57,0-1,1,1,Vantaggio ospite,4-1,4,SI,4,0,33
233,Czech Republic,Czech Republic 2. Liga,FC Brno,MFK Vitkovice,1-0,60,1-0,1,1,Vantaggio casa,1-0,0,NO,0,0,30
234,United Arab Emirates,UAE Cup,Al Ain SCC,Shabab Al Ahli Dubai,1-0,62,1-0,1,1,Vantaggio casa,2-2,3,SI,1,2,28
235,France,France Ligue 2,Rodez,US Orleans 45,1-1,61,2-1,3,1,Vantaggio casa,3-3,3,SI,1,2,29
236,Switzerland,Switzerland Challenge League,Grasshoppers,Winterthur,0-1,49,0-1,1,1,Vantaggio ospite,2-2,3,SI,2,1,41
237,Malta,Malta Premier League,Birkirkara,Floriana,0-1,56,0-1,1,1,Vantaggio ospite,0-1,0,NO,0,0,34
238,England,England FA Cup Qualification,Aveley,Barking,0-1,61,1-2,3,1,Vantaggio ospite,1-2,0,NO,0,0,29
239,Iceland,Iceland 1 Deild,Grotta Seltjarnarnes,Fram Reykjavik,1-0,57,1-0,1,1,Vantaggio casa,3-1,3,SI,2,1,33
240,Argentina,Argentina Nacional B,Atletico Rafaela,CA Tigre,0-1,61,0-2,2,2,Vantaggio ospite,1-2,1,SI,1,0,29
241,Mexico,Mexico Apertura,Santos Laguna,Monterrey,2-0,58,2-0,2,2,Vantaggio casa,2-1,1,SI,0,1,32
242,Australia,Australia Tasmania Championship,Taroona,Beachside FC,1-2,62,1-2,3,1,Vantaggio ospite,2-2,1,SI,1,0,28
243,Japan,Japan J2-League,Mito Hollyhock,Tokyo Verdy,0-2,53,0-2,2,2,Vantaggio ospite,1-2,1,SI,1,0,37
244,Japan,Japan J-League,Nagoya Grampus,Yokohama F-Marinos,0-2,60,0-3,3,3,Vantaggio ospite,1-5,3,SI,1,2,30
245,Estonia,Estonia Esiliiga B,Paide Linnameeskond II,Pohja-Tallinna JK Volta,0-2,50,0-2,2,2,Vantaggio ospite,1-2,1,SI,1,0,40
246,Norway,Norway Division 3 Group 1,Molde 2,Lørenskog,0-1,62,1-1,2,0,Pareggio,1-2,1,SI,0,1,28
247,Japan,Japan J2-League,Albirex Niigata,Zweigen Kanazawa,1-1,65,1-2,3,1,Vantaggio ospite,2-3,2,SI,1,1,25
248,Portugal,Portugal U19 League,Benfica U19,Estoril U19,3-0,62,4-0,4,4,Vantaggio casa,4-0,0,NO,0,0,28
249,Hungary,Hungary U19 1st Division,Puskas Academy U19,Debreceni VSC U19,1-1,64,1-2,3,1,Vantaggio ospite,1-2,0,NO,0,0,26
250,Norway,Norway Division 3 Group 1,Årvoll,SK Traeff,2-1,49,2-1,3,1,Vantaggio casa,2-1,0,NO,0,0,41
251,England,England Premier League,Norwich,Chelsea,2-2,61,2-2,4,0,Pareggio,2-3,1,SI,0,1,29
252,Denmark,Denmark 2. Division Group 1,FA 2000,Slagelse,2-3,65,2-3,5,1,Vantaggio ospite,5-3,3,SI,3,0,25
253,Finland,Finland Kolmonen,Ri-Pa,SiU,2-2,52,2-2,4,0,Pareggio,3-3,2,SI,1,1,38
254,Thailand,Thailand Division 2,Rayong FC,Ayutthaya United,0-1,50,0-1,1,1,Vantaggio ospite,2-1,2,SI,2,0,40
255,Sweden,Sweden Superettan,Syrianska FC,Västerås SK FK,0-1,49,0-1,1,1,Vantaggio ospite,1-2,2,SI,1,1,41
256,England,England National League,Halifax,AFC Fylde,2-1,45,2-1,3,1,Vantaggio casa,4-1,2,SI,2,0,45
257,England,England National League North,Gateshead,Farsley Celtic,0-0,65,0-1,1,1,Vantaggio ospite,0-3,2,SI,0,2,25
258,Russia,Russia Division 2,Salyut Belgorod,Khimik-Arsenal,1-0,53,1-1,2,0,Pareggio,2-1,1,SI,1,0,37
259,Bulgaria,Bulgaria First League,Botev Plovdiv,FK Vitosha,1-1,50,1-1,2,0,Pareggio,2-1,1,SI,1,0,40
260,Poland,Poland Ekstraklasa,Lechia Gdansk,Slask Wroclaw,0-1,58,1-1,2,0,Pareggio,1-1,0,NO,0,0,32
261,Austria,Austria 2. Liga,FC Dornbirn 1913,SV Kapfenberg,3-0,63,3-0,3,3,Vantaggio casa,6-1,4,SI,3,1,27
262,Hungary,Hungary NB I,Budapest Honved,Debreceni VSC,1-1,64,1-1,2,0,Pareggio,2-3,3,SI,1,2,26
263,Spain,Spain Segunda,Oviedo,Lugo,1-0,62,1-0,1,1,Vantaggio casa,1-1,1,SI,0,1,28
264,Guatemala,Guatemala Liga Nacional,Siquinala FC,CSD Comunicaciones,0-1,48,0-1,1,1,Vantaggio ospite,0-2,1,SI,0,1,42
265,Italy,Italy Serie A,Fiorentina,Napoli,1-2,63,2-3,5,1,Vantaggio ospite,3-4,2,SI,1,1,27
266,Mexico,Mexico Segunda Division,Mineros de Fresnillo,Alacranes de Durango,0-2,62,0-3,3,3,Vantaggio ospite,0-3,0,NO,0,0,28
267,Panama,Panama LPF,San Francisco FC,Sporting San Miguelito,2-0,62,2-1,3,1,Vantaggio casa,2-1,0,NO,0,0,28
268,Australia,Australia Northern NSW Premier League,Valentine Phoenix,Hamilton Olympic,0-1,65,0-2,2,2,Vantaggio ospite,0-4,2,SI,0,2,25
269,Czech Republic,Czech Republic 3. Ligy,Hradec Kralove B,FK Prepere,1-2,65,1-2,3,1,Vantaggio ospite,3-2,2,SI,2,0,25
270,Germany,Germany Bundesliga U19,TSG Hoffenheim U19,Bayern Munich U19,0-1,43,0-1,1,1,Vantaggio ospite,2-2,3,SI,2,1,47
271,Germany,Germany Bundesliga U19,Bochum U19,Wuppertaler U19,0-0,60,2-0,2,2,Vantaggio casa,3-1,2,SI,1,1,30
272,South Korea,South Korea K-League 1,Pohang Steelers,Incheon Utd,2-1,63,3-2,5,1,Vantaggio casa,5-3,3,SI,2,1,27
273,Japan,Japan J2-League,Ehime FC,Omiya Ardija,2-1,52,3-1,4,2,Vantaggio casa,5-1,2,SI,2,0,38
274,South Africa,South Africa Diski Challenge,Amazulu Reserves,Bloem Celtic Reserves,1-2,56,1-2,3,1,Vantaggio ospite,3-4,4,SI,2,2,34
275,Portugal,Portugal Segunda Liga,SC Farense,FC Porto B,0-1,65,0-1,1,1,Vantaggio ospite,1-3,3,SI,1,2,25
276,Germany,Germany Bundesliga U19,Eintracht Frankfurt U19,VfB Stuttgart U19,2-1,64,2-3,5,1,Vantaggio ospite,2-4,1,SI,0,1,26
277,Germany,Germany 3.Liga,Waldhof Mannheim,MSV Duisburg,2-2,62,2-3,5,1,Vantaggio ospite,4-3,2,SI,2,0,28
278,Russia,Russia Division 2,Dynamo Barnaul,FC Novosibirsk,1-1,63,1-2,3,1,Vantaggio ospite,1-2,0,NO,0,0,27
279,Republic of Ireland,Republic of Ireland FAI Cup,Crumlin United,Lucan United,3-0,51,3-0,3,3,Vantaggio casa,3-1,1,SI,0,1,39
280,Germany,Germany Oberliga Rheinland-Pfalz/Saar,Elversberg II,FV Dudenhofen,1-0,65,4-0,4,4,Vantaggio casa,6-1,3,SI,2,1,25
281,Czech Republic,Czech Republic 3. Ligy,Hostoun,Stechovice,0-0,64,0-1,1,1,Vantaggio ospite,1-1,1,SI,1,0,26
282,Slovenia,Slovenia Prva Liga,NK Triglav Kranj,NK Celje,0-3,64,0-4,4,4,Vantaggio ospite,0-6,2,SI,0,2,26
283,Argentina,Argentina Superliga,Godoy Cruz,Estudiantes LP,0-1,58,1-1,2,0,Pareggio,2-1,1,SI,1,0,32
284,Brazil,Brazil U20 League,Palmeiras U20,Cruzeiro U20,2-1,58,3-1,4,2,Vantaggio casa,3-1,0,NO,0,0,32
285,Czech Republic,Czech Republic First League,Mlada Boleslav,Ceske Budejovice,2-2,58,3-2,5,1,Vantaggio casa,4-2,1,SI,1,0,32
286,Lithuania,Lithuania A Lyga,FK Palanga,Atlantas Klaipeda,0-0,60,0-1,1,1,Vantaggio ospite,0-2,1,SI,0,1,30
287,Hungary,Hungary NB II,Soroksar,Dunakanyar Vac,1-0,59,1-0,1,1,Vantaggio casa,1-0,0,NO,0,0,31
288,Poland,Poland Ekstraklasa,LKS Lodz,Legia Warsaw,1-0,51,1-1,2,0,Pareggio,2-3,3,SI,1,2,39
289,Luxembourg,Luxembourg Division Nationale,UNA Strassen,FC 03 Differdange,0-1,61,1-1,2,0,Pareggio,1-3,2,SI,0,2,29
290,Poland,Poland I Liga,Chojniczanka Chojnice,MKS Puszcza Niepolomice,0-1,60,0-1,1,1,Vantaggio ospite,0-1,0,NO,0,0,30
291,Peru,Peru Primera Division,CD Universidad San Martin,Pirata FC,1-0,65,2-1,3,1,Vantaggio casa,2-2,1,SI,0,1,25
292,Hungary,Hungary NB II,Csakvari Tk,Szombathelyi Haladas,1-1,55,2-1,3,1,Vantaggio casa,3-1,1,SI,1,0,35
293,Brazil,Brazil Campeonato Paulista U20,Santos U20,Primavera SP U20,2-0,56,3-0,3,3,Vantaggio casa,3-0,0,NO,0,0,34
294,Italy,Italy Serie A,Spal,Atalanta,2-1,49,2-1,3,1,Vantaggio casa,2-3,2,SI,0,2,41
295,Italy,Italy Serie A,Sampdoria,Lazio,0-1,53,0-1,1,1,Vantaggio ospite,0-3,2,SI,0,2,37
296,Italy,Italy Serie A,Torino,Sassuolo,1-0,59,2-0,2,2,Vantaggio casa,2-1,1,SI,0,1,31
297,Italy,Italy Serie A,Roma,Genoa,2-2,63,3-2,5,1,Vantaggio casa,3-3,1,SI,0,1,27
298,Chile,Chile Primera Division,Universidad de Chile,Universidad Catolica,0-1,63,0-1,1,1,Vantaggio ospite,1-1,1,SI,1,0,27
299,Uruguay,Uruguay Torneo Intermedio,Defensor Sporting,Danubio,2-1,56,2-1,3,1,Vantaggio casa,3-1,1,SI,1,0,34
300,Chile,Chile Primera Division,Huachipato,CD Antofagasta,1-1,62,2-1,3,1,Vantaggio casa,4-3,4,SI,2,2,28
301,Russia,Russia U20 League,Ural U20,FC Sochi U20,3-3,61,4-3,7,1,Vantaggio casa,5-3,1,SI,1,0,29
302,Georgia,Georgia Erovnuli Liga 2,Kolkheti Poti,FC Telavi,1-2,61,1-3,4,2,Vantaggio ospite,2-5,3,SI,1,2,29
303,England,England Northern Premier League,Hyde,Buxton,2-1,53,2-1,3,1,Vantaggio casa,3-1,1,SI,1,0,37
304,Serbia,Serbia Prva Liga,Buducnost Dobanovci,FK Graficar Beograd,1-1,65,2-1,3,1,Vantaggio casa,2-2,1,SI,0,1,25
305,Russia,Russia Division 2,Akron Tolyatti,Kamaz Nab Chelny,1-3,53,1-3,4,2,Vantaggio ospite,4-4,4,SI,3,1,37
306,United Arab Emirates,UAE Cup,Hatta Dubai,Al Wasl SC,2-1,63,2-2,4,0,Pareggio,3-4,3,SI,1,2,27
307,Croatia,Croatia 2.HNL,NK Osijek II,Bijelo Brdo,4-0,62,5-0,5,5,Vantaggio casa,6-0,1,SI,1,0,28
308,Norway,Norway Division 3 Group 2,FK Tønsberg,Mjondalen 2,2-0,62,4-1,5,3,Vantaggio casa,4-2,1,SI,0,1,28
309,Mali,Mali Premiere Division,Black Star,Club Olympique de Bamako,1-3,65,1-3,4,2,Vantaggio ospite,2-3,1,SI,1,0,25
310,Estonia,Estonia U19 League,JK Nomme United U19,JK Tabasalu U19,1-1,50,1-1,2,0,Pareggio,3-1,2,SI,2,0,40
311,Slovakia,Slovakia Youth League,Spartak Trnava U19,Dukla Banska Bystrica U19,1-0,53,1-0,1,1,Vantaggio casa,1-0,0,NO,0,0,37
312,England,England EFL Cup,Crewe,Aston Villa,0-3,65,0-3,3,3,Vantaggio ospite,1-6,4,SI,1,3,25
313,Northern Ireland,Northern Ireland Cup,Bangor FC,Carrick Rangers,0-1,60,1-1,2,0,Pareggio,5-3,6,SI,4,2,30
314,Czech Republic,Czech Republic Youth League,Meteor Praha VIII U19,Sparta Prague U19,0-4,63,0-5,5,5,Vantaggio ospite,0-6,1,SI,0,1,27
315,Australia,Australia Tasmania Premier League,South Hobart,Kingborough Lions,0-1,64,0-1,1,1,Vantaggio ospite,1-1,1,SI,1,0,26
316,Hungary,Hungary U19 1st Division,Debreceni VSC U19,MTK Budapest U19,0-2,52,0-2,2,2,Vantaggio ospite,0-4,2,SI,0,2,38
317,Croatia,Croatia Cup,NK Maksimir,NK Varazdin,0-2,62,0-3,3,3,Vantaggio ospite,2-6,5,SI,2,3,28
318,Czech Republic,Czech Republic Cup,SK Unicov,FC Fastav Zlín,0-2,50,0-3,3,3,Vantaggio ospite,1-4,2,SI,1,1,40
319,Denmark,Denmark Cup,Kjellerup IF,Vendsyssel FF,0-6,43,0-6,6,6,Vantaggio ospite,0-9,3,SI,0,3,47
320,Estonia,Estonia Meistriliiga,Maardu Linnameeskond,JK Viljandi Tulevik,1-1,51,2-1,3,1,Vantaggio casa,2-2,1,SI,0,1,39
321,Finland,Finland Kolmonen,Kultsu FC,Virky,1-1,64,2-1,3,1,Vantaggio casa,3-1,1,SI,1,0,26
322,Switzerland,Switzerland 1.Liga Promotion,AC Bellinzona,FC Zurich II,0-1,63,1-1,2,0,Pareggio,2-1,1,SI,1,0,27
323,Scotland,Scotland Lowland League,Gala Fairydean,East Stirlingshire,0-3,62,0-3,3,3,Vantaggio ospite,0-3,0,NO,0,0,28
324,England,England EFL Cup,Lincoln City,Everton,1-1,60,1-2,3,1,Vantaggio ospite,2-4,3,SI,1,2,30
325,Sudamerica,Copa Libertadores,Internacional,Flamengo,0-0,63,1-0,1,1,Vantaggio casa,1-1,1,SI,0,1,27
326,Indonesia,Indonesia Liga 2,Persita Tangerang,PSCS Cilacap,0-1,56,0-1,1,1,Vantaggio ospite,3-1,3,SI,3,0,34
327,Israel,Israel Cup,Hapoel Beit Shean Mesilot,Maccabi Bnei Raina,1-2,59,1-3,4,2,Vantaggio ospite,3-4,3,SI,2,1,31
328,Finland,Finland Kolmonen,FC Kiisto,VPV Pallo-Veikot,5-2,65,5-2,7,3,Vantaggio casa,7-2,2,SI,2,0,25
329,UEFA,UEFA Europa League Qualifying,Hapoel Beer Sheva,Feyenoord,0-0,61,0-2,2,2,Vantaggio ospite,0-3,1,SI,0,1,29
330,CONCACAF,CONCACAF League,Tauro FC,Alianza FC San Salvador,1-0,62,1-0,1,1,Vantaggio casa,1-0,0,NO,0,0,28
331,Argentina,Argentina Reserve League,Defensa y Justicia Reserves,Banfield Reserves,1-0,58,1-1,2,0,Pareggio,1-1,0,NO,0,0,32
332,Uganda,Uganda Premier League,URA,Maroons,1-0,65,2-0,2,2,Vantaggio casa,3-0,1,SI,1,0,25
333,Uganda,Uganda Premier League,Bright Stars,Vipers SC,1-0,65,1-2,3,1,Vantaggio ospite,1-3,1,SI,0,1,25
334,Croatia,Croatia U19 League,Hrvatski Dragovoljac U19,Hajduk Split U19,0-1,62,0-3,3,3,Vantaggio ospite,1-4,2,SI,1,1,28
335,Ukraine,Ukraine Persha Liga,Chernomorets Odessa,FK Prykarpattya Ivano-Frankivsk,2-0,58,2-1,3,1,Vantaggio casa,3-2,2,SI,1,1,32
336,Finland,Finland Kolmonen,FC Peltirumpu,KyPa,0-3,56,0-5,5,5,Vantaggio ospite,1-5,1,SI,1,0,34
337,Sweden,Sweden 2.div Västra Götaland,Eslövs BK,Hittarps IK,2-1,54,3-1,4,2,Vantaggio casa,4-2,2,SI,1,1,36
338,Austria,Austria 2. Liga,SV Kapfenberg,SV Ried,0-2,61,1-2,3,1,Vantaggio ospite,2-3,2,SI,1,1,29
339,Germany,Germany Oberliga Rheinland-Pfalz/Saar,SV Gonsenheim,TSG Pfeddersheim,3-1,42,3-1,4,2,Vantaggio casa,4-2,2,SI,1,1,48
340,Germany,Germany Oberliga Hamburg,TuS Osdorf,Niendorfer TSV,0-1,56,1-1,2,0,Pareggio,1-2,1,SI,0,1,34
341,France,France Ligue 2,US Orleans 45,Niort,0-0,65,0-1,1,1,Vantaggio ospite,0-1,0,NO,0,0,25
342,Scotland,Scotland Championship,Inverness CT,Morton,1-0,63,2-0,2,2,Vantaggio casa,5-0,3,SI,3,0,27
343,Scotland,Scotland Championship,Dundee Utd,Dundee,4-1,53,5-1,6,4,Vantaggio casa,6-2,2,SI,1,1,37
344,Republic of Ireland,Republic of Ireland Premier Division,Cork City,Sligo Rovers,1-2,47,1-2,3,1,Vantaggio ospite,2-4,3,SI,1,2,43
345,Northern Ireland,Northern Ireland Championship,Ards,Portadown,2-0,63,2-2,4,0,Pareggio,2-4,2,SI,0,2,27
346,Northern Ireland,Northern Ireland Premier,Glenavon,Coleraine,0-1,58,0-2,2,2,Vantaggio ospite,0-4,2,SI,0,2,32
347,Paraguay,Paraguay Division Profesional,Sportivo Luqueno,Libertad Asuncion,0-2,61,1-2,3,1,Vantaggio ospite,1-5,3,SI,0,3,29
348,Chile,Chile Primera B,Barnechea,San Luis Quillota,2-1,53,2-2,4,0,Pareggio,3-2,1,SI,1,0,37
349,Australia,Australia Tasmania Championship,Nelson Eastern Suburbs,South East United FC,0-1,64,0-1,1,1,Vantaggio ospite,2-3,4,SI,2,2,26
350,Greece,Greece Super League U19,Larissa U19,Olympiakos U19,0-2,63,0-3,3,3,Vantaggio ospite,1-4,2,SI,1,1,27
351,Croatia,Croatia U19 League,NK Sesvete U19,NK Lokomotiva Zagreb U19,0-3,52,0-4,4,4,Vantaggio ospite,1-5,2,SI,1,1,38
352,Australia,Australia NPL Queensland,Lions FC,Sunshine Coast,4-0,48,4-0,4,4,Vantaggio casa,7-1,4,SI,3,1,42
353,Australia,Australia NPL Queensland,Brisbane Roar FC U21,Magpies Crusaders,0-0,58,0-1,1,1,Vantaggio ospite,1-1,1,SI,1,0,32
354,Russia,Russia U20 League,Spartak Moscow U20,Zenit St Petersburg U20,2-3,65,3-4,7,1,Vantaggio ospite,3-4,0,NO,0,0,25
355,Portugal,Portugal U23 League,Feirense U23,Cova de Piedade U23,0-1,56,1-1,2,0,Pareggio,1-1,0,NO,0,0,34
356,Japan,Japan J3-League,Cerezo Osaka U23,Roasso Kumamoto,0-0,65,0-1,1,1,Vantaggio ospite,0-1,0,NO,0,0,25
357,Japan,Japan J2-League,Kashiwa Reysol,Albirex Niigata,0-1,57,0-1,1,1,Vantaggio ospite,1-1,1,SI,1,0,33
358,Czech Republic,Czech Republic Youth League,Sparta Prague U19,Sigma Olomouc U19,1-2,59,1-2,3,1,Vantaggio ospite,1-2,0,NO,0,0,31
359,Germany,Germany U19 Cup,SSV Ulm U19,TSG Hoffenheim U19,0-0,60,0-1,1,1,Vantaggio ospite,4-2,5,SI,4,1,30
360,Hungary,Hungary U19 1st Division,MTK Budapest U19,Haladas U19,3-1,62,4-2,6,2,Vantaggio casa,4-4,2,SI,0,2,28
361,Germany,Germany Regionalliga Bayern,Augsburg II,Greuther Furth II,1-0,56,1-0,1,1,Vantaggio casa,2-2,3,SI,1,2,34
362,Belarus,Belarus Premier League,Slavia Mozyr,Dinamo Brest,1-2,63,2-3,5,1,Vantaggio ospite,2-4,1,SI,0,1,27
363,Germany,Germany Oberliga Hessen,Viktoria Griesheim,TSV Eintracht Stadtallendorf,0-2,65,0-2,2,2,Vantaggio ospite,0-4,2,SI,0,2,25
364,Botswana,Botswana Premier League,Prisons XI Gaborone,BR Highlanders,2-0,49,2-0,2,2,Vantaggio casa,2-1,1,SI,0,1,41
365,Sweden,Sweden 2.div Västra Götaland,IS Halmia,Ullareds IK,1-2,63,3-2,5,1,Vantaggio casa,5-2,2,SI,2,0,27
366,Northern Ireland,Northern Ireland Premier,Crusaders,Dungannon Swifts,2-0,65,3-0,3,3,Vantaggio casa,3-0,0,NO,0,0,25
367,Spain,Spain Segunda B Group 2,Arenas Club de Getxo,Tudelano,0-0,63,0-1,1,1,Vantaggio ospite,1-1,1,SI,1,0,27
368,Russia,Russia Division 1,Tekstilshchik Ivanovo,Fakel Voronezh,0-1,62,0-2,2,2,Vantaggio ospite,1-4,3,SI,1,2,28
369,Argentina,Argentina Primera C Metropolitana,Victoriano Arenas,Deportivo Espanol,0-2,62,0-2,2,2,Vantaggio ospite,1-4,3,SI,1,2,28
370,Sweden,Sweden 1.div Södra,IFK Varnamo,IK Oddevold,1-0,63,1-0,1,1,Vantaggio casa,1-0,0,NO,0,0,27
371,Czech Republic,Czech Republic 2. Liga,SK Lisen,Viktoria Zizkov,1-1,39,1-1,2,0,Pareggio,3-3,4,SI,2,2,51
372,Italy,Italy Serie B,Benevento,Cittadella,1-0,60,3-0,3,3,Vantaggio casa,4-1,2,SI,1,1,30
373,Portugal,Portugal U19 League,Vizela U19,Braga U19,1-1,65,1-1,2,0,Pareggio,1-2,1,SI,0,1,25
374,Germany,Germany Oberliga Hessen,FC Hanau 93,KSV Hessen Kassel,2-0,62,2-0,2,2,Vantaggio casa,2-2,2,SI,0,2,28
375,Israel,Israel Premier League,Maccabi Netanya,Sektzia Nes Tziona,2-0,64,3-0,3,3,Vantaggio casa,3-0,0,NO,0,0,26
376,England,England National League,Chorley,Boreham Wood,0-2,63,0-3,3,3,Vantaggio ospite,1-3,1,SI,1,0,27
377,Hungary,Hungary NB I,MOL Fehervar FC,Kisvarda FC,1-0,62,2-0,2,2,Vantaggio casa,3-0,1,SI,1,0,28
378,Mauritania,Mauritania Division 1,ASAC Concorde,ACS Ksar,2-1,51,2-1,3,1,Vantaggio casa,3-1,1,SI,1,0,39
379,Bolivia,Bolivia Nacional B,CD Torre Fuerte,Vaca Diez,0-1,54,0-1,1,1,Vantaggio ospite,0-1,0,NO,0,0,36
380,Venezuela,Venezuela Primera Division,Llaneros De Guanare,Carabobo,0-3,50,0-3,3,3,Vantaggio ospite,1-3,1,SI,1,0,40
381,Brazil,Brazil Serie B,Bragantino,Brasil de Pelotas,1-1,64,2-1,3,1,Vantaggio casa,2-1,0,NO,0,0,26
382,Brazil,Brazil U20 League,Ferroviario do Cabo U20,Ipojuca AC U20,1-0,64,2-0,2,2,Vantaggio casa,2-0,0,NO,0,0,26
383,Guatemala,Guatemala Primera Division,Deportivo Catocha,CSD Comunicaciones II,1-1,64,2-1,3,1,Vantaggio casa,2-1,0,NO,0,0,26
384,Mexico,Mexico Liga de Ascenso Apertura,Dorados,Universidad Guadalajara,0-1,62,0-2,2,2,Vantaggio ospite,2-3,3,SI,2,1,28
385,Australia,Australia New South Wales League 2,Bonnyrigg White Eagles,Northern Tigers,1-1,64,1-1,2,0,Pareggio,4-2,4,SI,3,1,26
386,Croatia,Croatia U19 League,Slaven Koprivnica U19,NK Varazdin U19,0-1,64,0-1,1,1,Vantaggio ospite,0-4,3,SI,0,3,26
387,Slovakia,Slovakia 2. Liga,MSK Zilina B,STK Samorin,1-0,56,1-1,2,0,Pareggio,3-1,2,SI,2,0,34
388,Croatia,Croatia 3.HNL,NK Trnje,NK Maksimir,1-3,62,3-3,6,0,Pareggio,4-3,1,SI,1,0,28
389,Lithuania,Lithuania 1 Lyga,FK Riteriai II,FK Vilnius,1-0,54,1-0,1,1,Vantaggio casa,2-0,1,SI,1,0,36
390,Japan,Japan J3-League,Gamba Osaka U23,Fukushima Utd,1-0,63,4-0,4,4,Vantaggio casa,6-0,2,SI,2,0,27
391,Sweden,Sweden Superettan,Jonkopings Sodra,Orgryte IS,2-2,56,2-2,4,0,Pareggio,5-2,3,SI,3,0,34
392,Germany,Germany Oberliga Westfalen,1.FC Kaan-Marienborn,Rot Weiss Ahlen,1-1,63,1-2,3,1,Vantaggio ospite,1-3,1,SI,0,1,27
393,Germany,Germany Oberliga Hessen,VfB Ginsheim,Baunatal,1-1,57,2-1,3,1,Vantaggio casa,6-2,5,SI,4,1,33
394,Italy,Italy Serie C Group B,Sudtirol,Carpi,0-1,62,1-2,3,1,Vantaggio ospite,2-3,2,SI,1,1,28
395,Botswana,Botswana Premier League,BDF XI,Miscellaneous,0-0,47,1-0,1,1,Vantaggio casa,1-0,0,NO,0,0,43
396,Russia,Russia Premier League,Arsenal Tula,CSKA Moscow,1-1,55,1-1,2,0,Pareggio,1-2,1,SI,0,1,35
397,Germany,Germany Oberliga Mittelrhein,FC Pesch 1956,Siegburger SV 04,2-0,54,2-0,2,2,Vantaggio casa,4-0,2,SI,2,0,36
398,Sweden,Sweden 1.div Södra,Ljungskile SK,Oskarshamns AIK,3-0,59,5-0,5,5,Vantaggio casa,9-0,4,SI,4,0,31
399,Italy,Italy Serie D,Nocerina,Grumentum Valdagri,0-1,64,1-1,2,0,Pareggio,3-1,2,SI,2,0,26
400,Switzerland,Switzerland Super League,Basel,Lugano,1-0,60,2-0,2,2,Vantaggio casa,2-1,1,SI,0,1,30
401,Argentina,Argentina Superliga,Colon,Rosario Central,1-1,63,1-1,2,0,Pareggio,1-1,0,NO,0,0,27
402,Czech Republic,Czech Republic First League,Opava,Slavia Prague,0-1,61,0-1,1,1,Vantaggio ospite,1-1,1,SI,1,0,29
403,Norway,Norway Division 1,Tromsdalen,Ham-Kam,0-1,60,1-2,3,1,Vantaggio ospite,2-5,4,SI,1,3,30
404,Austria,Austria Bundesliga,FK Austria Vienna,Rapid Vienna,1-1,55,1-2,3,1,Vantaggio ospite,1-3,1,SI,0,1,35
405,Portugal,Portugal Campeonato Nacional,SC Espinho,SC Vila Real,2-0,59,3-0,3,3,Vantaggio casa,5-0,2,SI,2,0,31
406,Turkey,Turkey Super Lig,Genclerbirligi,Istanbul Basaksehir,1-0,65,1-0,1,1,Vantaggio casa,1-2,2,SI,0,2,25
407,Mauritania,Mauritania Division 1,Nouakchott Kings,ASC Police,0-0,64,1-0,1,1,Vantaggio casa,1-1,1,SI,0,1,26
408,Guatemala,Guatemala Liga Nacional,Deportivo Sanarate FC,CSD Municipal,0-1,62,0-1,1,1,Vantaggio ospite,0-1,0,NO,0,0,28
409,Serbia,Serbia Super Liga,Mladost Lucani,Javor Ivanjica,1-1,65,2-1,3,1,Vantaggio casa,3-3,3,SI,1,2,25
410,Bosnia & Herzegovina,Bosnia & Herzegovina Premier Liga,Borac Banja Luka,NK Celik Zenica,2-1,61,2-1,3,1,Vantaggio casa,3-1,1,SI,1,0,29
411,Poland,Poland Ekstraklasa,Legia Warsaw,Rakow Czestochowa,2-0,63,3-0,3,3,Vantaggio casa,3-1,1,SI,0,1,27
412,Brazil,Brazil Campeonato Pernambucano A2,Ibis SC,Retro FC Brasil,0-2,61,0-2,2,2,Vantaggio ospite,0-2,0,NO,0,0,29
413,Slovenia,Slovenia Prva Liga,NK Domzale,NK Maribor,0-1,63,0-1,1,1,Vantaggio ospite,0-1,0,NO,0,0,27
414,Italy,Italy Serie A,Atalanta,Torino,1-1,65,2-2,4,0,Pareggio,2-3,1,SI,0,1,25
415,Turkey,Turkey Super Lig,Yeni Malatyaspor,Alanyaspor,0-3,62,2-3,5,1,Vantaggio ospite,2-3,0,NO,0,0,28
416,Mauritania,Mauritania Division 1,JAHE,ASC Medine,0-0,48,0-1,1,1,Vantaggio ospite,0-2,1,SI,0,1,42
417,Iceland,Iceland Premier League,Breidablik,Fylkir Reykjavik,3-0,58,4-0,4,4,Vantaggio casa,4-3,3,SI,0,3,32
418,Guatemala,Guatemala Primera Division,CD Sansare,Petapa,2-2,64,3-2,5,1,Vantaggio casa,3-2,0,NO,0,0,26
419,Chile,Chile Primera Division,Colo Colo,Cobresal,0-1,64,0-1,1,1,Vantaggio ospite,0-2,1,SI,0,1,26
420,Israel,Israel Premier League,Hapoel Ironi Kiryat Shmona,Hapoel Kfar Saba,0-2,63,1-2,3,1,Vantaggio ospite,1-3,1,SI,0,1,27
421,Sweden,Sweden Folksam U21,Osters IF U21,Jonkopings Sodra U21,2-0,56,2-0,2,2,Vantaggio casa,3-0,1,SI,1,0,34
422,Denmark,Denmark Cup,Herstedøster IC,HIK,1-3,57,1-5,6,4,Vantaggio ospite,4-7,5,SI,3,2,33
423,England,England National League South,St Albans,Wealdstone,1-1,62,1-2,3,1,Vantaggio ospite,2-3,2,SI,1,1,28
424,England,England National League North,AFC Telford,Gloucester City,1-2,55,1-2,3,1,Vantaggio ospite,4-3,4,SI,3,1,35
425,Australia,Australia Tasmania Championship,South East United FC,Beachside FC,1-4,58,1-6,7,5,Vantaggio ospite,1-9,3,SI,0,3,32
426,Ukraine,Ukraine Persha Liga,FK Minai,Balkany Zorya,2-0,56,2-0,2,2,Vantaggio casa,2-1,1,SI,0,1,34
427,Czech Republic,Czech Republic 3. Ligy,Hanacka Slavia Kromeriz,Frydek Mistek,3-0,52,3-0,3,3,Vantaggio casa,4-2,3,SI,1,2,38
428,Czech Republic,Czech Republic Cup,Hostoun,Vysocina Jihlava,1-4,55,1-5,6,4,Vantaggio ospite,1-6,1,SI,0,1,35
429,Venezuela,Venezuela Cup,Llaneros De Guanare,CD Lara,1-1,61,1-1,2,0,Pareggio,1-1,0,NO,0,0,29
430,Nazionali U20,U20 International,Germany U20,Czech Rep U20,1-0,60,1-0,1,1,Vantaggio casa,4-2,5,SI,3,2,30
431,Sweden,Sweden 3.div Nordvästra Götaland,Kållered SK,Landvetter IS,1-2,63,1-2,3,1,Vantaggio ospite,1-2,0,NO,0,0,27
432,Australia,Australia Friendlies,Dandenong Thunder,Melbourne Victory,1-2,64,1-2,3,1,Vantaggio ospite,1-6,4,SI,0,4,26
433,Russia,Russia Division 2,FK Leningradets,Torpedo Vladimir,0-1,55,0-2,2,2,Vantaggio ospite,2-4,4,SI,2,2,35
434,Czech Republic,Czech Republic 3. Ligy,Kraluv Dvur,SK Rakovnik,1-0,58,1-0,1,1,Vantaggio casa,3-1,3,SI,2,1,32
435,Denmark,Denmark Series Group 3,Kolding B,Varde IF,2-2,48,2-2,4,0,Pareggio,3-5,4,SI,1,3,42
436,Europa (amichevoli),Europe Friendlies,ASK Mannersdorf,FK Austria Vienna,0-3,45,0-3,3,3,Vantaggio ospite,0-8,5,SI,0,5,45
437,Europa (nazionali),European U21 Championship Qual,Azerbaijan U21,Slovakia U21,1-0,56,1-0,1,1,Vantaggio casa,2-1,2,SI,1,1,34
438,Europa (amichevoli),Europe Friendlies,Vasas SC,Ujpest,3-2,51,3-2,5,1,Vantaggio casa,4-3,2,SI,1,1,39
439,Germany,Germany Oberliga Baden-Wuerttemberg,FC Nottingen,FSV 08 Bissingen,1-0,60,1-1,2,0,Pareggio,2-2,2,SI,1,1,30
440,Europa (nazionali),Euro 2020 Qualifying,Slovakia,Croatia,0-1,55,0-2,2,2,Vantaggio ospite,0-4,2,SI,0,2,35
441,USA,USA College Championship,Michigan State,Washington,1-0,35,1-1,2,0,Pareggio,1-1,0,NO,0,0,55
442,Australia,Australia Tasmania Premier League,Kingborough Lions,Glenorchy Knights FC,2-1,59,2-1,3,1,Vantaggio casa,3-2,2,SI,1,1,31
443,Australia,Australia Tasmania Championship,New Town Eagles,Hobart United,1-2,51,1-2,3,1,Vantaggio ospite,2-4,3,SI,1,2,39
444,Australia,Australia Victoria Premier League 2,Werribee City,Ballarat City FC,0-2,46,0-2,2,2,Vantaggio ospite,2-2,2,SI,2,0,44
445,South Africa,South Africa Diski Challenge,Polokwane City Reserves,Cape Town City FC Reserves,1-2,46,1-2,3,1,Vantaggio ospite,2-3,2,SI,1,1,44
446,Kenya,Kenya Super League,Kibera Black Stars,Modern Coast Rangers FC,1-1,52,1-1,2,0,Pareggio,1-1,0,NO,0,0,38
447,Hungary,Hungary U19 1st Division,Gyor Eto FC U19,Budapest Honved U19,2-0,64,3-0,3,3,Vantaggio casa,4-0,1,SI,1,0,26
448,Japan,Japan J2-League,Yokohama FC,Ventforet Kofu,1-1,55,2-1,3,1,Vantaggio casa,3-2,2,SI,1,1,35
449,Japan,Japan J3-League,Gainare Tottori,Blaublitz Akita,0-4,65,0-4,4,4,Vantaggio ospite,1-4,1,SI,1,0,25
450,Kenya,Kenya Super League,Administration Police FC,St Josephs Youth,1-1,60,1-1,2,0,Pareggio,1-1,0,NO,0,0,30
451,Sweden,Sweden Damallsvenskan,Eskilstuna Utd Women,Kopparbergs/Göteborg Women,0-1,61,1-1,2,0,Pareggio,2-1,1,SI,1,0,29
452,Denmark,Denmark 2. Division Group 1,Frem,Brønshøj,1-0,63,1-0,1,1,Vantaggio casa,3-2,4,SI,2,2,27
453,Germany,Germany Regionalliga West,Sportfreunde Lotte,Rot-Weiss Oberhausen,0-0,64,0-1,1,1,Vantaggio ospite,0-2,1,SI,0,1,26
454,Slovakia,Slovakia 2. Liga,Tatran Liptovsky Mikulas,KFC Komarno,4-1,52,4-1,5,3,Vantaggio casa,4-1,0,NO,0,0,38
455,Sweden,Sweden 2.div Västra Götaland,Onsala BK,IFK Malmö FK,1-1,59,2-1,3,1,Vantaggio casa,3-1,1,SI,1,0,31
456,Czech Republic,Czech Republic 3. Ligy,Slovan Rosice,SK Unicov,2-0,63,3-1,4,2,Vantaggio casa,3-1,0,NO,0,0,27
457,Germany,Germany Regionalliga North,SSV Jeddeloh,Holstein Kiel II,3-1,62,3-1,4,2,Vantaggio casa,4-2,2,SI,1,1,28
458,England,England FA Cup Qualification,Nantwich Town,Grantham,1-1,63,2-1,3,1,Vantaggio casa,3-1,1,SI,1,0,27
459,England,England National League North,Spennymoor Town,Kings Lynn Town,1-0,65,2-1,3,1,Vantaggio casa,2-2,1,SI,0,1,25
460,England,England National League,Halifax,Yeovil,0-1,47,0-1,1,1,Vantaggio ospite,0-2,1,SI,0,1,43
461,Norway,Norway Division 3 Group 3,Viking 2,Vindbjart,3-2,51,3-2,5,1,Vantaggio casa,5-2,2,SI,2,0,39
462,France,France National 2,St Pryve St Hilaire,Blois Foot 41,1-0,65,1-0,1,1,Vantaggio casa,2-1,2,SI,1,1,25
463,Russia,Russia Division 1,FC Chayka,Rotor Volgograd,2-0,63,2-1,3,1,Vantaggio casa,2-1,0,NO,0,0,27
464,Spain,Spain Segunda B Group 1,Marino de Luanco,Getafe B,1-1,63,2-2,4,0,Pareggio,2-3,1,SI,0,1,27
465,Austria,Austria Landesliga,SV Lafnitz II,Weinland Gamlitz,1-1,63,1-1,2,0,Pareggio,1-2,1,SI,0,1,27
466,Algeria,Algeria Division 2,MC El Eulma,JSM Skikda,1-1,53,1-1,2,0,Pareggio,1-1,0,NO,0,0,37
467,Brazil,Brazil Paulista Serie B,Maua FC,Itapirense,1-1,64,2-3,5,1,Vantaggio ospite,3-3,1,SI,1,0,26
468,Belgium,Belgium First Division B,OH Leuven,Roeselare,3-0,58,3-0,3,3,Vantaggio casa,4-0,1,SI,1,0,32
469,Netherlands,Holland Eerste Divisie,Go Ahead Eagles,Excelsior,1-0,55,1-1,2,0,Pareggio,2-2,2,SI,1,1,35
470,Bolivia,Bolivia Nacional B,Deportivo FATIC,Virgen de Chijipata,2-0,57,2-0,2,2,Vantaggio casa,5-0,3,SI,3,0,33
471,USA,USA USL Championship,Hartford Athletic,Loudoun United FC,5-1,55,5-1,6,4,Vantaggio casa,5-1,0,NO,0,0,35
472,Argentina,Argentina Cup,Lanus,Argentinos Jrs,2-1,65,3-1,4,2,Vantaggio casa,4-1,1,SI,1,0,25
473,Hong Kong,Hong Kong 1st Division,Central & Western,Hoi King,1-0,64,1-1,2,0,Pareggio,1-1,0,NO,0,0,26
474,South Africa,South Africa Diski Challenge,Stellenbosch FC Reserves,Baroka FC Reserves,0-2,51,1-2,3,1,Vantaggio ospite,1-3,1,SI,0,1,39
475,Australia,Australia NPL Queensland,Gold Coast Knights,Peninsula Power,2-0,54,2-0,2,2,Vantaggio casa,2-1,1,SI,0,1,36
476,Norway,Norway Division 3 Group 2,Vålerenga 2,Mjondalen 2,0-0,58,1-0,1,1,Vantaggio casa,2-0,1,SI,1,0,32
477,Germany,Germany Oberliga Hessen,Bad Vilbel,FC Eddersheim,1-2,57,1-3,4,2,Vantaggio ospite,1-4,1,SI,0,1,33
478,Sweden,Sweden Damallsvenskan,FC Rosengard Women,Djurgardens Women,2-0,52,2-0,2,2,Vantaggio casa,3-1,2,SI,1,1,38
479,Poland,Poland III Liga,Radunia Stezyca,Baltyk Gdynia,0-0,54,1-0,1,1,Vantaggio casa,1-0,0,NO,0,0,36
480,Brazil,Brazil Paulista Serie B,Flamengo SP,Rio Branco SP,1-0,64,3-0,3,3,Vantaggio casa,3-1,1,SI,0,1,26
481,Iceland,Iceland 2 Deild,Kari,Leiknir Faskrudsfjordur,0-1,65,0-1,1,1,Vantaggio ospite,0-2,1,SI,0,1,25
482,Poland,Poland III Liga,KS Polonia Sroda Wlkp,Sokol Kleczew,2-0,63,2-1,3,1,Vantaggio casa,2-3,2,SI,0,2,27
483,Argentina,Argentina Primera B Metropolitana,CA San Telmo,Fenix,2-1,48,2-1,3,1,Vantaggio casa,4-2,3,SI,2,1,42
484,Spain,Spain Segunda B Group 1,Coruxo,Racing Ferrol,2-0,65,2-0,2,2,Vantaggio casa,2-0,0,NO,0,0,25
485,Guatemala,Guatemala Primera Division,Suchitepequez,Chimaltenango FC,2-1,60,2-1,3,1,Vantaggio casa,4-2,3,SI,2,1,30
486,Bolivia,Bolivia Nacional B,Stormer's Sporting Club,Real Tomayapo,1-1,51,1-1,2,0,Pareggio,1-4,3,SI,0,3,39
487,Venezuela,Venezuela Primera Division,Llaneros De Guanare,Portuguesa FC,1-0,61,1-0,1,1,Vantaggio casa,1-0,0,NO,0,0,29
488,El Salvador,El Salvador Apertura,Municipal Limeno,Independiente San Vicente,1-0,53,1-1,2,0,Pareggio,2-3,3,SI,1,2,37
489,Colombia,Colombia Primera A,Independiente Medellin,Atletico Nacional Medellin,0-3,65,0-3,3,3,Vantaggio ospite,1-4,2,SI,1,1,25
490,Europa (amichevoli),Europe Friendlies,FC West Armenia,Sevan FC,0-2,59,1-2,3,1,Vantaggio ospite,3-4,4,SI,2,2,31
491,Finland,Finland Division 1,KTP,FF Jaro,0-1,56,0-1,1,1,Vantaggio ospite,3-1,3,SI,3,0,34
492,Europa (nazionali),Euro 2020 Qualifying,Azerbaijan,Croatia,0-1,60,0-1,1,1,Vantaggio ospite,1-1,1,SI,1,0,30
493,Sweden,Sweden 1.div Södra,IK Oddevold,Utsiktens BK,1-1,65,1-1,2,0,Pareggio,1-1,0,NO,0,0,25
494,Jamaica,Jamaica Premier League,Harbour View FC,Cavalier,0-0,64,1-0,1,1,Vantaggio casa,3-0,2,SI,2,0,26
495,Australia,Australia Western Australia U20 League,Perth SC U20,Cockburn City U20,1-0,59,2-0,2,2,Vantaggio casa,3-1,2,SI,1,1,31
496,Slovakia,Slovakia Cup,TJ Velke Lovce,FC Nitra,0-5,56,0-5,5,5,Vantaggio ospite,0-7,2,SI,0,2,34
497,Estonia,Estonia U19 League,FC Flora Tallinn U19,FCI Tallinn U19,0-1,65,1-2,3,1,Vantaggio ospite,2-2,1,SI,1,0,25
498,Denmark,Denmark Cup,Varde IF,Thisted FC,1-1,60,1-1,2,0,Pareggio,3-4,5,SI,2,3,30
499,Europa (nazionali),European U21 Championship Qual,Liechtenstein U21,Switzerland U21,0-1,61,0-2,2,2,Vantaggio ospite,0-5,3,SI,0,3,29
500,Europa (nazionali),European U21 Championship Qual,Sweden U21,Rep Of Ireland U21,1-0,48,1-0,1,1,Vantaggio casa,1-3,3,SI,0,3,42
501,Austria,Austria Amateur Cup,SVH Waldbach,FC Gleisdorf 09,1-1,61,1-1,2,0,Pareggio,2-3,3,SI,1,2,29
502,Republic of Ireland,Republic of Ireland Munster Senior League,Blarney United,Ballinhassig,2-1,51,2-1,3,1,Vantaggio casa,3-2,2,SI,1,1,39
503,Europa (nazionali),Euro 2020 Qualifying,Lithuania,Portugal,1-1,61,1-1,2,0,Pareggio,1-5,4,SI,0,4,29
504,Brazil,Brazil Serie B,CRB,Brasil de Pelotas,2-0,61,2-0,2,2,Vantaggio casa,3-1,2,SI,1,1,29
506,Italy,Italy Serie D,US Adriese,Este,0-0,64,1-0,1,1,Vantaggio casa,1-0,0,NO,0,0,26
507,Slovenia,Slovenia Cup,NK Nafta 1903,NK Krsko,1-0,58,1-0,1,1,Vantaggio casa,2-0,1,SI,1,0,32
508,Germany,Germany Regionalliga North East,Babelsberg 03,Wacker Nordhausen,0-1,57,2-1,3,1,Vantaggio casa,2-2,1,SI,0,1,33
509,Germany,Germany Regionalliga North East,Halberstadt,BSG Chemie Leipzig,3-0,41,3-0,3,3,Vantaggio casa,3-3,3,SI,0,3,49
510,Germany,Germany Landespokal,Delbrucker SC,Sportfreunde Lotte,0-1,54,0-1,1,1,Vantaggio ospite,0-4,3,SI,0,3,36
511,Northern Ireland,Northern Ireland Reserve League,Glenavon Reserves,Carrick Rangers Reserves,2-2,57,2-2,4,0,Pareggio,2-3,1,SI,0,1,33
512,Estonia,Estonia Esiliiga,Parnu JK Vaprus,Levadia Tallinn II,1-3,60,1-4,5,3,Vantaggio ospite,1-6,2,SI,0,2,30
513,Paraguay,Paraguay Cup,Ovetense FC,Deportivo Capiata,0-0,54,0-1,1,1,Vantaggio ospite,0-1,0,NO,0,0,36
514,Ukraine,Ukraine Reserve League,Shakhtar Donetsk Reserves,Zorya Reserves,1-0,62,2-0,2,2,Vantaggio casa,3-0,1,SI,1,0,28
515,Israel,Israel Liga Bet South,Shimshon Tel Aviv,Hapoel Mahane Yehuda,0-1,56,0-1,1,1,Vantaggio ospite,0-1,0,NO,0,0,34
516,China,China Super League,Shandong Luneng,Shanghai SIPG,3-1,64,3-1,4,2,Vantaggio casa,3-1,0,NO,0,0,26
517,Azerbaijan,Azerbaijan Division 1,Sabail FC II,Sabah FK II,2-0,65,3-1,4,2,Vantaggio casa,3-1,0,NO,0,0,25
518,Israel,Israel Liga Bet South,SC Bnei Yaffo Ortodoxim,Beitar Petah Tikva,2-2,65,2-2,4,0,Pareggio,2-2,0,NO,0,0,25
519,North Macedonia,Macedonia First League,Akademija Pandev,FK Renova,1-0,62,1-0,1,1,Vantaggio casa,2-0,1,SI,1,0,28
520,Romania,Romania Liga III,FC Ozana Targu Neamt,CSM Ceahlaul Piatra Neamt,1-2,64,1-2,3,1,Vantaggio ospite,1-2,0,NO,0,0,26
521,Austria,Austria 2. Liga,SKU Amstetten,Vorwarts Steyr,1-0,46,1-0,1,1,Vantaggio casa,2-1,2,SI,1,1,44
522,Austria,Austria Regionalliga Mitte,SC Weiz,SV Ried II,4-0,60,4-0,4,4,Vantaggio casa,5-0,1,SI,1,0,30
523,Austria,Austria Regionalliga Mitte,SV Allerheiligen,SK Sturm Graz II,1-0,55,1-0,1,1,Vantaggio casa,1-1,1,SI,0,1,35
524,Sweden,Sweden 2.div Norra Svealand,IFK Lidingo,Täby FK,1-1,59,2-2,4,0,Pareggio,2-4,2,SI,0,2,31
526,Germany,Germany Oberliga Hamburg,FC Süderelbe,Hamburger SV III,3-3,63,3-3,6,0,Pareggio,4-3,1,SI,1,0,27
527,Netherlands,Holland Eerste Divisie,De Graafschap,Ajax Reserves,0-2,64,2-2,4,0,Pareggio,3-2,1,SI,1,0,26
528,Netherlands,Holland Eerste Divisie,PSV Reserves,AZ Reserves,0-2,48,0-2,2,2,Vantaggio ospite,3-2,3,SI,3,0,42
529,Argentina,Argentina Primera B Metropolitana,Tristan Suarez,CA Colegiales,1-1,54,1-1,2,0,Pareggio,3-1,2,SI,2,0,36
530,Brazil,Brazil U20 Cup,Aparecidense U20,Trindade U20,0-0,61,2-0,2,2,Vantaggio casa,2-0,0,NO,0,0,29
531,Ecuador,Ecuador Campeonato Nacional,Deportivo Cuenca,Olmedo,2-0,61,2-0,2,2,Vantaggio casa,2-1,1,SI,0,1,29
532,Hong Kong,Hong Kong Premier League,R&F,Eastern Long Lions,0-1,61,0-1,1,1,Vantaggio ospite,0-4,3,SI,0,3,29
533,Mongolia,Mongolia Premier League,Khangarid Klub,Erchim,3-1,53,3-1,4,2,Vantaggio casa,3-5,4,SI,0,4,37
534,Greece,Greece Super League U19,Xanthi U19,Asteras Tripolis U19,2-1,61,3-2,5,1,Vantaggio casa,4-2,1,SI,1,0,29
535,Romania,Romania Liga II,Dunarea Calarasi,Universitatea Cluj,2-1,61,2-2,4,0,Pareggio,3-2,1,SI,1,0,29
536,Slovakia,Slovakia Youth League,AS Trencin U19,MSK Zilina U19,0-0,62,1-1,2,0,Pareggio,2-1,1,SI,1,0,28
537,Germany,Germany Bundesliga U19,FC Viktoria Köln U19,Borussia Dortmund U19,0-0,64,0-1,1,1,Vantaggio ospite,0-2,1,SI,0,1,26
538,Australia,Australia South Australia Premier League,Campbelltown City,Adelaide Comets,2-0,65,3-0,3,3,Vantaggio casa,3-0,0,NO,0,0,25
539,Germany,Germany Bundesliga U19,Eintracht Frankfurt U19,Karlsruher U19,1-0,62,2-0,2,2,Vantaggio casa,3-0,1,SI,1,0,28
540,Kazakhstan,Kazakhstan Division 1,FK Kyran,Zhetysu II,1-0,53,1-0,1,1,Vantaggio casa,1-1,1,SI,0,1,37
541,Denmark,Denmark 2. Division Group 1,FA 2000,Hillerød,3-1,62,3-1,4,2,Vantaggio casa,3-1,0,NO,0,0,28
542,Germany,Germany Regionalliga South West,Pirmasens,Elversberg,0-3,59,0-3,3,3,Vantaggio ospite,1-3,1,SI,1,0,31
543,Germany,Germany 3.Liga,SG Sonnenhof Grossaspach,Bayern Munich II,0-2,57,0-2,2,2,Vantaggio ospite,2-2,2,SI,2,0,33
544,Germany,Germany 3.Liga,Waldhof Mannheim,Wurzburger Kickers,1-1,48,1-1,2,0,Pareggio,1-2,1,SI,0,1,42
545,Germany,Germany 3.Liga,1860 Munich,Carl Zeiss Jena,2-0,51,2-0,2,2,Vantaggio casa,3-1,2,SI,1,1,39
546,Sweden,Sweden 1.div Södra,Utsiktens BK,FC Trollhattan,2-0,58,2-0,2,2,Vantaggio casa,4-0,2,SI,2,0,32
547,Portugal,Portugal U23 League,CD Aves U23,Leixoes U23,1-0,53,1-0,1,1,Vantaggio casa,3-1,3,SI,2,1,37
548,Uzbekistan,Uzbekistan PFL,AGMK,Dinamo Samarqand,1-0,65,1-0,1,1,Vantaggio casa,3-1,3,SI,2,1,25
549,Northern Ireland,Northern Ireland Premier,Warrenpoint Town,Carrick Rangers,0-2,64,0-3,3,3,Vantaggio ospite,0-3,0,NO,0,0,26
550,Ukraine,Ukraine Vyscha Liga,Shakhtar Donetsk,Zorya,1-2,64,3-2,5,1,Vantaggio casa,4-3,2,SI,1,1,26
551,England,England National League,Chesterfield,Torquay,1-0,63,1-0,1,1,Vantaggio casa,1-0,0,NO,0,0,27
552,Italy,Italy Campionato Primavera 1,Sampdoria U19,Atalanta U19,1-3,55,1-3,4,2,Vantaggio ospite,2-3,1,SI,1,0,35
553,Austria,Austria Bundesliga,FC Salzburg,Hartberg,2-1,51,3-1,4,2,Vantaggio casa,7-2,5,SI,4,1,39
554,Hungary,Hungary NB I,Puskas Academy,Kaposvari Rakoczi,0-0,64,2-0,2,2,Vantaggio casa,2-0,0,NO,0,0,26
555,Switzerland,Switzerland Cup,FC Freienbach,Young Boys,0-5,54,0-6,6,6,Vantaggio ospite,2-11,7,SI,2,5,36
556,Poland,Poland Ekstraklasa,Lechia Gdansk,Lech Poznan,2-1,63,2-1,3,1,Vantaggio casa,2-1,0,NO,0,0,27
557,France,France National 2,Vitre,Saint Malo,0-1,64,0-1,1,1,Vantaggio ospite,0-2,1,SI,0,1,26
558,Azerbaijan,Azerbaijan Premier League,Sabah,FK Qabala,0-0,65,0-1,1,1,Vantaggio ospite,0-1,0,NO,0,0,25
559,Germany,Germany Bundesliga I,RB Leipzig,Bayern Munich,1-1,62,1-1,2,0,Pareggio,1-1,0,NO,0,0,28
560,USA,USA MLS,New York City FC,San Jose Earthquakes,2-1,61,2-1,3,1,Vantaggio casa,2-1,0,NO,0,0,29
561,Poland,Poland II Liga,Gornik Polkowice,MKP Pogon Siedlce,1-1,60,1-1,2,0,Pareggio,1-1,0,NO,0,0,30
562,Poland,Poland I Liga,Termalica BB Nieciecza,Warta Poznan,0-0,60,1-0,1,1,Vantaggio casa,1-1,1,SI,0,1,30
563,Serbia,Serbia Super Liga,FK Vozdovac,FK Cukaricki,0-1,53,0-1,1,1,Vantaggio ospite,2-2,3,SI,2,1,37
564,Brazil,Brazil Campeonato Carioca B,Duque de Caxias FC,Goncalense FC,1-0,65,1-0,1,1,Vantaggio casa,2-0,1,SI,1,0,25
565,Dominican Republic,Dominican Republic Liga,Atletico Vega Real,Cibao FC,0-1,54,0-1,1,1,Vantaggio ospite,1-2,2,SI,1,1,36
566,Peru,Peru Primera Division,UTC Cajamarca,Alianza Lima,1-1,64,1-1,2,0,Pareggio,1-1,0,NO,0,0,26
567,Brazil,Brazil Serie A,Chapecoense,Vasco da Gama,0-1,52,0-1,1,1,Vantaggio ospite,1-2,2,SI,1,1,38
568,Paraguay,Paraguay Division Profesional,Sol de America,Guarani Asuncion,0-1,65,0-1,1,1,Vantaggio ospite,0-1,0,NO,0,0,25
569,USA,USA USL Championship,Hartford Athletic,Louisville City FC,0-0,63,0-1,1,1,Vantaggio ospite,0-1,0,NO,0,0,27
570,USA,USA MLS,Orlando City SC,New England Revolution,1-3,64,3-3,6,0,Pareggio,3-3,0,NO,0,0,26
571,Hong Kong,Hong Kong 1st Division,Citizen AA,Hong Kong Sapling,2-1,58,3-1,4,2,Vantaggio casa,3-2,1,SI,0,1,32
572,Hong Kong,Hong Kong 1st Division,Eastern District,Hoi King,0-0,49,1-0,1,1,Vantaggio casa,2-0,1,SI,1,0,41
573,Czech Republic,Czech Republic 3. Ligy,Banik Ostrava B,Velke Mezirici,3-1,65,3-2,5,1,Vantaggio casa,4-2,1,SI,1,0,25
574,Czech Republic,Czech Republic 3. Ligy,FC Fastav Zlín II,Dolni Benesov,3-0,50,3-1,4,2,Vantaggio casa,6-3,5,SI,3,2,40
575,Croatia,Croatia 3.HNL,Gaj Mace,NK Vinogradar,0-0,65,1-2,3,1,Vantaggio ospite,1-2,0,NO,0,0,25
576,Germany,Germany Bundesliga U19,Kickers Offenbach U19,Augsburg U19,1-1,52,1-1,2,0,Pareggio,2-2,2,SI,1,1,38
577,Portugal,Portugal U19 League,Feirense U19,FC Porto U19,1-1,58,1-1,2,0,Pareggio,1-1,0,NO,0,0,32
578,Russia,Russia Division 2,FK Lada Tolyatti,FK Tyumen,1-0,62,1-1,2,0,Pareggio,1-1,0,NO,0,0,28
579,Italy,Italy Serie A,Brescia,Bologna,3-1,62,3-3,6,0,Pareggio,3-4,1,SI,0,1,28
580,Italy,Italy Serie C Group B,Sudtirol,Reggio Audace FC,0-1,55,0-2,2,2,Vantaggio ospite,0-3,1,SI,0,1,35
581,Germany,Germany Oberliga Hessen,VfB Ginsheim,KSV Hessen Kassel,2-1,54,2-1,3,1,Vantaggio casa,3-1,1,SI,1,0,36
582,Switzerland,Switzerland Cup,Aarau,FC Sion,1-1,65,1-1,2,0,Pareggio,1-2,1,SI,0,1,25
583,Italy,Italy Campionato Primavera 1,Fiorentina U19,Bologna U19,2-1,63,4-2,6,2,Vantaggio casa,6-3,3,SI,2,1,27
584,Poland,Poland II Liga,Gryf Wejherowo,Olimpia Elblag,1-1,51,1-2,3,1,Vantaggio ospite,1-4,2,SI,0,2,39
585,Venezuela,Venezuela Primera Division,Caracas,Monagas,0-0,65,1-0,1,1,Vantaggio casa,1-0,0,NO,0,0,25
586,Italy,Italy Serie C Group C,Bisceglie 1913,Potenza,0-2,61,0-3,3,3,Vantaggio ospite,0-3,0,NO,0,0,29
587,Saudi Arabia,Saudi Arabia Premier League,Al Hazm,Al Ittifaq Dammam,0-3,61,0-4,4,4,Vantaggio ospite,0-6,2,SI,0,2,29
588,Hungary,Hungary NB II,Szeged 2011,Csakvari Tk,3-0,58,3-1,4,2,Vantaggio casa,5-3,4,SI,2,2,32
589,Germany,Germany Bundesliga I,Paderborn,Schalke,1-1,59,1-2,3,1,Vantaggio ospite,1-5,3,SI,0,3,31
590,Denmark,Denmark Superligaen,Brondby,FC Nordsjaelland,2-0,64,3-2,5,1,Vantaggio casa,4-2,1,SI,1,0,26
591,Spain,Spain Segunda,Real Zaragoza,Extremadura,1-0,54,1-0,1,1,Vantaggio casa,3-1,3,SI,2,1,36
592,Spain,Spain Segunda B Group 4,Real Murcia,San Fernando CD,0-1,64,0-2,2,2,Vantaggio ospite,1-2,1,SI,1,0,26
593,Brazil,Brazil Campeonato Paulista U20,Santos U20,CA Juventus U20,2-0,56,2-1,3,1,Vantaggio casa,3-2,2,SI,1,1,34
594,Guatemala,Guatemala Liga Nacional,Deportivo Iztapa,Deportivo Mixco,1-0,56,1-1,2,0,Pareggio,2-1,1,SI,1,0,34
596,Canada,Canada Premier League,York 9 FC,Valour FC,1-2,58,1-3,4,2,Vantaggio ospite,2-4,2,SI,1,1,32
597,Argentina,Argentina Reserve League,Boca Juniors Reserves,Estudiantes LP Reserves,0-1,62,0-2,2,2,Vantaggio ospite,1-2,1,SI,1,0,28
598,Guatemala,Guatemala Primera Division,CSD Comunicaciones II,CD Achuapa,1-1,64,1-1,2,0,Pareggio,2-3,3,SI,1,2,26
599,Venezuela,Venezuela Primera Division,Deportivo Tachira,Carabobo,1-1,48,1-1,2,0,Pareggio,2-2,2,SI,1,1,42
600,Paraguay,Paraguay Division Profesional,Olimpia Asuncion,Sportivo San Lorenzo,2-1,58,3-1,4,2,Vantaggio casa,4-1,1,SI,1,0,32
601,USA,USA College Championship,Seattle,Washington,0-0,27,1-0,1,1,Vantaggio casa,1-1,1,SI,0,1,63
602,USA,USA MLS,LA Galaxy,Sporting Kansas City,1-1,57,3-1,4,2,Vantaggio casa,7-2,5,SI,4,1,33
603,Czech Republic,Czech Republic 3. Ligy,Mladá Boleslav B,FK Teplice B,2-2,56,2-2,4,0,Pareggio,2-2,0,NO,0,0,34
604,Armenia,Armenia First League,Ararat Yerevan II,FC West Armenia,1-1,53,1-1,2,0,Pareggio,4-5,7,SI,3,4,37
605,Norway,Norway Division 3 Group 5,Kolstad,Rosenborg 2,1-1,54,1-1,2,0,Pareggio,1-4,3,SI,0,3,36
606,Norway,Norway Division 3 Group 4,Brann 2,Sogndal 2,0-1,62,0-1,1,1,Vantaggio ospite,1-1,1,SI,1,0,28
607,Poland,Poland Ekstraklasa,Cracovia Krakow,Piast Gliwice,1-0,52,2-0,2,2,Vantaggio casa,2-0,0,NO,0,0,38
608,Netherlands,Holland Reserve League,Heerenveen Reserves,Cambuur Leeuwarden Reserves,4-1,59,4-2,6,2,Vantaggio casa,7-3,4,SI,3,1,31
609,Germany,Germany 3.Liga,Unterhaching,Chemnitzer,1-0,61,2-1,3,1,Vantaggio casa,2-1,0,NO,0,0,29
610,Netherlands,Holland Eerste Divisie,FC Utrecht Reserves,FC Den Bosch,3-0,45,3-0,3,3,Vantaggio casa,5-1,3,SI,2,1,45
611,Romania,Romania Liga I,Viitorul Constanta,Gaz Metan Medias,1-0,51,1-0,1,1,Vantaggio casa,4-1,4,SI,3,1,39
612,Brazil,Brazil Campeonato Paulista U20,AD Guarulhos U20,Maua FC U20,2-0,60,3-0,3,3,Vantaggio casa,4-0,1,SI,1,0,30
613,Argentina,Argentina Primera C Metropolitana,Victoriano Arenas,Sportivo Italiano,2-0,64,2-0,2,2,Vantaggio casa,2-1,1,SI,0,1,26
614,Argentina,Argentina Primera B Metropolitana,UAI Urquiza,Los Andes,0-1,59,0-1,1,1,Vantaggio ospite,1-2,2,SI,1,1,31
615,Iceland,Iceland Premier League,Breidablik,Stjarnan,0-1,44,0-1,1,1,Vantaggio ospite,1-1,1,SI,1,0,46
616,Brazil,Brazil Serie B,Operario PR,Ponte Preta,0-0,52,1-1,2,0,Pareggio,2-1,1,SI,1,0,38
617,Ecuador,Ecuador Campeonato Nacional,El Nacional,Tecnico Universitario,1-1,60,1-2,3,1,Vantaggio ospite,1-2,0,NO,0,0,30
618,Czech Republic,Czech Republic Youth League,FK Pribram U19,Sparta Prague U19,0-2,62,0-2,2,2,Vantaggio ospite,2-3,3,SI,2,1,28
619,Taiwan,Taiwan Premier League,Hang Yuen,Tainan City,1-0,64,2-0,2,2,Vantaggio casa,5-4,7,SI,3,4,26
620,Norway,Norway Division 3 Group 2,Ullern,Vålerenga 2,0-1,58,0-2,2,2,Vantaggio ospite,0-2,0,NO,0,0,32
621,England,England Northern League Challenge Cup,Cleethorpes Town,Grantham,0-2,65,1-3,4,2,Vantaggio ospite,1-4,1,SI,0,1,25
622,Argentina,Argentina Nacional B,Chacarita Juniors,San Martin de Tucuman,1-1,55,1-1,2,0,Pareggio,2-2,2,SI,1,1,35
623,Australia,Australia FFA Cup,Brisbane Strikers,Moreland Zebras,2-0,50,2-0,2,2,Vantaggio casa,3-2,3,SI,1,2,40
624,Japan,Japan Cup,Sagan Tosu,Cerezo Osaka,1-0,63,2-1,3,1,Vantaggio casa,4-2,3,SI,2,1,27
625,UEFA,UEFA Youth League,Atletico Madrid U19,Juventus U19,0-2,56,0-2,2,2,Vantaggio ospite,0-4,2,SI,0,2,34
626,Hong Kong,Hong Kong Reserve Division,Yuen Long Reserves,Eastern Long Lions Reserves,3-2,51,3-2,5,1,Vantaggio casa,4-3,2,SI,1,1,39
627,Kenya,Kenya Super League,FC Talanta,Coast Stima,2-0,63,2-0,2,2,Vantaggio casa,3-0,1,SI,1,0,27
628,Norway,Norway Division 1,Tromsdalen,Sandnes Ulf,0-1,64,1-2,3,1,Vantaggio ospite,1-4,2,SI,0,2,26
629,Iceland,Iceland Premier League,FH Hafnarfjordur,IBV Vestmannaeyjar,4-1,55,5-1,6,4,Vantaggio casa,6-4,4,SI,1,3,35
630,Poland,Poland I Liga,Olimpia Grudziadz,Termalica BB Nieciecza,1-0,40,1-0,1,1,Vantaggio casa,1-0,0,NO,0,0,50
631,Germany,Germany Landespokal,SC Hardt,1. FC Bocholt,1-1,65,1-3,4,2,Vantaggio ospite,2-3,1,SI,1,0,25
632,Germany,Germany Landespokal,TuS Marienborn,FC Speyer,2-1,61,3-2,5,1,Vantaggio casa,3-2,0,NO,0,0,29
633,Brazil,Brazil U20 Cup,Canedense U20,Abadia U20,1-0,46,1-0,1,1,Vantaggio casa,1-0,0,NO,0,0,44
634,Honduras,Honduras Liga Nacional,Motagua,Honduras Progreso,2-0,54,2-0,2,2,Vantaggio casa,2-1,1,SI,0,1,36
635,Russia,Russia U20 League,FC Ufa U20,Spartak Moscow U20,1-1,64,1-1,2,0,Pareggio,1-2,1,SI,0,1,26
636,UEFA,UEFA Europa League,Ludogorets Razgrad,CSKA Moscow,0-1,65,3-1,4,2,Vantaggio casa,5-1,2,SI,2,0,25
637,Argentina,Argentina Reserve League,Atletico Tucuman Reserves,CA Independiente Reserves,0-0,61,0-1,1,1,Vantaggio ospite,0-1,0,NO,0,0,29
638,Qatar,Qatar Stars League,Al-Sadd SC,Umm Salal,2-1,51,2-1,3,1,Vantaggio casa,2-1,0,NO,0,0,39
639,Romania,Romania Liga III,FC Voluntari II,AFC Astra II,0-4,57,0-4,4,4,Vantaggio ospite,0-4,0,NO,0,0,33
640,Czech Republic,Czech Republic 3. Ligy,Kraluv Dvur,FK Loko Vltavin,2-0,54,2-0,2,2,Vantaggio casa,2-0,0,NO,0,0,36
641,Germany,Germany Oberliga NOFV Sud,Eilenburg,Grimma,1-0,61,1-2,3,1,Vantaggio ospite,2-4,3,SI,1,2,29
642,Germany,Germany Regionalliga West,Rot-Weiss Essen,Bonner SC,1-1,52,2-1,3,1,Vantaggio casa,4-1,2,SI,2,0,38
643,Netherlands,Holland Eerste Divisie,De Graafschap,FC Eindhoven,2-0,64,3-0,3,3,Vantaggio casa,4-0,1,SI,1,0,26
644,Guatemala,Guatemala Primera Division,Petapa,CD Achuapa,1-1,57,1-2,3,1,Vantaggio ospite,1-2,0,NO,0,0,33
645,USA,USA USL Championship,Portland Timbers II,Tacoma Defiance,4-1,55,5-2,7,3,Vantaggio casa,6-3,2,SI,1,1,35
646,Australia,Australia NPL Finals,Maitland FC,Devonport City,2-1,62,2-1,3,1,Vantaggio casa,3-2,2,SI,1,1,28
647,Czech Republic,Czech Republic 3. Ligy,FK Jablonec B,Mladá Boleslav B,2-1,59,2-1,3,1,Vantaggio casa,3-1,1,SI,1,0,31
648,Malaysia,Malaysia Liga M3,Armed Forces FC,DDM FC,2-0,58,2-0,2,2,Vantaggio casa,3-1,2,SI,1,1,32
649,Italy,Italy Campionato Primavera 2,Salernitana U19,Livorno U19,1-2,65,1-2,3,1,Vantaggio ospite,1-2,0,NO,0,0,25
650,Russia,Russia Division 2,FK Olimp Khimki,Zenit St Petersburg II,0-1,51,0-2,2,2,Vantaggio ospite,2-5,5,SI,2,3,39
651,Zambia,Zambia Super League,Nkwazi,Zanaco FC,2-0,65,3-1,4,2,Vantaggio casa,3-2,1,SI,0,1,25
652,Iran,Iran Div 1,Navad Urmia,Qashqai Shiraz,1-0,65,1-0,1,1,Vantaggio casa,1-0,0,NO,0,0,25
653,Croatia,Croatia 2.HNL,HNK Cibalia,Hajduk Split II,0-1,62,0-3,3,3,Vantaggio ospite,0-4,1,SI,0,1,28
654,Hungary,Hungary Cup,Putnok,Paksi Se,0-4,57,0-4,4,4,Vantaggio ospite,0-5,1,SI,0,1,33
655,Hungary,Hungary Cup,Dunaharaszti MTK,Budapest Honved,0-5,53,0-5,5,5,Vantaggio ospite,1-7,3,SI,1,2,37
656,Hungary,Hungary Cup,Heviz FC,Mezokovesd Zsory,0-6,63,0-6,6,6,Vantaggio ospite,0-6,0,NO,0,0,27
657,Russia,Russia Division 1,Spartak Moscow II,Neftekhimik Nizhnekamsk,0-3,64,0-3,3,3,Vantaggio ospite,0-3,0,NO,0,0,26
658,Italy,Italy Serie B,Cremonese,Crotone,2-1,64,2-1,3,1,Vantaggio casa,2-1,0,NO,0,0,26
659,Italy,Italy Serie B,Juve Stabia,Ascoli,0-0,64,1-2,3,1,Vantaggio ospite,1-5,3,SI,0,3,26
660,England,England FA Cup Qualification,Biggleswade Town,Ware,1-1,65,1-2,3,1,Vantaggio ospite,1-2,0,NO,0,0,25
661,Portugal,Portugal Segunda Liga,Chaves,Sporting Covilha,1-1,62,1-2,3,1,Vantaggio ospite,2-3,2,SI,1,1,28
662,Saudi Arabia,Saudi Arabia Premier League,Al Ittifaq Dammam,Al Faisaly Harmah,0-0,57,0-1,1,1,Vantaggio ospite,0-1,0,NO,0,0,33
663,Switzerland,Switzerland Challenge League,Aarau,FC Schaffhausen,2-1,65,3-1,4,2,Vantaggio casa,3-1,0,NO,0,0,25
664,Saudi Arabia,Saudi Arabia Premier League,Al Ittihad Jeddah,Al Hilal Riyadh,1-2,62,1-2,3,1,Vantaggio ospite,1-3,1,SI,0,1,28
665,Poland,Poland Ekstraklasa,Slask Wroclaw,Zaglebie Lubin,2-2,58,2-2,4,0,Pareggio,4-4,4,SI,2,2,32
666,Brazil,Brazil U20 League,Sport Recife U20,Sao Paulo U20,1-1,51,1-1,2,0,Pareggio,2-2,2,SI,1,1,39
667,Algeria,Algeria Division 2,WA Tlemcen,ASM Oran,2-0,58,2-0,2,2,Vantaggio casa,2-0,0,NO,0,0,32
668,Peru,Peru Primera Division,Unión Comercio,Academia Deportiva Cantolao,1-1,54,2-1,3,1,Vantaggio casa,5-2,4,SI,3,1,36
669,Republic of Ireland,Republic of Ireland First Division,Shelbourne,Limerick,2-0,64,5-0,5,5,Vantaggio casa,7-0,2,SI,2,0,26
670,Netherlands,Holland Eredivisie,Vitesse,Fortuna Sittard,0-1,63,1-2,3,1,Vantaggio ospite,4-2,3,SI,3,0,27
671,Italy,Italy Serie A,AC Milan,Inter Milan,0-0,59,0-1,1,1,Vantaggio ospite,0-2,1,SI,0,1,31
672,Bolivia,Bolivia Clausura,Always Ready,The Strongest,0-2,65,1-2,3,1,Vantaggio ospite,2-2,1,SI,1,0,25
673,Bolivia,Bolivia Nacional B,Stormer's Sporting Club,Wilstermann Cooperativa,2-1,62,3-1,4,2,Vantaggio casa,3-1,0,NO,0,0,28
674,Mexico,Mexico Segunda Division,Aguacateros CDU,Deportivo Dongu,0-0,55,1-0,1,1,Vantaggio casa,2-0,1,SI,1,0,35
675,Mexico,Mexico Segunda Division,Ciervos FC,Calor de San Pedro,2-1,61,2-1,3,1,Vantaggio casa,2-2,1,SI,0,1,29
676,Panama,Panama LPF,Plaza Amador,Costa Del Este,0-0,58,1-0,1,1,Vantaggio casa,1-1,1,SI,0,1,32
677,Uruguay,Uruguay Clausura,Defensor Sporting,Rampla Juniors,1-0,63,1-0,1,1,Vantaggio casa,1-0,0,NO,0,0,27
678,Guatemala,Guatemala Primera Division,Sacachispas,Aurora,0-0,61,1-0,1,1,Vantaggio casa,1-0,0,NO,0,0,29
679,Japan,Japan J2-League,Kashiwa Reysol,Ehime FC,0-1,59,0-1,1,1,Vantaggio ospite,2-1,2,SI,2,0,31
680,Hong Kong,Hong Kong 1st Division,Resources Capital FC,Hong Kong Sapling,3-1,62,3-1,4,2,Vantaggio casa,3-2,1,SI,0,1,28
681,Greece,Greece Super League U19,Volos Nps U19,OFI Crete U19,0-1,61,0-1,1,1,Vantaggio ospite,1-2,2,SI,1,1,29
682,Czech Republic,Czech Republic 3. Ligy,Slovan Liberec B,FK Prepere,1-2,53,1-2,3,1,Vantaggio ospite,1-4,2,SI,0,2,37
683,Czech Republic,Czech Republic 3. Ligy,FK Pribram B,FC Pisek,2-1,61,2-1,3,1,Vantaggio casa,2-2,1,SI,0,1,29
684,Vietnam,Vietnam V-League 2,Dong Thap,Phu Dong FC,2-1,63,2-1,3,1,Vantaggio casa,2-2,1,SI,0,1,27
685,China,China Super League,Tianjin Tianhai,Beijing Guoan,0-2,64,0-2,2,2,Vantaggio ospite,0-3,1,SI,0,1,26
686,Scotland,Scotland Premiership,St Johnstone,Rangers,0-0,65,0-2,2,2,Vantaggio ospite,0-4,2,SI,0,2,25
687,Germany,Germany 3.Liga,Bayern Munchen II,FC Ingolstadt,1-1,65,2-1,3,1,Vantaggio casa,2-1,0,NO,0,0,25
688,Kazakhstan,Kazakhstan Premier League,Ordabasy Shymkent,FK Aktobe,2-0,62,2-0,2,2,Vantaggio casa,4-1,3,SI,2,1,28
689,Slovenia,Slovenia Prva Liga,NK Rudar Velenje,NK Domzale,0-3,60,0-3,3,3,Vantaggio ospite,2-3,2,SI,2,0,30
690,Norway,Norway Division 1,Ham-Kam,IK Start,2-0,62,3-0,3,3,Vantaggio casa,4-0,1,SI,1,0,28
691,Germany,Germany Oberliga Schleswig-Holstein,Eckernförder SV,TSB Flensburg,1-2,65,2-2,4,0,Pareggio,2-3,1,SI,0,1,25
692,Italy,Italy Serie C Group B,Virtus Verona,Triestina,3-1,47,3-1,4,2,Vantaggio casa,3-2,1,SI,0,1,43
693,Czech Republic,Czech Republic First League,Mlada Boleslav,Banik Ostrava,1-0,63,2-0,2,2,Vantaggio casa,2-0,0,NO,0,0,27
694,Germany,Germany Oberliga Mittelrhein,Fortuna Cologne II,Siegburger SV 04,0-1,64,0-1,1,1,Vantaggio ospite,1-2,2,SI,1,1,26
695,Germany,Germany Regionalliga North,Altona 93,Wolfsburg II,0-1,55,1-1,2,0,Pareggio,4-1,3,SI,3,0,35
696,Ukraine,Ukraine Vyscha Liga,Vorskla Poltava,Dynamo Kiev,0-3,61,0-4,4,4,Vantaggio ospite,0-5,1,SI,0,1,29
697,Romania,Romania Liga I,FC Botosani,Chindia Targoviste,0-2,62,0-2,2,2,Vantaggio ospite,0-3,1,SI,0,1,28
698,Finland,Finland Kakkonen Group A,MiPK,Kiffen,1-0,56,2-0,2,2,Vantaggio casa,4-1,3,SI,2,1,34
699,Slovakia,Slovakia Super Liga,AS Trencin,Slovan Bratislava,1-2,60,2-3,5,1,Vantaggio ospite,2-4,1,SI,0,1,30
700,Spain,Spain Segunda,Numancia,Elche,1-1,46,1-1,2,0,Pareggio,1-1,0,NO,0,0,44
701,Spain,Spain Segunda B Group 2,Real Sociedad B,Leioa,1-2,65,3-3,6,0,Pareggio,4-3,1,SI,1,0,25
702,Ecuador,Ecuador Campeonato Nacional,LDU Quito,Mushuc Runa,1-0,65,1-0,1,1,Vantaggio casa,4-0,3,SI,3,0,25
703,Argentina,Argentina Reserve League,Racing Club Reserves,Arsenal de Sarandi Reserves,3-0,51,3-0,3,3,Vantaggio casa,3-0,0,NO,0,0,39
704,Brazil,Brazil Copa Gaucho,CE Aimore,Internacional B,3-1,60,3-1,4,2,Vantaggio casa,4-1,1,SI,1,0,30
705,Uruguay,Uruguay Clausura,Atletico Fenix Montevideo,Montevideo Wanderers,3-1,39,3-1,4,2,Vantaggio casa,3-3,2,SI,0,2,51
706,Bolivia,Bolivia Clausura,Real Potosi,Nacional Potosi,0-2,57,0-3,3,3,Vantaggio ospite,1-4,2,SI,1,1,33
707,Brazil,Brazil Serie A,CSA,Ceara,0-0,65,1-0,1,1,Vantaggio casa,1-0,0,NO,0,0,25
708,Mexico,Mexico Liga MX Femenil,Queretaro Women,Club America Women,0-3,45,0-3,3,3,Vantaggio ospite,0-5,2,SI,0,2,45
709,Japan,Japan J2-League,FC Ryukyu,Montedio Yamagata,1-0,57,1-1,2,0,Pareggio,3-3,4,SI,2,2,33
710,Kenya,Kenya Super League,Nairobi Stima,Fortune Sacco,2-0,62,2-0,2,2,Vantaggio casa,2-0,0,NO,0,0,28
711,Algeria,Algeria Division 1,NA Hussein Dey,ES Setif,3-0,62,3-3,6,0,Pareggio,4-3,1,SI,1,0,28
712,Cyprus,Cyprus Division 1,Enosis Paralimni,Apoel Nicosia,0-1,62,0-1,1,1,Vantaggio ospite,2-3,4,SI,2,2,28
713,Netherlands,Holland Reserve League,Excelsior Reserves,Willem II Reserves,0-1,54,0-1,1,1,Vantaggio ospite,0-2,1,SI,0,1,36
714,Romania,Romania Liga I,Viitorul Constanta,CSM Politehnica Iasi,0-1,47,0-1,1,1,Vantaggio ospite,2-1,2,SI,2,0,43
715,Belgium,Belgium Reserve League,KV Mechelen Reserves,Sint Truidense Reserves,3-0,65,5-0,5,5,Vantaggio casa,6-1,2,SI,1,1,25
716,Argentina,Argentina Primera B Metropolitana,Villa San Carlos,Argentino Quilmes,1-0,59,1-0,1,1,Vantaggio casa,2-0,1,SI,1,0,31
717,Northern Ireland,Northern Ireland Premier,Carrick Rangers,Linfield,0-1,62,0-1,1,1,Vantaggio ospite,0-3,2,SI,0,2,28
718,Ecuador,Ecuador Campeonato Nacional,Universidad Catolica del Ecuador,Deportivo Cuenca,1-0,65,2-0,2,2,Vantaggio casa,2-0,0,NO,0,0,25
719,Hong Kong,Hong Kong Sapling Cup,HK Rangers FC,Eastern Long Lions,1-1,56,1-1,2,0,Pareggio,1-1,0,NO,0,0,34
720,Croatia,Croatia Cup,Karlovac,Dinamo Zagreb,0-4,45,0-4,4,4,Vantaggio ospite,0-7,3,SI,0,3,45
721,Croatia,Croatia Cup,NK Vuteks Sloga,NK Osijek,0-2,53,0-4,4,4,Vantaggio ospite,0-8,4,SI,0,4,37
722,Romania,Romania Cup,ACS Flacara Horezu,Astra Giurgiu,0-1,57,0-1,1,1,Vantaggio ospite,0-2,1,SI,0,1,33
723,Poland,Poland Cup,Gryf Wejherowo,Lechia Gdansk,2-0,50,2-0,2,2,Vantaggio casa,2-3,3,SI,0,3,40
724,Lithuania,Lithuania A Lyga,FK Panevezys,Suduva Marijampole,1-3,49,2-3,5,1,Vantaggio ospite,2-7,4,SI,0,4,41
725,Israel,Israel Cup,Ironi Nesher,Maccabi Umm al-Fahm,1-0,62,1-1,2,0,Pareggio,2-1,1,SI,1,0,28
726,Estonia,Estonia Meistriliiga,JK Tallinna Kalev,JK Nomme Kalju,1-0,44,1-0,1,1,Vantaggio casa,2-3,4,SI,1,3,46
727,Austria,Austria Cup,Grazer AK,FC Wacker Innsbruck,0-2,61,0-2,2,2,Vantaggio ospite,1-2,1,SI,1,0,29
728,Portugal,Portugal U23 League,Vitoria Setubal U23,Benfica U23,1-1,58,1-1,2,0,Pareggio,1-1,0,NO,0,0,32
729,Germany,Germany Regionalliga West,Bonner SC,Sportfreunde Lotte,0-0,61,2-0,2,2,Vantaggio casa,4-1,3,SI,2,1,29
730,England,England FA Cup Qualification,Worthing,St Albans,0-3,65,0-3,3,3,Vantaggio ospite,1-3,1,SI,1,0,25
731,England,England Northern Premier League,Stalybridge Celtic,Grantham,1-1,62,2-1,3,1,Vantaggio casa,3-2,2,SI,1,1,28
732,Italy,Italy Serie A,Brescia,Juventus,1-1,65,1-2,3,1,Vantaggio ospite,1-2,0,NO,0,0,25
733,Brazil,Brazil Serie B,Figueirense,Bragantino,0-2,63,0-3,3,3,Vantaggio ospite,0-3,0,NO,0,0,27
734,Italy,Italy Primavera Cup,Juve Stabia U19,Lecce U19,0-0,59,1-1,2,0,Pareggio,1-1,0,NO,0,0,31
735,Singapore,Singapore Cup,Albirex Niigata Singapore,Hougang United FC,1-1,62,1-1,2,0,Pareggio,1-2,1,SI,0,1,28
736,Thailand,Thailand Division 2,Customs United,Air Force Utd,1-1,51,1-1,2,0,Pareggio,1-2,1,SI,0,1,39
737,Czech Republic,Czech Republic Cup,Slovan Liberec,SK Prostejov,2-0,59,3-0,3,3,Vantaggio casa,3-1,1,SI,0,1,31
738,Denmark,Denmark Cup,Marienlyst,Esbjerg,1-1,64,1-3,4,2,Vantaggio ospite,2-5,3,SI,1,2,26
739,Italy,Italy Serie C Group C,Paganese,Rende,1-1,52,2-1,3,1,Vantaggio casa,5-1,3,SI,3,0,38
740,Poland,Poland Cup,MKP Pogon Siedlce,Podbeskidzie Bielsko Biala,1-0,55,1-0,1,1,Vantaggio casa,1-0,0,NO,0,0,35
741,Belarus,Belarus Premier League,Dinamo Brest,BATE Borisov,0-0,50,1-0,1,1,Vantaggio casa,1-1,1,SI,0,1,40
742,Slovenia,Slovenia Prva Liga,NK Maribor,NK Rudar Velenje,3-0,53,4-0,4,4,Vantaggio casa,5-0,1,SI,1,0,37
743,Brazil,Brazil U20 League,Flamengo RJ U20,Vasco Da Gama U20,0-1,64,0-1,1,1,Vantaggio ospite,0-2,1,SI,0,1,26
744,USA,USA MLS,Minnesota United,Sporting Kansas City,0-1,55,0-1,1,1,Vantaggio ospite,2-1,2,SI,2,0,35
745,Burundi,Burundi Premier League,Lydia Ludic Burundi,Olympic Star,2-0,47,2-0,2,2,Vantaggio casa,2-0,0,NO,0,0,43
746,Romania,Romania Cup,FC Ripensia Timisoara,ACS Sepsi,1-3,65,1-3,4,2,Vantaggio ospite,1-4,1,SI,0,1,25
747,Brazil,Brazilian Matches,Caucaia U19,Guarany de Sobral U19,2-1,65,3-1,4,2,Vantaggio casa,3-1,0,NO,0,0,25
748,Brazil,Brazil Serie A,Palmeiras,CSA,4-0,60,4-1,5,3,Vantaggio casa,6-2,3,SI,2,1,30
749,Portugal,Portugal U23 League,Estoril U23,Vitoria Setubal U23,3-0,60,3-1,4,2,Vantaggio casa,3-2,1,SI,0,1,30
750,Belarus,Belarus Premier League,FC Minsk,Energetik-BGU Minsk,1-2,59,1-3,4,2,Vantaggio ospite,1-6,3,SI,0,3,31
751,Estonia,Estonia Esiliiga,Levadia Tallinn II,JK Tammeka Tartu II,3-0,61,4-0,4,4,Vantaggio casa,7-1,4,SI,3,1,29
752,Slovakia,Slovakia 3. Liga,MSK Senec,SK Bahon,2-2,65,2-2,4,0,Pareggio,2-3,1,SI,0,1,25
753,Germany,Germany Regionalliga Bayern,Augsburg II,SV Heimstetten,1-1,63,1-2,3,1,Vantaggio ospite,2-3,2,SI,1,1,27
754,Germany,Germany Regionalliga South West,TSV Steinbach,FC 08 Homburg,0-1,47,0-1,1,1,Vantaggio ospite,1-2,2,SI,1,1,43
755,Germany,Germany Regionalliga Bayern,TSV 1860 Rosenheim,VfR Garching,1-1,62,1-1,2,0,Pareggio,2-1,1,SI,1,0,28
756,Austria,Austria 2. Liga,SV Horn,Austria Lustenau,0-2,55,0-3,3,3,Vantaggio ospite,2-4,3,SI,2,1,35
757,Romania,Romania Liga I,Dinamo Bucharest,FC Voluntari,0-0,60,1-0,1,1,Vantaggio casa,2-1,2,SI,1,1,30
758,Brazil,Brazil U20 League,Marilia AC U20,Brasilis FC U20,0-1,59,0-1,1,1,Vantaggio ospite,1-1,1,SI,1,0,31
759,Republic of Ireland,Republic of Ireland Munster Senior Cup,St Marys AFC,Bandon AFC,2-0,59,2-1,3,1,Vantaggio casa,2-3,2,SI,0,2,31
760,Spain,Spain Primera Liga,Villarreal,Real Betis,1-0,63,1-1,2,0,Pareggio,5-1,4,SI,4,0,27
761,Italy,Italy Serie B,Pescara,Crotone,0-1,45,0-1,1,1,Vantaggio ospite,0-3,2,SI,0,2,45
762,Peru,Peru Primera Division,Real Garcilaso,Sport Boys,1-0,64,2-0,2,2,Vantaggio casa,4-0,2,SI,2,0,26
763,Mongolia,Mongolia Premier League,Khaan Khuns,Deren FC,0-3,48,0-3,3,3,Vantaggio ospite,0-5,2,SI,0,2,42
764,Japan,Japan J3-League,Fujieda MYFC,Gamba Osaka U23,2-1,61,2-1,3,1,Vantaggio casa,2-1,0,NO,0,0,29
765,China,China Division 2,Beijing Institute,Qingdao Red Lions,0-0,63,1-0,1,1,Vantaggio casa,2-0,1,SI,1,0,27
766,Algeria,Algeria Youth League,USM Annaba U21,OM Arzew U21,1-1,56,2-1,3,1,Vantaggio casa,2-1,0,NO,0,0,34
767,South Africa,South Africa Diski Challenge,Highlands Park Reserves,Chippa United Reserves,0-1,47,0-1,1,1,Vantaggio ospite,1-1,1,SI,1,0,43
768,Germany,Germany Bundesliga U19,FC Ingolstadt U19,TSG Hoffenheim U19,0-3,62,0-3,3,3,Vantaggio ospite,0-3,0,NO,0,0,28
769,Kazakhstan,Kazakhstan Premier League,Irtysh Pavlodar,Shakhter Karagandy,0-2,62,0-2,2,2,Vantaggio ospite,4-2,4,SI,4,0,28
770,Estonia,Estonia Meistriliiga,JK Tallinna Kalev,FC Levadia Tallinn,0-1,65,0-1,1,1,Vantaggio ospite,0-1,0,NO,0,0,25
771,Estonia,Estonia Esiliiga B,Vandra JK Vaprus,Paide Linnameeskond II,0-1,62,2-1,3,1,Vantaggio casa,2-1,0,NO,0,0,28
772,Russia,Russia Division 2,FK Kaluga,FC Ararat Moscow,0-1,64,0-1,1,1,Vantaggio ospite,1-2,2,SI,1,1,26
773,Sweden,Sweden 2.div Västra Götaland,Vinbergs IF,IS Halmia,1-0,61,2-0,2,2,Vantaggio casa,2-0,0,NO,0,0,29
774,Georgia,Georgia Erovnuli Liga,FC Saburtalo Tbilisi,Lokomotiv Tbilisi,2-0,64,4-0,4,4,Vantaggio casa,4-0,0,NO,0,0,26
775,Austria,Austria 2. Liga,FC Wacker Innsbruck,SV Lafnitz,0-1,64,0-1,1,1,Vantaggio ospite,0-3,2,SI,0,2,26
776,Azerbaijan,Azerbaijan Premier League,FK Qabala,Neftchi Baku,0-0,65,0-1,1,1,Vantaggio ospite,0-3,2,SI,0,2,25
777,Burundi,Burundi Premier League,Athletico Olympic,Musongati FC,1-1,55,1-1,2,0,Pareggio,1-2,1,SI,0,1,35
778,South Africa,South Africa Premier,Orlando Pirates,Cape Town City,2-2,50,2-2,4,0,Pareggio,3-3,2,SI,1,1,40
779,Norway,Norway Division 1,IK Start,Sandnes Ulf,0-1,64,2-1,3,1,Vantaggio casa,3-2,2,SI,1,1,26
780,Iceland,Iceland Premier League,Valur Reykjavik,HK Kopavogur,2-0,51,2-0,2,2,Vantaggio casa,2-0,0,NO,0,0,39
781,Algeria,Algeria Youth League,USM Bel Abbes U21,JS Kabylie U21,0-1,51,0-1,1,1,Vantaggio ospite,0-2,1,SI,0,1,39
782,Hungary,Hungary NB I,Zalaegerszegi TE,Paksi Se,2-1,60,2-1,3,1,Vantaggio casa,3-1,1,SI,1,0,30
783,Hungary,Hungary NB I,Debreceni VSC,Puskas Academy,0-2,61,0-2,2,2,Vantaggio ospite,1-2,1,SI,1,0,29
784,Austria,Austria Bundesliga,St Polten,LASK Linz,0-2,60,0-3,3,3,Vantaggio ospite,0-3,0,NO,0,0,30
785,Spain,Spain Segunda B Group 1,Real Madrid B,Rayo Majadahonda,3-0,51,3-1,4,2,Vantaggio casa,3-1,0,NO,0,0,39
786,Switzerland,Switzerland Challenge League,Stade Lausanne-Ouchy,Kriens,2-1,58,2-1,3,1,Vantaggio casa,2-1,0,NO,0,0,32
787,Malta,Malta Premier League,Sirens,Santa Lucia FC,1-1,64,2-1,3,1,Vantaggio casa,3-1,1,SI,1,0,26
788,South Africa,South Africa Premier,Kaizer Chiefs,Baroka FC,1-0,60,1-0,1,1,Vantaggio casa,1-0,0,NO,0,0,30
789,Mexico,Mexico Segunda Division,Dorados de Sinaloa II,Aguacateros CDU,1-1,64,1-1,2,0,Pareggio,1-1,0,NO,0,0,26
790,Switzerland,Switzerland Super League,Young Boys,FC Sion,2-1,65,3-2,5,1,Vantaggio casa,3-2,0,NO,0,0,25
791,Bolivia,Bolivia Nacional B,Virgen de Chijipata,EM Huanuni,0-1,48,0-1,1,1,Vantaggio ospite,1-4,4,SI,1,3,42
792,Saudi Arabia,Saudi Arabia Premier League,Al Raed,Al Feiha,1-0,52,1-0,1,1,Vantaggio casa,2-0,1,SI,1,0,38
793,Brazil,Brazil Campeonato Carioca B,Bonsucesso FC,America RJ,0-2,60,0-2,2,2,Vantaggio ospite,1-2,1,SI,1,0,30
794,Bolivia,Bolivia Nacional B,Arauco Prado FC,Deportivo FATIC,0-3,48,0-3,3,3,Vantaggio ospite,0-6,3,SI,0,3,42
795,Peru,Peru Primera Division,UTC Cajamarca,Sporting Cristal,0-0,65,0-1,1,1,Vantaggio ospite,1-1,1,SI,1,0,25
796,Brazil,Brazil Serie B,CRB,Sao Bento,0-0,58,1-0,1,1,Vantaggio casa,1-1,1,SI,0,1,32
797,Mongolia,Mongolia Premier League,Khangarid Klub,Anduud City FC,3-0,52,3-0,3,3,Vantaggio casa,6-1,4,SI,3,1,38
798,Hong Kong,Hong Kong 1st Division,North District,Central & Western,1-0,64,1-0,1,1,Vantaggio casa,2-2,3,SI,1,2,26
799,Romania,Romania Liga III,FC Hunedoara,FC U Craiova 1948,0-1,65,1-3,4,2,Vantaggio ospite,2-4,2,SI,1,1,25
800,Czech Republic,Czech Republic 3. Ligy,Sparta Prague B,FK MAS Taborsko,0-1,45,0-1,1,1,Vantaggio ospite,0-1,0,NO,0,0,45
801,Austria,Austria 2. Liga,Austria Klagenfurt,Vorwarts Steyr,1-0,57,1-0,1,1,Vantaggio casa,1-1,1,SI,0,1,33
802,Thailand,Thailand Division 2,Samut Sakhon,Udon Thani FC,2-0,63,2-1,3,1,Vantaggio casa,3-2,2,SI,1,1,27
803,Germany,Germany Bundesliga U19,Kickers Offenbach U19,Mainz U19,1-0,62,1-0,1,1,Vantaggio casa,1-1,1,SI,0,1,28
804,Burundi,Burundi Premier League,Rukinzo FC,Bujumbura City,1-0,65,1-0,1,1,Vantaggio casa,3-2,4,SI,2,2,25
805,Iran,Iran Cup,Qashqai Shiraz,Sanat Naft Abadan,1-1,57,1-1,2,0,Pareggio,1-2,1,SI,0,1,33
806,Germany,Germany Oberliga NOFV Sud,FSV Martinroda,Plauen,0-0,65,1-2,3,1,Vantaggio ospite,2-3,2,SI,1,1,25
807,Russia,Russia Division 1,Shinnik Yaroslavl,Spartak Moscow II,2-2,62,2-2,4,0,Pareggio,3-2,1,SI,1,0,28
808,Netherlands,Holland Eredivisie,PEC Zwolle,PSV,0-1,58,0-1,1,1,Vantaggio ospite,0-4,3,SI,0,3,32
809,Sweden,Sweden Superettan,Halmstad,Varbergs BoIS FC,2-0,64,3-1,4,2,Vantaggio casa,3-2,1,SI,0,1,26
810,Turkey,Turkey Super Lig,Ankaragucu,Genclerbirligi,0-0,61,1-0,1,1,Vantaggio casa,2-1,2,SI,1,1,29
811,Norway,Norway Division 2 Group 2,Elverum,Fram,1-1,58,1-2,3,1,Vantaggio ospite,1-2,0,NO,0,0,32
812,Croatia,Croatia 2.HNL,Dinamo Zagreb II,HNK Cibalia,1-0,56,1-0,1,1,Vantaggio casa,2-0,1,SI,1,0,34
813,Argentina,Argentina Superliga,Banfield,San Lorenzo,0-1,60,0-1,1,1,Vantaggio ospite,0-1,0,NO,0,0,30
814,Hungary,Hungary NB II,Csakvari Tk,Gyor Eto FC,3-1,55,3-2,5,1,Vantaggio casa,3-2,0,NO,0,0,35
815,Slovenia,Slovenia Prva Liga,NK Rudar Velenje,NK Triglav Kranj,1-0,55,1-0,1,1,Vantaggio casa,1-1,1,SI,0,1,35
816,CAF,CAF Confederations Cup,Enugu Rangers Intl FC,AS Pelican,1-1,64,3-1,4,2,Vantaggio casa,3-1,0,NO,0,0,26
817,Austria,Austria Bundesliga,Rapid Vienna,Hartberg,1-1,57,1-2,3,1,Vantaggio ospite,3-3,3,SI,2,1,33
818,Poland,Poland I Liga,Chojniczanka Chojnice,GKS Jastrzebie,1-1,49,1-1,2,0,Pareggio,3-1,2,SI,2,0,41
819,Serbia,Serbia Super Liga,FK Vozdovac,FK Indija,1-0,64,3-1,4,2,Vantaggio casa,4-1,1,SI,1,0,26
820,Chile,Chile Primera Division,Audax Italiano,Colo Colo,1-2,49,1-3,4,2,Vantaggio ospite,2-4,2,SI,1,1,41
821,Bolivia,Bolivia Nacional B,Wilstermann Cooperativa,Independiente Petrolero,0-3,49,0-3,3,3,Vantaggio ospite,0-4,1,SI,0,1,41
822,Paraguay,Paraguay Division Profesional,Libertad Asuncion,Sportivo San Lorenzo,2-0,59,2-0,2,2,Vantaggio casa,3-0,1,SI,1,0,31
823,India,India Shillong Premier League,Nangkiew Irat,Ryntih SC,1-0,48,1-0,1,1,Vantaggio casa,2-1,2,SI,1,1,42
824,Denmark,Denmark Reserve League,Brondby Reserves,FC Nordsjaelland Reserves,4-1,64,5-1,6,4,Vantaggio casa,7-1,2,SI,2,0,26
825,Serbia,Serbia Prva Liga,FK Zlatibor,Smederevo,1-0,57,2-1,3,1,Vantaggio casa,2-1,0,NO,0,0,33
826,Poland,Poland Ekstraklasa,Zaglebie Lubin,LKS Lodz,2-0,49,2-0,2,2,Vantaggio casa,3-1,2,SI,1,1,41
827,Russia,Russia Premier League,PFC Sochi,FC Akhmat Grozny,1-0,65,1-0,1,1,Vantaggio casa,2-0,1,SI,1,0,25
828,Netherlands,Holland Reserve League,Vitesse Reserves,PEC Zwolle Reserves,0-2,55,0-2,2,2,Vantaggio ospite,0-2,0,NO,0,0,35
829,Norway,Norway Division 3 Group 6,Lillestrøm 2,Honefoss,1-0,51,2-0,2,2,Vantaggio casa,6-1,5,SI,4,1,39
830,Germany,Germany Regionalliga West,Borussia Dortmund II,Rot-Weiss Oberhausen,1-0,62,1-0,1,1,Vantaggio casa,2-0,1,SI,1,0,28
831,Northern Ireland,Northern Ireland Reserve League,Glentoran Reserves,Crusaders Reserves,2-3,61,2-3,5,1,Vantaggio ospite,2-7,4,SI,0,4,29
832,Italy,Italy Serie A,Parma,Torino,2-2,63,2-2,4,0,Pareggio,3-2,1,SI,1,0,27
833,Uzbekistan,Uzbekistan PFL,Qizilqum Zarafshon,Lokomotiv Tashkent,0-0,62,1-0,1,1,Vantaggio casa,1-1,1,SI,0,1,28
834,Croatia,Croatia Cup,NK Buje,HNK Rijeka,0-5,52,0-5,5,5,Vantaggio ospite,0-11,6,SI,0,6,38
835,Czech Republic,Czech Republic Cup,Sigma Olomouc,SK Lisen,2-0,53,3-0,3,3,Vantaggio casa,4-2,3,SI,1,2,37
836,AFC,AFC Champions League,Al-Sadd SC,Al Hilal Riyadh,1-2,51,1-2,3,1,Vantaggio ospite,1-4,2,SI,0,2,39
837,Estonia,Estonia Meistriliiga,Maardu Linnameeskond,JK Nomme Kalju,1-2,62,1-4,5,3,Vantaggio ospite,1-4,0,NO,0,0,28
838,Saudi Arabia,Saudi Arabia Premier League,Al Ittihad Jeddah,Al Taawon Buraidah,2-0,59,3-0,3,3,Vantaggio casa,3-1,1,SI,0,1,31
839,Spain,Spain Segunda,Rayo Vallecano,Alcorcon,1-0,65,1-0,1,1,Vantaggio casa,1-1,1,SI,0,1,25
840,Mongolia,Mongolia Premier League,Khoromkhon Club,FC Ulaanbaatar,1-2,56,1-3,4,2,Vantaggio ospite,2-3,1,SI,1,0,34
841,Indonesia,Indonesia Liga 2,Persibat Batang,PSGC Ciamis,1-1,58,1-1,2,0,Pareggio,3-2,3,SI,2,1,32
842,UEFA,UEFA Youth League,Genk U19,Napoli U19,0-0,63,2-1,3,1,Vantaggio casa,3-1,1,SI,1,0,27
843,Lithuania,Lithuania A Lyga,Suduva Marijampole,FK Palanga,1-0,49,2-0,2,2,Vantaggio casa,5-0,3,SI,3,0,41
844,Estonia,Estonia Esiliiga B,JK Tabasalu,JK Nomme United,0-1,64,0-1,1,1,Vantaggio ospite,0-2,1,SI,0,1,26
845,Bosnia & Herzegovina,Bosnia & Herzegovina Cup,Siroki Brijeg,FK Sarajevo,1-1,47,1-1,2,0,Pareggio,3-2,3,SI,2,1,43
846,Germany,Germany 3.Liga,MSV Duisburg,SV Meppen,1-3,57,1-3,4,2,Vantaggio ospite,1-3,0,NO,0,0,33
847,Brazil,Brazil U20 League,America MG U20,Sport Recife U20,0-1,63,0-1,1,1,Vantaggio ospite,0-1,0,NO,0,0,27
848,Brazil,Brazilian Matches,FC Atlético Cearense U19,Ferroviario U19,2-1,55,2-1,3,1,Vantaggio casa,2-1,0,NO,0,0,35
849,Germany,Germany Oberliga Hessen,FC Hanau 93,Türk Gücü Friedberg,1-2,65,1-3,4,2,Vantaggio ospite,1-4,1,SI,0,1,25
850,Spain,Spain Segunda,Sporting Gijon,Almeria,4-1,63,4-1,5,3,Vantaggio casa,4-2,1,SI,0,1,27
851,Botswana,Botswana Premier League,Extension Gunners,Prisons XI Gaborone,1-1,40,1-1,2,0,Pareggio,1-3,2,SI,0,2,50
852,Spain,Spain Copa Federacion,Velez CF,Real Murcia,0-0,60,0-1,1,1,Vantaggio ospite,0-2,1,SI,0,1,30
853,Barbados,Barbados Super Cup,Whitehall Titans,Empire Club,0-1,57,0-3,3,3,Vantaggio ospite,0-8,5,SI,0,5,33
854,Russia,Russia U20 League,FC Sochi U20,Krylia Sovetov U20,0-2,41,0-2,2,2,Vantaggio ospite,2-3,3,SI,2,1,49
855,Israel,Israel Liga Bet North,Hapoel Sandala Gilboa,Maccabi Ahi Iksal,0-2,57,0-3,3,3,Vantaggio ospite,0-5,2,SI,0,2,33
856,Bulgaria,Bulgaria First League,Slavia Sofia,Tsarsko Selo 2015,1-0,59,1-0,1,1,Vantaggio casa,1-0,0,NO,0,0,31
857,Iran,Iran Pro League,Tractor Sazi,Pars Jonoubi Jam,1-0,51,1-0,1,1,Vantaggio casa,1-0,0,NO,0,0,39
858,Romania,Romania Liga I,FC Botosani,ACS Sepsi,0-0,55,0-1,1,1,Vantaggio ospite,1-1,1,SI,1,0,35
859,Serbia,Serbia Super Liga,Vojvodina,Spartak Subotica,2-0,54,2-0,2,2,Vantaggio casa,2-0,0,NO,0,0,36
860,Germany,Germany Oberliga Bayern North,SC Eltersdorf,1. FC Sand,2-0,64,2-0,2,2,Vantaggio casa,2-0,0,NO,0,0,26
861,Austria,Austria Regionalliga Mitte,TUS Bad Gleichenberg,SV Ried II,0-2,54,1-2,3,1,Vantaggio ospite,1-4,2,SI,0,2,36
862,Saudi Arabia,Saudi Arabia Premier League,Al Ittihad Jeddah,Al Hazm,1-1,57,1-1,2,0,Pareggio,1-2,1,SI,0,1,33
863,Germany,Germany Oberliga Rheinland-Pfalz/Saar,Hertha Wiesbach,Wormatia Worms,1-1,65,1-1,2,0,Pareggio,2-1,1,SI,1,0,25
864,Sweden,Sweden Juniorallsvenskan,Vasalunds IF U19,Taby FK U19,1-3,46,1-3,4,2,Vantaggio ospite,4-5,5,SI,3,2,44
865,Argentina,Argentina Primera B Metropolitana,CSD Flandria,Tristan Suarez,1-0,60,2-0,2,2,Vantaggio casa,2-0,0,NO,0,0,30
866,Belgium,Belgium First Division A,Charleroi,Anderlecht,1-1,65,1-2,3,1,Vantaggio ospite,1-2,0,NO,0,0,25
867,Northern Ireland,Northern Ireland Premier,Larne,Glenavon,3-0,55,4-0,4,4,Vantaggio casa,6-0,2,SI,2,0,35
868,Poland,Poland I Liga,Stal Mielec,GKS Jastrzebie,1-1,62,1-1,2,0,Pareggio,3-1,2,SI,2,0,28
869,Guatemala,Guatemala Primera Division,Capitalinos FC,Mictlán,1-1,61,1-1,2,0,Pareggio,1-1,0,NO,0,0,29
870,Japan,Japan J3-League,YSCC,Fukushima Utd,1-2,63,2-3,5,1,Vantaggio ospite,2-5,2,SI,0,2,27
871,Japan,Japan J2-League,Albirex Niigata,Kagoshima United,3-0,64,4-0,4,4,Vantaggio casa,6-0,2,SI,2,0,26
872,Japan,Japan J-League,Sanfrecce Hiroshima,Vissel Kobe,2-1,63,2-1,3,1,Vantaggio casa,6-2,5,SI,4,1,27
873,Sweden,Sweden Juniorallsvenskan,Malmo FF U19,GIF Sundsvall U19,2-0,63,4-1,5,3,Vantaggio casa,5-1,1,SI,1,0,27
874,Russia,Russia U20 League,Ural U20,Zenit St Petersburg U20,2-1,40,2-1,3,1,Vantaggio casa,3-2,2,SI,1,1,50
875,Czech Republic,Czech Republic Youth League,Slovacko U19,FC Brno U19,0-1,65,0-2,2,2,Vantaggio ospite,2-3,3,SI,2,1,25
876,Italy,Italy Campionato Primavera 2,Cittadella U19,AC Milan U19,1-1,65,1-1,2,0,Pareggio,1-1,0,NO,0,0,25
877,Estonia,Estonia Meistriliiga,FC Kuressaare,JK Viljandi Tulevik,4-1,62,4-1,5,3,Vantaggio casa,4-1,0,NO,0,0,28
878,Portugal,Portugal U23 League,Famalicao U23,Rio Ave U23,1-2,65,1-4,5,3,Vantaggio ospite,2-5,2,SI,1,1,25
879,Iran,Iran Div 1,Shahrdari Tabriz,Esteghlal Khuzestan,0-0,60,0-1,1,1,Vantaggio ospite,1-1,1,SI,1,0,30
880,Denmark,Denmark Division 1,Hvidovre IF,Naestved,1-0,42,1-0,1,1,Vantaggio casa,3-1,3,SI,2,1,48
881,Armenia,Armenia First League,Pyunik Yerevan II,FK Lernayin Artsakh Goris,3-0,61,4-0,4,4,Vantaggio casa,5-1,2,SI,1,1,29
882,Germany,Germany Oberliga Schleswig-Holstein,TSV Bordesholm,Phonix Lubeck,0-2,59,0-2,2,2,Vantaggio ospite,0-3,1,SI,0,1,31
883,Russia,Russia Division 1,FC Nizhny Novgorod,FK Yenisey,1-2,50,1-2,3,1,Vantaggio ospite,1-3,1,SI,0,1,40
884,Russia,Russia Division 2,FK Kvant Obninsk,FK Khimki II,0-1,52,0-1,1,1,Vantaggio ospite,2-1,2,SI,2,0,38
885,Germany,Germany Regionalliga South West,FC Giessen,TSG 1899 Hoffenheim II,1-1,63,2-2,4,0,Pareggio,4-2,2,SI,2,0,27
886,Ukraine,Ukraine Persha Liga,Metalurh Zaporizhya,Volyn Lutsk,1-2,53,1-2,3,1,Vantaggio ospite,1-3,1,SI,0,1,37
887,Germany,Germany Bundesliga I,Paderborn,Mainz,1-2,61,1-2,3,1,Vantaggio ospite,1-2,0,NO,0,0,29
888,Austria,Austria Regionalliga Ost,SC Wiener Viktoria,ASK/BSC Bruck Leitha,0-2,59,2-2,4,0,Pareggio,2-2,0,NO,0,0,31
889,Northern Ireland,Northern Ireland Premier,Carrick Rangers,Coleraine,1-2,58,1-2,3,1,Vantaggio ospite,1-4,2,SI,0,2,32
890,Northern Ireland,Northern Ireland Premier,Warrenpoint Town,Dungannon Swifts,0-2,58,2-2,4,0,Pareggio,4-3,3,SI,2,1,32
891,Austria,Austria Regionalliga Tirol,FC Wacker Innsbruck II,SV Telfs,1-0,63,2-1,3,1,Vantaggio casa,2-2,1,SI,0,1,27
892,England,England Northern League Division One,Kendal Town,Droylsden,1-1,54,1-1,2,0,Pareggio,1-1,0,NO,0,0,36
893,England,England Southern Premier League Central,AFC Rushden & Diamonds,Bromsgrove,2-3,63,2-4,6,2,Vantaggio ospite,2-8,4,SI,0,4,27
894,Slovakia,Slovakia Super Liga,FC Nitra,FK Senica,0-2,55,1-2,3,1,Vantaggio ospite,1-4,2,SI,0,2,35
895,Portugal,Portugal Campeonato Nacional,Chaves B,AD Fafe,0-0,65,0-1,1,1,Vantaggio ospite,0-1,0,NO,0,0,25
896,Poland,Poland Ekstraklasa,Lech Poznan,Wisla Krakow,1-0,64,1-0,1,1,Vantaggio casa,4-0,3,SI,3,0,26
897,Poland,Poland I Liga,Termalica BB Nieciecza,GKS Tychy 71,2-3,62,2-3,5,1,Vantaggio ospite,4-3,2,SI,2,0,28
898,Croatia,Croatia 1.HNL,NK Osijek,HNK Gorica,0-0,63,0-1,1,1,Vantaggio ospite,2-1,2,SI,2,0,27
899,Romania,Romania Liga I,FCSB,Dinamo Bucharest,1-1,52,1-1,2,0,Pareggio,1-1,0,NO,0,0,38
900,Spain,Spain Segunda,Tenerife,Extremadura,1-1,65,1-1,2,0,Pareggio,1-2,1,SI,0,1,25
901,Bolivia,Bolivia Nacional B,Stormer's Sporting Club,Nacional Senac,0-2,52,0-2,2,2,Vantaggio ospite,1-2,1,SI,1,0,38
902,Barbados,Barbados Super Cup,Central League Spartans,Weymouth Wales,0-1,63,0-3,3,3,Vantaggio ospite,0-7,4,SI,0,4,27
903,Barbados,Barbados Super Cup,Checker Hall FC,Notre Dame,0-4,58,0-5,5,5,Vantaggio ospite,0-8,3,SI,0,3,32
904,USA,USA USL Championship,Portland Timbers II,Phoenix Rising FC,1-2,60,1-3,4,2,Vantaggio ospite,3-5,4,SI,2,2,30
905,Russia,Russia U20 League,CSKA Moscow U20,Rostov U20,3-0,63,3-1,4,2,Vantaggio casa,3-1,0,NO,0,0,27
906,Czech Republic,Czech Republic 3. Ligy,Hradec Kralove B,FK Zbuzany 1953,3-1,61,3-2,5,1,Vantaggio casa,3-3,1,SI,0,1,29
907,Czech Republic,Czech Republic 3. Ligy,FK Teplice B,Dukla Praha B,0-3,56,0-4,4,4,Vantaggio ospite,1-5,2,SI,1,1,34
908,Russia,Russia Premier League,Ural,Zenit St Petersburg,0-2,63,1-3,4,2,Vantaggio ospite,1-3,0,NO,0,0,27
909,Poland,Poland III Liga,Pelikan Lowicz,Rks Radomsko,0-0,56,0-2,2,2,Vantaggio ospite,2-3,3,SI,2,1,34
910,Spain,Spain Youth League,Real Betis U19,Vazquez Cultural U19,2-0,52,3-0,3,3,Vantaggio casa,6-0,3,SI,3,0,38
911,Germany,Germany Regionalliga North East,Bischofswerdaer FV,Hertha Berlin II,2-4,48,2-4,6,2,Vantaggio ospite,2-7,3,SI,0,3,42
912,Norway,Norway Division 2 Group 1,Egersunds,Kvik Halden FK,0-2,63,0-2,2,2,Vantaggio ospite,0-3,1,SI,0,1,27
913,Denmark,Denmark Superligaen,Odense BK,AC Horsens,2-0,64,2-0,2,2,Vantaggio casa,3-0,1,SI,1,0,26
914,France,France U19 League,Chamois Niortais FC U19,Rennes U19,1-0,47,1-0,1,1,Vantaggio casa,3-3,5,SI,2,3,43
915,Italy,Italy Serie C Group C,Potenza,Viterbese,1-0,60,2-0,2,2,Vantaggio casa,3-0,1,SI,1,0,30
916,Brazil,Brazil Paulista Serie B,Flamengo SP,AA Francana,2-2,61,2-3,5,1,Vantaggio ospite,3-3,1,SI,1,0,29
917,Belarus,Belarus Premier League,Energetik-BGU Minsk,FC Vitebsk,1-0,53,1-0,1,1,Vantaggio casa,2-0,1,SI,1,0,37
918,Bosnia & Herzegovina,Bosnia & Herzegovina Premier Liga,Mladost Doboj Kakanj,Velez Mostar,2-0,41,2-0,2,2,Vantaggio casa,2-2,2,SI,0,2,49
919,Czech Republic,Czech Republic First League,Mlada Boleslav,Viktoria Plzen,0-1,63,1-1,2,0,Pareggio,2-1,1,SI,1,0,27
920,Switzerland,Switzerland Super League,FC Zurich,Young Boys,0-1,61,0-1,1,1,Vantaggio ospite,0-4,3,SI,0,3,29
921,Slovenia,Slovenia Prva Liga,NK Rudar Velenje,Aluminij Kidricevo,1-0,57,1-0,1,1,Vantaggio casa,1-2,2,SI,0,2,33
922,Norway,Norway Division 1,Kongsvinger,Sandefjord,1-2,60,2-2,4,0,Pareggio,2-3,1,SI,0,1,30
923,Poland,Poland I Liga,Olimpia Grudziadz,Stomil Olsztyn,1-0,42,1-0,1,1,Vantaggio casa,1-0,0,NO,0,0,48
924,Romania,Romania Liga I,Viitorul Constanta,CFR Cluj,2-0,53,2-0,2,2,Vantaggio casa,3-1,2,SI,1,1,37
925,Chile,Chile Primera Division,Palestino,Curico Unido,2-2,45,2-2,4,0,Pareggio,4-2,2,SI,2,0,45
926,Chile,Chile Segunda,AC Colina,San Antonio Unido,2-1,53,3-1,4,2,Vantaggio casa,3-2,1,SI,0,1,37
927,Bolivia,Bolivia Clausura,Guabira,Club Aurora,1-0,65,1-1,2,0,Pareggio,3-1,2,SI,2,0,25
928,Uruguay,Uruguay Clausura,Juventud De Las Piedras,Defensor Sporting,0-1,63,0-2,2,2,Vantaggio ospite,1-3,2,SI,1,1,27
929,Brazil,Brazil Copa Verde,Paysandu,Clube Do Remo,0-0,61,1-0,1,1,Vantaggio casa,3-1,3,SI,2,1,29
930,Venezuela,Venezuela Primera Division,Zamora,CD Lara,1-0,64,1-0,1,1,Vantaggio casa,1-1,1,SI,0,1,26
931,Mexico,Mexico Liga de Ascenso Apertura,Atlante,Oaxaca,2-0,56,2-0,2,2,Vantaggio casa,3-0,1,SI,1,0,34
932,Israel,Israel Cup,Elnahada Nazareth,Maccabi Ironi Kiryat Ata,0-3,65,0-4,4,4,Vantaggio ospite,0-5,1,SI,0,1,25
933,Netherlands,Holland Reserve League,NEC Reserves,Willem II Reserves,1-3,45,1-3,4,2,Vantaggio ospite,2-3,1,SI,1,0,45
934,Sweden,Sweden Folksam U21,Falkenbergs U21,Kalmar FF U21,2-2,54,2-2,4,0,Pareggio,2-2,0,NO,0,0,36
935,Guatemala,Guatemala Primera Division,CD Achuapa,Capitalinos FC,0-0,55,0-1,1,1,Vantaggio ospite,2-1,2,SI,2,0,35
936,Guatemala,Guatemala Primera Division,Mictl?n,Sacachispas,1-1,63,1-2,3,1,Vantaggio ospite,1-2,0,NO,0,0,27
937,Europa (nazionali),European U21 Championship Qual,Liechtenstein U21,Slovakia U21,0-2,55,0-2,2,2,Vantaggio ospite,2-4,4,SI,2,2,35
938,Republic of Ireland,Republic of Ireland Leinster Senior League,Newbridge Town FC,Cherry Orchard,3-0,46,3-0,3,3,Vantaggio casa,3-1,1,SI,0,1,44
939,England,England Southern League Division One,Corby,Barton Rovers,0-1,58,0-1,1,1,Vantaggio ospite,2-1,2,SI,2,0,32
940,Mondo (amichevoli),World Club Friendlies,Sacramento Republic,Juarez FC,1-2,64,3-3,6,0,Pareggio,3-4,1,SI,0,1,26
941,Austria,Austria Landesliga,SV Lebring,Usv Mettersdorf,0-1,60,1-1,2,0,Pareggio,1-2,1,SI,0,1,30
942,Argentina,Argentina Cup,Sportivo Estudiantes,Estudiantes LP,1-0,60,1-1,2,0,Pareggio,2-2,2,SI,1,1,30
943,Nazionali,International Match,Venezuela,Bolivia,2-0,65,3-1,4,2,Vantaggio casa,4-1,1,SI,1,0,25
944,Uruguay,Uruguay Clausura,Penarol,Montevideo Wanderers,0-0,64,1-0,1,1,Vantaggio casa,1-0,0,NO,0,0,26
945,Europa (amichevoli),Europe Friendlies,Diosgyori VTK,MFK Zemplin Michalovce,1-1,63,1-1,2,0,Pareggio,1-1,0,NO,0,0,27
946,Kenya,Kenya Super League,Muranga Seal,Kenya Police FC,0-1,47,0-1,1,1,Vantaggio ospite,2-2,3,SI,2,1,43
947,Europa (nazionali),European U21 Championship Qual,Russia U21,Poland U21,1-2,61,1-2,3,1,Vantaggio ospite,2-2,1,SI,1,0,29
948,Nazionali U19,U19 International,Portugal U19,Italy U19,4-0,62,4-1,5,3,Vantaggio casa,4-1,0,NO,0,0,28
949,Europa (nazionali),European U21 Championship Qual,Belarus U21,Norway U21,0-0,59,1-0,1,1,Vantaggio casa,1-1,1,SI,0,1,31
950,Europa (amichevoli),Europe Friendlies,Pistoiese,Fiorentina,1-3,65,1-4,5,3,Vantaggio ospite,1-4,0,NO,0,0,25
951,Austria,Austria Regionalliga Salzburg,SV Kuchl,USK Anif,1-1,62,1-3,4,2,Vantaggio ospite,1-5,2,SI,0,2,28
952,Poland,Poland I Liga,Sandecja Nowy Sacz,Chojniczanka Chojnice,3-2,55,4-3,7,1,Vantaggio casa,4-4,1,SI,0,1,35
953,Austria,Austria Regionalliga Ost,Wiener Neustadt,ASV Drassburg,2-1,55,2-1,3,1,Vantaggio casa,2-6,5,SI,0,5,35
954,Europa (nazionali),European U21 Championship Qual,Austria U21,Turkey U21,2-0,65,2-0,2,2,Vantaggio casa,3-0,1,SI,1,0,25
955,Spain,Spain Youth League,AD Huracan U19,Union Viera CF U19,1-1,61,2-3,5,1,Vantaggio ospite,3-4,2,SI,1,1,29
956,Mexico,Mexico Liga MX Femenil,Queretaro Women,Atlas Women,0-2,62,0-3,3,3,Vantaggio ospite,0-4,1,SI,0,1,28
957,Czech Republic,Czech Republic Youth League,FC Fastav Zlin U19,Opava U19,1-1,62,1-1,2,0,Pareggio,2-3,3,SI,1,2,28
958,Slovakia,Slovakia Youth League,MSK Zilina U19,FK Zeleziarne Podbrezova U19,3-0,52,3-0,3,3,Vantaggio casa,4-1,2,SI,1,1,38
959,Algeria,Algeria Youth League,Olympique Medea U21,RC Relizane U21,1-1,63,2-1,3,1,Vantaggio casa,2-1,0,NO,0,0,27
960,Czech Republic,Czech Republic Youth League,FK Pardubice U19,Sigma Olomouc U19,0-2,65,0-4,4,4,Vantaggio ospite,0-5,1,SI,0,1,25
961,Germany,Germany Regionalliga West,Wuppertaler,Verl,0-4,60,0-4,4,4,Vantaggio ospite,2-5,3,SI,2,1,30
962,Spain,Spain Segunda B Group 2,Athletic Bilbao B,Amorebieta,0-2,60,3-3,6,0,Pareggio,3-3,0,NO,0,0,30
963,Austria,Austria Regionalliga Tirol,FC Zirl,FC Kitzbuhel,0-1,62,0-2,2,2,Vantaggio ospite,0-6,4,SI,0,4,28
964,Spain,Spain Youth League,UD San Fernando U19,CD Laguna U19,0-1,62,0-1,1,1,Vantaggio ospite,0-1,0,NO,0,0,28
965,Brazil,Brazil U20 League,America PE U20,Vitoria PE U20,1-1,59,2-2,4,0,Pareggio,2-2,0,NO,0,0,31
966,Netherlands,Holland Eerste Divisie,Roda JC,Helmond Sport,1-0,50,3-0,3,3,Vantaggio casa,4-0,1,SI,1,0,40
968,Venezuela,Venezuela Primera Division,Estudiantes de Caracas,Estudiantes Merida,0-5,48,0-5,5,5,Vantaggio ospite,0-6,1,SI,0,1,42
969,Germany,Germany Regionalliga North,VfB Oldenburg,SSV Jeddeloh,1-0,61,2-0,2,2,Vantaggio casa,2-0,0,NO,0,0,29
970,Turkey,Turkey 2 Lig Beyaz,1922 Konyaspor,Amedspor,0-0,58,0-1,1,1,Vantaggio ospite,0-1,0,NO,0,0,32
971,Sweden,Sweden 2.div Norra Götaland,Stenungsunds IF,Grebbestads IF,1-0,59,3-0,3,3,Vantaggio casa,3-0,0,NO,0,0,31
972,Italy,Italy Serie C Group B,Reggio Audace FC,Triestina,1-1,64,2-1,3,1,Vantaggio casa,3-1,1,SI,1,0,26
973,Italy,Italy Serie C Group C,Virtus Francavilla,Vibonese,3-0,63,5-0,5,5,Vantaggio casa,6-2,3,SI,1,2,27
974,Sweden,Sweden Damallsvenskan,FC Rosengard Women,Linköpings FC Women,1-1,48,1-1,2,0,Pareggio,3-3,4,SI,2,2,42
975,England,England FA Trophy,Cambridge City,Market Drayton,1-0,64,1-1,2,0,Pareggio,2-1,1,SI,1,0,26
976,Norway,Norway Division 3 Group 3,Mandalskameratene,Flint,0-2,48,0-2,2,2,Vantaggio ospite,3-3,4,SI,3,1,42
977,Bolivia,Bolivia Reserve League,Oriente Petrolero U23,Club Aurora U23,1-0,63,2-0,2,2,Vantaggio casa,3-1,2,SI,1,1,27
978,Brazil,Brazil U20 League,Paraiba do Sul U20,CF Sao Jose RJ U20,3-1,63,5-1,6,4,Vantaggio casa,5-1,0,NO,0,0,27
979,Chile,Chile Tercera,Deportes Concepcion,Deportes Linares,0-0,61,1-0,1,1,Vantaggio casa,1-0,0,NO,0,0,29
980,Colombia,Colombia Primera A,Atletico Nacional Medellin,Rionegro Aguilas,1-0,54,1-0,1,1,Vantaggio casa,1-0,0,NO,0,0,36
981,Europa (nazionali),European U21 Championship Qual,Armenia U21,Italy U21,0-1,54,0-1,1,1,Vantaggio ospite,0-1,0,NO,0,0,36
982,Argentina,Argentina Primera C Metropolitana,San Martin De Burzaco,Berazategui,1-1,54,1-1,2,0,Pareggio,2-2,2,SI,1,1,36
983,Mexico,Mexico Liga MX Femenil,Leon Women,Monterrey Women,0-1,48,0-1,1,1,Vantaggio ospite,1-3,3,SI,1,2,42
984,India,India Shillong Premier League,Nongrim Hills,Ryntih SC,0-2,52,0-2,2,2,Vantaggio ospite,0-2,0,NO,0,0,38
985,Sweden,Sweden Folksam U21,Degerfors IF U21,Djurgardens U21,3-2,65,4-3,7,1,Vantaggio casa,5-3,1,SI,1,0,25
986,Europa (nazionali),European U21 Championship Qual,Azerbaijan U21,Switzerland U21,0-1,51,0-1,1,1,Vantaggio ospite,0-1,0,NO,0,0,39
987,Argentina,Argentina Primera C Metropolitana,Real Pilar,Ferrocarril Midland,2-2,60,2-2,4,0,Pareggio,2-2,0,NO,0,0,30
988,Europa (nazionali),European U21 Championship Qual,England U21,Austria U21,4-0,57,4-0,4,4,Vantaggio casa,5-1,2,SI,1,1,33
989,England,England Southern Premier League Central,Bromsgrove,Hednesford,1-0,59,2-0,2,2,Vantaggio casa,4-0,2,SI,2,0,31
990,Europa (nazionali),European U21 Championship Qual,Slovakia U21,France U21,1-4,53,2-4,6,2,Vantaggio ospite,3-5,2,SI,1,1,37
991,Nazionali,International Match,Bolivia,Haiti,2-1,53,2-1,3,1,Vantaggio casa,3-1,1,SI,1,0,37
992,Kenya,Kenya Super League,Mount Kenya United,Migori Youth,1-1,62,1-2,3,1,Vantaggio ospite,1-2,0,NO,0,0,28
993,Serbia,Serbia Regional Cup,Stepojevac Vaga,Radnicki Obrenovac,2-0,49,2-0,2,2,Vantaggio casa,2-1,1,SI,0,1,41
994,Serbia,Serbia Regional Cup,OFK Beograd,BSK Borca,2-0,55,3-0,3,3,Vantaggio casa,3-2,2,SI,0,2,35
995,Slovenia,Slovenia Cup,NK Nafta 1903,NK Rudar Velenje,0-0,53,1-0,1,1,Vantaggio casa,2-1,2,SI,1,1,37
996,Northern Ireland,Northern Ireland Reserve League,Carrick Rangers Reserves,Glentoran Reserves,0-2,46,0-2,2,2,Vantaggio ospite,0-3,1,SI,0,1,44
997,Mongolia,Mongolia Premier League,Anduud City FC,SP Falcons FC,1-3,48,1-3,4,2,Vantaggio ospite,1-4,1,SI,0,1,42
998,Ukraine,Ukraine Reserve League,Shakhtar Donetsk Reserves,Kolos Kovalivka Reserves,2-0,53,3-0,3,3,Vantaggio casa,3-1,1,SI,0,1,37
999,Israel,Israel Liga Bet North,Ahi Akko,Bnei Majdal Krum United,0-1,64,1-2,3,1,Vantaggio ospite,1-2,0,NO,0,0,26
1000,Brazil,Brazil Serie A,Avai,Internacional,0-1,65,0-1,1,1,Vantaggio ospite,0-2,1,SI,0,1,25
1001,Mongolia,Mongolia Premier League,Athletic 220 FC,Deren FC,0-0,53,0-1,1,1,Vantaggio ospite,1-1,1,SI,1,0,37
1002,Czech Republic,Czech Republic Youth League,Sigma Olomouc U19,Meteor Praha VIII U19,1-0,65,2-0,2,2,Vantaggio casa,5-2,5,SI,3,2,25
1003,Portugal,Portugal U23 League,Estoril U23,CD Aves U23,2-0,50,2-0,2,2,Vantaggio casa,2-0,0,NO,0,0,40
1004,Czech Republic,Czech Republic Youth League,MFK Karvina U19,FC Fastav Zlin U19,1-0,60,1-0,1,1,Vantaggio casa,1-0,0,NO,0,0,30
1005,Israel,Israel Liga Alef South,AS Nordia Jerusalem,AS Ashdod,1-0,59,1-1,2,0,Pareggio,1-1,0,NO,0,0,31
1006,Romania,Romania Liga III,Balotesti,SR Brasov,0-3,62,2-3,5,1,Vantaggio ospite,2-3,0,NO,0,0,28
1007,Romania,Romania Liga III,CFR Cluj II,Avantul Reghin,3-1,49,3-1,4,2,Vantaggio casa,3-3,2,SI,0,2,41
1008,Romania,Romania Liga III,ACSO Filiasi,ACS Fortuna Becicherecu,2-2,64,2-2,4,0,Pareggio,3-3,2,SI,1,1,26
1009,Russia,Russia Division 2,FC Lokomotiv-Kazanka Moscow,Rodina,3-0,61,4-1,5,3,Vantaggio casa,5-1,1,SI,1,0,29
1010,Czech Republic,Czech Republic 2. Liga,MFK Vitkovice,Dukla Praha,0-2,65,0-3,3,3,Vantaggio ospite,0-3,0,NO,0,0,25
1011,Croatia,Croatia 1.HNL,HNK Gorica,Dinamo Zagreb,0-2,56,1-3,4,2,Vantaggio ospite,2-4,2,SI,1,1,34
1012,Austria,Austria Regionalliga Mitte,TUS Bad Gleichenberg,SC Kalsdorf,3-1,52,3-1,4,2,Vantaggio casa,3-1,0,NO,0,0,38
1013,Romania,Romania Liga I,Dinamo Bucharest,Gaz Metan Medias,1-0,65,1-0,1,1,Vantaggio casa,2-0,1,SI,1,0,25
1014,Turkey,Turkey Super Lig,Galatasaray,Sivasspor,2-0,65,2-0,2,2,Vantaggio casa,3-2,3,SI,1,2,25
1015,Poland,Poland Ekstraklasa,Wisla Krakow,Piast Gliwice,0-1,58,1-2,3,1,Vantaggio ospite,1-2,0,NO,0,0,32
1016,Portugal,Portugal Cup,Cova de Piedade,Benfica,0-1,64,0-3,3,3,Vantaggio ospite,0-4,1,SI,0,1,26
1017,Argentina,Argentina Superliga,Arsenal de Sarandi,River Plate,2-0,58,2-1,3,1,Vantaggio casa,3-3,3,SI,1,2,32
1018,Mexico,Mexico Liga de Ascenso Apertura,Potros UAEM,Cafetaleros de Tapachula FC,0-1,52,0-2,2,2,Vantaggio ospite,2-3,3,SI,2,1,38
1019,Bolivia,Bolivia Clausura,Jorge Wilstermann,Real Potosi,1-0,64,2-1,3,1,Vantaggio casa,3-1,1,SI,1,0,26
1020,Bolivia,Bolivia Clausura,Nacional Potosi,San Jose,1-1,55,1-1,2,0,Pareggio,1-1,0,NO,0,0,35
1021,Japan,Japan J-League,Nagoya Grampus,Vegalta Sendai,0-1,62,0-1,1,1,Vantaggio ospite,0-2,1,SI,0,1,28
1022,Hong Kong,Hong Kong Premier League,Wofoo Tai Po FC,Kitchee,1-0,49,1-0,1,1,Vantaggio casa,1-1,1,SI,0,1,41
1023,Romania,Romania Liga II,Sportul Snagov,CS Pandurii Lignitul Targu Jiu,2-1,55,2-2,4,0,Pareggio,3-2,1,SI,1,0,35
1024,Algeria,Algeria Youth League,MC El Eulma U21,Olympique Medea U21,1-2,64,1-2,3,1,Vantaggio ospite,1-2,0,NO,0,0,26
1025,South Korea,South Korea K-League 1,Sangju Sangmu,Jeju United,1-1,57,1-1,2,0,Pareggio,2-1,1,SI,1,0,33
1026,Slovakia,Slovakia Youth League,FC Nitra U19,MSK Zilina U19,2-1,63,2-1,3,1,Vantaggio casa,3-1,1,SI,1,0,27
1027,China,China Super League,Guangzhou R&F,Shandong Luneng,0-2,65,0-3,3,3,Vantaggio ospite,1-3,1,SI,1,0,25
1028,Estonia,Estonia Meistriliiga,Paide Linnameeskond,JK Tallinna Kalev,0-0,55,1-0,1,1,Vantaggio casa,2-1,2,SI,1,1,35
1029,Cambodia,CAMBODIA_PREM_L,Phnom Penh Crown,Electricite du Cambodge,3-0,65,5-0,5,5,Vantaggio casa,7-0,2,SI,2,0,25
1030,Germany,Germany Bundesliga U19,Union Berlin U19,Wolfsburg U19,1-1,50,1-1,2,0,Pareggio,2-3,3,SI,1,2,40
1031,Norway,Norway Division 3 Group 3,Bryne 2,Viking 2,1-4,54,1-5,6,4,Vantaggio ospite,2-7,3,SI,1,2,36
1032,Norway,Norway Division 3 Group 4,Brann 2,Vestfossen,4-1,53,4-1,5,3,Vantaggio casa,5-1,1,SI,1,0,37
1033,Norway,Norway Division 2 Group 1,Egersunds,Stjørdals/Blink,1-1,58,1-2,3,1,Vantaggio ospite,2-3,2,SI,1,1,32
1034,Russia,Russia Division 2,Zorkiy Krasnogorsk,FC Ararat Moscow,2-1,51,2-1,3,1,Vantaggio casa,4-2,3,SI,2,1,39
1035,Germany,Germany Regionalliga North East,ZFC Meuselwitz,Berliner AK 07,0-2,61,1-2,3,1,Vantaggio ospite,1-4,2,SI,0,2,29
1036,Germany,Germany Bundesliga U19,Chemnitzer U19,Hertha Berlin U19,0-4,61,0-5,5,5,Vantaggio ospite,0-6,1,SI,0,1,29
1037,Turkey,Turkey Super Lig,Antalyaspor,Genclerbirligi,0-5,62,0-6,6,6,Vantaggio ospite,0-6,0,NO,0,0,28
1038,Czech Republic,Czech Republic First League,Slovan Liberec,FK Jablonec,0-1,57,2-2,4,0,Pareggio,2-2,0,NO,0,0,33
1039,Italy,Italy Serie B,Juve Stabia,Pordenone,4-1,52,4-1,5,3,Vantaggio casa,4-2,1,SI,0,1,38
1040,England,England Premier League,Aston Villa,Brighton,1-1,50,1-1,2,0,Pareggio,2-1,1,SI,1,0,40
1041,Hungary,Hungary NB I,Puskas Academy,Paksi Se,2-1,61,3-2,5,1,Vantaggio casa,4-2,1,SI,1,0,29
1042,Poland,Poland I Liga,Olimpia Grudziadz,Radomiak Radom,2-0,65,2-1,3,1,Vantaggio casa,2-2,1,SI,0,1,25
1043,Azerbaijan,Azerbaijan Premier League,Keshla FK,Sabah,1-0,64,1-0,1,1,Vantaggio casa,1-1,1,SI,0,1,26
1044,Serbia,Serbia Super Liga,Javor Ivanjica,FK Backa Topola,1-2,62,2-2,4,0,Pareggio,3-2,1,SI,1,0,28
1045,Mexico,Mexico Segunda Division,Mineros de Zacatecas II,La Paz FC,1-2,65,2-2,4,0,Pareggio,2-3,1,SI,0,1,25
1046,Switzerland,Switzerland Super League,Young Boys,Neuchatel Xamax,1-0,45,1-0,1,1,Vantaggio casa,4-1,4,SI,3,1,45
1047,Sconosciuto,,Basel,FC Thun,0-0,64,1-0,1,1,Vantaggio casa,3-1,3,SI,2,1,26
1048,United Arab Emirates,UAE Premier League,Al Wasl SC,Sharjah SCC,0-3,63,0-3,3,3,Vantaggio ospite,1-5,3,SI,1,2,27
1049,Guatemala,Guatemala Liga Nacional,Siquinala FC,Deportivo Sanarate FC,1-1,58,1-2,3,1,Vantaggio ospite,1-2,0,NO,0,0,32
1050,Chile,Chile Primera B,La Serena,Union San Felipe,1-0,57,3-0,3,3,Vantaggio casa,4-0,1,SI,1,0,33
1051,Brazil,Brazil Serie B,Parana,Figueirense,0-1,62,0-1,1,1,Vantaggio ospite,0-1,0,NO,0,0,28
1052,USA,USA USL Championship,Loudoun United FC,New York Red Bulls II,5-1,50,6-1,7,5,Vantaggio casa,7-3,3,SI,1,2,40
1053,Hong Kong,Hong Kong 1st Division,Central & Western,Hong Kong FC,1-0,43,1-0,1,1,Vantaggio casa,1-4,4,SI,0,4,47
1054,Australia,Australia A-League,Sydney FC,Wellington Phoenix,1-0,54,1-0,1,1,Vantaggio casa,2-1,2,SI,1,1,36
1055,South Africa,South Africa Diski Challenge,Kaizer Chiefs Reserves,Chippa United Reserves,2-0,53,3-0,3,3,Vantaggio casa,5-2,4,SI,2,2,37
1056,Thailand,Thailand Premier League,Buriram United,Port FC,2-1,52,2-1,3,1,Vantaggio casa,3-1,1,SI,1,0,38
1057,Thailand,Thailand Premier League,Samut Prakan City,Suphanburi FC,1-1,52,1-2,3,1,Vantaggio ospite,2-3,2,SI,1,1,38
1058,Turkey,Turkey Super Lig,Kayserispor,Kasimpasa,0-1,54,0-1,1,1,Vantaggio ospite,1-1,1,SI,1,0,36
1059,Zambia,Zambia Super League,Green Buffaloes,ZESCO United,0-2,62,1-3,4,2,Vantaggio ospite,1-3,0,NO,0,0,28
1060,Hong Kong,Hong Kong 2nd Division,Tuen Mun SA,Kwong Wah,0-0,61,0-2,2,2,Vantaggio ospite,0-2,0,NO,0,0,29
1061,Italy,Italy Serie C Group C,Avellino,Bari,1-0,63,1-2,3,1,Vantaggio ospite,2-2,1,SI,1,0,27
1062,France,France U19 League,US Quevilly U19,Amiens SC U19,1-0,55,1-0,1,1,Vantaggio casa,1-1,1,SI,0,1,35
1063,Poland,Poland Ekstraklasa,Arka Gdynia,Lechia Gdansk,0-0,65,0-2,2,2,Vantaggio ospite,2-2,2,SI,2,0,25
1064,Cameroon,Cameroon Elite One,Union Douala,Dragon Club Yaounde,1-1,57,1-1,2,0,Pareggio,1-2,1,SI,0,1,33
1065,Portugal,Portugal Cup,Loures,Benfica Castelo Branco,1-1,63,2-1,3,1,Vantaggio casa,4-2,3,SI,2,1,27
1066,Spain,Spain Segunda B Group 1,Racing Ferrol,Atletico Madrid B,1-0,64,1-0,1,1,Vantaggio casa,1-1,1,SI,0,1,26
1067,Italy,Italy Serie C Group C,Teramo,Paganese,2-0,63,2-0,2,2,Vantaggio casa,2-1,1,SI,0,1,27
1068,Italy,Italy Serie A,Parma,Genoa,3-0,59,4-1,5,3,Vantaggio casa,5-1,1,SI,1,0,31
1069,Belgium,Belgium First Division A,Anderlecht,Sint-Truidense,2-0,63,2-1,3,1,Vantaggio casa,4-1,2,SI,2,0,27
1070,Spain,Spain Segunda B Group 4,Don Benito,Real Murcia,1-1,62,1-1,2,0,Pareggio,2-1,1,SI,1,0,28
1071,Turkey,Turkey 1 Lig,Altinordu,Altay,0-0,61,0-2,2,2,Vantaggio ospite,0-3,1,SI,0,1,29
1072,Peru,Peru Primera Division,Sporting Cristal,Pirata FC,1-0,63,1-0,1,1,Vantaggio casa,4-0,3,SI,3,0,27
1073,Brazil,Brazil Copa Gaucho U19,Torino FC U19,PRS Futebol Clube U19,3-0,53,3-0,3,3,Vantaggio casa,3-1,1,SI,0,1,37
1074,Morocco,Morocco GNF 1,OC Khourigba,FUS Rabat,0-1,65,1-1,2,0,Pareggio,1-1,0,NO,0,0,25
1075,Trinidad & Tobago,Trinidad & Tobago Super League,QPCC,RSSR FC,5-0,63,6-0,6,6,Vantaggio casa,7-0,1,SI,1,0,27
1076,Venezuela,Venezuela Primera Division,Estudiantes Merida,Carabobo,2-1,53,2-1,3,1,Vantaggio casa,2-1,0,NO,0,0,37
1077,Italy,Italy Campionato Primavera 1,Sassuolo U19,Empoli U19,2-1,61,2-1,3,1,Vantaggio casa,3-3,3,SI,1,2,29
1078,Netherlands,Holland Reserve League,Excelsior Reserves,Roda JC Reserves,0-0,65,1-1,2,0,Pareggio,3-1,2,SI,2,0,25
1079,Netherlands,Holland Eerste Divisie,Ajax Reserves,FC Utrecht Reserves,2-0,60,2-0,2,2,Vantaggio casa,4-0,2,SI,2,0,30
1080,Brazil,Brazil Campeonato Pernambucano A2,Retro FC Brasil,Centro Limoeirense,2-1,59,3-1,4,2,Vantaggio casa,4-1,1,SI,1,0,31
1081,Argentina,Argentina Primera B Metropolitana,Club Comunicaciones,Almirante Brown,0-1,59,0-1,1,1,Vantaggio ospite,0-1,0,NO,0,0,31
1082,Argentina,Argentina Primera C Metropolitana,CS Dock Sud,Victoriano Arenas,2-0,54,2-0,2,2,Vantaggio casa,2-0,0,NO,0,0,36
1083,Netherlands,Holland Reserve League,FC Eindhoven Reserves,NEC Reserves,1-3,62,1-5,6,4,Vantaggio ospite,1-7,2,SI,0,2,28
1084,Poland,Poland I Liga,MKS Puszcza Niepolomice,Warta Poznan,0-1,56,0-1,1,1,Vantaggio ospite,0-2,1,SI,0,1,34
1085,UEFA,UEFA Champions League,Galatasaray,Real Madrid,0-1,55,0-1,1,1,Vantaggio ospite,0-1,0,NO,0,0,35
1086,Mongolia,Mongolia Premier League,Khoromkhon Club,SP Falcons FC,0-4,42,0-4,4,4,Vantaggio ospite,1-13,10,SI,1,9,48
1087,Algeria,Algeria Youth League,ES Setif U21,ASO Chlef U21,3-0,50,4-0,4,4,Vantaggio casa,6-1,3,SI,2,1,40
1088,Czech Republic,Czech Republic Youth League,Hradec Kralove U19,Banik Ostrava U19,1-1,57,1-2,3,1,Vantaggio ospite,1-2,0,NO,0,0,33
1089,Hong Kong,Hong Kong Sapling Cup,Kitchee,Lee Man FC,1-1,51,2-1,3,1,Vantaggio casa,2-2,1,SI,0,1,39
1090,UEFA,UEFA Youth League,Genk U19,Liverpool U19,0-1,54,0-1,1,1,Vantaggio ospite,0-2,1,SI,0,1,36
1091,UEFA,UEFA Youth League,FCI Levadia U19,IA Akranes U19,0-6,53,0-6,6,6,Vantaggio ospite,1-12,7,SI,1,6,37
1092,UEFA,UEFA Youth League,Sheriff Tiraspol U19,Shkendija Tirane U19,1-0,62,1-0,1,1,Vantaggio casa,1-0,0,NO,0,0,28
1093,England,England Isthmian Premier Division,Kingstonian,Bognor Regis Town,0-0,64,0-1,1,1,Vantaggio ospite,0-1,0,NO,0,0,26
1094,CAF,CAF Champions League,El Zamalek,Generation Foot,1-0,60,1-0,1,1,Vantaggio casa,1-0,0,NO,0,0,30
1095,Czech Republic,Czech Republic Youth League,FK Pribram U19,Sigma Olomouc U19,1-4,56,1-4,5,3,Vantaggio ospite,2-5,2,SI,1,1,34
1096,Israel,Israel Liga Alef North,Hapoel Iksal Imad,Hapoel Kaukab,2-0,51,2-0,2,2,Vantaggio casa,3-0,1,SI,1,0,39
1097,Ukraine,Ukraine Reserve League,FC Mariupol Reserves,Kolos Kovalivka Reserves,1-0,65,2-0,2,2,Vantaggio casa,2-1,1,SI,0,1,25
1098,Israel,Israel Youth League,Beitar Jerusalem U19,Hapoel Kiryat Shmona U19,2-1,45,2-1,3,1,Vantaggio casa,2-2,1,SI,0,1,45
1099,Iran,Iran Pro League,Shahin Bushehr,Persepolis,0-3,59,0-4,4,4,Vantaggio ospite,0-5,1,SI,0,1,31
1100,Germany,Germany Regionalliga North East,Bischofswerdaer FV,FC Lok Leipzig,0-1,59,0-2,2,2,Vantaggio ospite,0-3,1,SI,0,1,31
1101,India,India Super League,ATK,Hyderabad FC,3-0,63,3-0,3,3,Vantaggio casa,5-0,2,SI,2,0,27
1102,Czech Republic,Czech Republic First League,FK Jablonec,FK Teplice,2-0,53,2-0,2,2,Vantaggio casa,4-1,3,SI,2,1,37
1103,Netherlands,Holland Eerste Divisie,FC Volendam,AZ Reserves,1-1,63,1-2,3,1,Vantaggio ospite,3-2,2,SI,2,0,27
1104,Netherlands,Holland Eerste Divisie,FC Utrecht Reserves,Cambuur Leeuwarden,0-0,61,1-0,1,1,Vantaggio casa,1-1,1,SI,0,1,29
1105,Uruguay,Uruguay Clausura,Racing Club de Montevideo,Rampla Juniors,1-0,59,1-1,2,0,Pareggio,3-1,2,SI,2,0,31
1106,Brazil,Brazil Serie B,Atletico Goianiense,America MG,2-0,48,2-0,2,2,Vantaggio casa,2-2,2,SI,0,2,42
1107,Mongolia,Mongolia Premier League,SP Falcons FC,Khaan Khuns,1-0,63,1-1,2,0,Pareggio,1-1,0,NO,0,0,27
1108,Mongolia,Mongolia Premier League,Anduud City FC,Khoromkhon Club,2-2,57,3-2,5,1,Vantaggio casa,6-2,3,SI,3,0,33
1109,Czech Republic,Czech Republic 2. Liga,MFK Chrudim,Dukla Praha,1-2,58,1-2,3,1,Vantaggio ospite,3-2,2,SI,2,0,32
1110,Germany,Germany Bundesliga U19,SC Freiburg U19,Bayern Munich U19,1-3,64,2-3,5,1,Vantaggio ospite,2-3,0,NO,0,0,26
1111,Israel,Israel Youth League,Maccabi Petach Tikva U19,Hapoel Beer Sheva U19,1-0,57,1-0,1,1,Vantaggio casa,1-1,1,SI,0,1,33
1112,Estonia,Estonia Meistriliiga,JK Tallinna Kalev,JK Tammeka Tartu,0-2,55,0-2,2,2,Vantaggio ospite,1-2,1,SI,1,0,35
1113,Lithuania,Lithuania A Lyga,FK Riteriai,FK Panevezys,2-0,60,2-0,2,2,Vantaggio casa,4-0,2,SI,2,0,30
1114,South Africa,South Africa Diski Challenge,Baroka FC Reserves,Black Leopards Reserves,0-0,56,1-0,1,1,Vantaggio casa,1-0,0,NO,0,0,34
1115,Belarus,Belarus Premier League,Energetik-BGU Minsk,Dinamo Minsk,2-2,61,2-3,5,1,Vantaggio ospite,3-3,1,SI,1,0,29
1116,Russia,Russia Division 2,FK Ufa II,FC Zvezda Perm,0-1,63,1-2,3,1,Vantaggio ospite,1-2,0,NO,0,0,27
1117,Turkey,Turkey 3.Lig Group 3,Pazarspor,Nazilli Belediyespor,0-2,56,1-2,3,1,Vantaggio ospite,1-3,1,SI,0,1,34
1118,Turkey,Turkey 2 Lig Kirmizi,Ergene Velimese Spor,Elazigspor,2-1,55,2-1,3,1,Vantaggio casa,5-1,3,SI,3,0,35
1119,Turkey,Turkey 3.Lig Group 1,Manisaspor,24 Erzincanspor,1-1,46,1-1,2,0,Pareggio,1-2,1,SI,0,1,44
1120,Turkey,Turkey 3.Lig Group 3,Karacabey Belediyespor AS,Batman Petrolspor,2-0,64,4-1,5,3,Vantaggio casa,4-1,0,NO,0,0,26
1121,Norway,Norway Division 2 Group 1,Vidar,Fredrikstad,0-1,60,1-2,3,1,Vantaggio ospite,4-4,5,SI,3,2,30
1122,Sweden,Sweden Superettan,Trelleborgs FF,Jonkopings Sodra,2-1,59,2-1,3,1,Vantaggio casa,2-3,2,SI,0,2,31
1123,Burundi,Burundi Premier League,Inter Stars,Les Lierres FC,1-1,55,2-1,3,1,Vantaggio casa,3-1,1,SI,1,0,35
1124,Germany,Germany Regionalliga Bayern,FV Illertissen,VfR Garching,0-0,61,0-1,1,1,Vantaggio ospite,3-1,3,SI,3,0,29
1125,Czech Republic,Czech Republic First League,Banik Ostrava,Sigma Olomouc,2-1,50,2-1,3,1,Vantaggio casa,2-2,1,SI,0,1,40
1126,Malawi,Malawi Super League,Mzuzu University,Silver Strikers,0-1,57,1-1,2,0,Pareggio,1-1,0,NO,0,0,33
1127,Rwanda,Rwanda National League,Bugesera,Etincelles,0-1,65,0-2,2,2,Vantaggio ospite,0-2,0,NO,0,0,25
1128,Mondo (amichevoli),World Club Friendlies,Bashundhara Kings,Terengganu,1-2,58,1-2,3,1,Vantaggio ospite,2-4,3,SI,1,2,32
1129,Italy,Italy Serie B,Trapani,Empoli,1-1,58,1-1,2,0,Pareggio,2-2,2,SI,1,1,32
1130,England,England FA Trophy,Basford Utd,Mickleover Sports,2-0,64,2-0,2,2,Vantaggio casa,3-0,1,SI,1,0,26
1131,Spain,Spain Segunda B Group 2,Leioa,Salamanca CF UDS,2-0,59,2-0,2,2,Vantaggio casa,2-1,1,SI,0,1,31
1132,Scotland,Scotland Highland League,Fraserburgh,Inverurie Loco Works,1-1,44,1-1,2,0,Pareggio,2-3,3,SI,1,2,46
1133,Togo,Togo Premier Division,US Koroki Metete,ASKO Kara,1-1,61,1-1,2,0,Pareggio,1-1,0,NO,0,0,29
1134,Czech Republic,Czech Republic First League,Sparta Prague,Bohemians 1905,2-0,64,3-0,3,3,Vantaggio casa,4-0,1,SI,1,0,26
1135,Poland,Poland I Liga,Zaglebie Sosnowiec,Chojniczanka Chojnice,1-2,60,2-3,5,1,Vantaggio ospite,3-3,1,SI,1,0,30
1136,Ecuador,Ecuador Campeonato Nacional,Fuerza Amarilla SC,Macara,0-2,53,0-2,2,2,Vantaggio ospite,0-3,1,SI,0,1,37
1137,Antigua & Barbuda,Antigua & Barbuda Premier Division,Old Road FC,Swetes FC,0-1,56,0-1,1,1,Vantaggio ospite,1-3,3,SI,1,2,34
1138,Antigua & Barbuda,Antigua & Barbuda Premier Division,Greenbay Hoppers FC,All Saints Utd FC,2-1,63,4-2,6,2,Vantaggio casa,4-2,0,NO,0,0,27
1139,Japan,Japan J3-League,Giravanz Kitakyushu,YSCC,1-1,58,1-1,2,0,Pareggio,3-1,2,SI,2,0,32
1140,Japan,Japan J2-League,Albirex Niigata,Kyoto Sanga FC,1-0,57,1-0,1,1,Vantaggio casa,3-1,3,SI,2,1,33
1141,Slovakia,Slovakia 2. Liga,STK Samorin,Tatran Liptovsky Mikulas,1-0,55,2-0,2,2,Vantaggio casa,3-0,1,SI,1,0,35
1142,Germany,Germany Bundesliga U19,SC Preussen Munster U19,Borussia Dortmund U19,2-1,65,2-2,4,0,Pareggio,2-4,2,SI,0,2,25
1143,Kenya,Kenya Super League,Vihiga Bullets,Bidco United,2-3,64,2-3,5,1,Vantaggio ospite,2-3,0,NO,0,0,26
1144,Estonia,Estonia Esiliiga,JK Tallinna Kalev II,Parnu JK Vaprus,0-1,65,0-2,2,2,Vantaggio ospite,2-3,3,SI,2,1,25
1145,Spain,Spain Segunda B Group 2,Unionistas de Salamanca CF,Arenas Club de Getxo,1-1,65,1-2,3,1,Vantaggio ospite,1-2,0,NO,0,0,25
1146,Poland,Poland Ekstraklasa,Wisla Plock,Jagiellonia Bialystok,1-0,56,1-1,2,0,Pareggio,3-1,2,SI,2,0,34
1147,Burundi,Burundi Premier League,Bumamuru,Vital'O FC,0-1,55,1-2,3,1,Vantaggio ospite,5-2,4,SI,4,0,35
1148,Poland,Poland I Liga,Chrobry Glogow,Stal Mielec,0-0,65,1-0,1,1,Vantaggio casa,1-0,0,NO,0,0,25
1149,Sweden,Sweden Elitettan,Hammarby Women,IK Uppsala Women,1-0,56,1-1,2,0,Pareggio,1-3,2,SI,0,2,34
1150,Germany,Germany Bundesliga U19,Hertha Berlin U19,RB Leipzig U19,2-0,42,2-0,2,2,Vantaggio casa,2-1,1,SI,0,1,48
1151,Hong Kong,Hong Kong 1st Division,Eastern District,Wong Tai Sin,2-0,52,3-0,3,3,Vantaggio casa,3-3,3,SI,0,3,38
1152,Italy,Italy Serie D,Scandicci,Grosseto,2-0,64,2-0,2,2,Vantaggio casa,2-1,1,SI,0,1,26
1153,Turkey,Turkey Super Lig,Goztepe,Kasimpasa,1-1,62,1-2,3,1,Vantaggio ospite,1-4,2,SI,0,2,28
1154,Switzerland,Switzerland Challenge League,Lausanne Sports,Stade Lausanne-Ouchy,2-0,59,3-0,3,3,Vantaggio casa,5-0,2,SI,2,0,31
1155,Morocco,Morocco GNF 1,Rapide Oued Zem,Raja Beni Mellal,0-0,63,2-0,2,2,Vantaggio casa,3-1,2,SI,1,1,27
1156,United Arab Emirates,UAE Premier League,Al Dhafra SCC,Al Wasl SC,1-2,48,1-2,3,1,Vantaggio ospite,1-3,1,SI,0,1,42
1157,Switzerland,Switzerland Super League,Lugano,St Gallen,0-2,61,1-2,3,1,Vantaggio ospite,1-3,1,SI,0,1,29
1158,Portugal,Portugal Campeonato Nacional,Berco SC,Guimaraes B,1-0,63,1-0,1,1,Vantaggio casa,2-0,1,SI,1,0,27
1159,Sweden,Sweden 1.div Södra,IK Oddevold,Skövde AIK,1-1,61,1-2,3,1,Vantaggio ospite,1-2,0,NO,0,0,29
1160,Mali,Mali Premiere Division,Onze Créateurs,USFAS Bamako,2-0,57,2-0,2,2,Vantaggio casa,2-0,0,NO,0,0,33
1161,England,England Premier League,Norwich,Man Utd,0-2,58,0-2,2,2,Vantaggio ospite,1-3,2,SI,1,1,32
1162,Slovakia,Slovakia Super Liga,Spartak Trnava,MSK Zilina,0-1,65,0-1,1,1,Vantaggio ospite,0-1,0,NO,0,0,25
1163,Norway,Norway Eliteserien,Kristiansund BK,Viking FK,1-0,63,3-1,4,2,Vantaggio casa,4-2,2,SI,1,1,27
1164,Ecuador,Ecuador Campeonato Nacional,Mushuc Runa,Olmedo,1-2,65,1-2,3,1,Vantaggio ospite,1-4,2,SI,0,2,25
1165,Barbados,Barbados Super Cup,Silver Sands FC,St Andrew Lions,3-3,61,3-3,6,0,Pareggio,3-4,1,SI,0,1,29
1166,Georgia,Georgia Erovnuli Liga 2,Shevardeni,FC Gagra,0-1,63,0-2,2,2,Vantaggio ospite,0-3,1,SI,0,1,27
1167,Sweden,Sweden Superettan,Mjallby AIF,Syrianska FC,2-0,62,2-0,2,2,Vantaggio casa,2-0,0,NO,0,0,28
1168,Belgium,Belgium Reserve League,Standard Liege Reserves,Anderlecht Reserves,0-1,63,0-1,1,1,Vantaggio ospite,1-3,3,SI,1,2,27
1169,Israel,Israel Cup,Maccabi Ironi Kiryat Ata,Hapoel Nir Ramat Hasharon,0-0,65,0-1,1,1,Vantaggio ospite,0-1,0,NO,0,0,25
1170,Greece,Greece Cup,Apollon Larissa,Xanthi,0-1,55,1-1,2,0,Pareggio,2-1,1,SI,1,0,35
1171,Germany,Germany DFB Pokal,MSV Duisburg,TSG Hoffenheim,0-0,61,0-2,2,2,Vantaggio ospite,0-2,0,NO,0,0,29
1172,Germany,Germany DFB Pokal,Saarbrucken,Cologne,0-0,54,1-0,1,1,Vantaggio casa,3-2,4,SI,2,2,36
1173,Argentina,Argentina Primera C Metropolitana,Real Pilar,Central Cordoba,1-0,64,3-2,5,1,Vantaggio casa,3-3,1,SI,0,1,26
1174,Germany,Germany DFB Pokal,Arminia Bielefeld,Schalke,0-3,62,0-3,3,3,Vantaggio ospite,2-3,2,SI,2,0,28
1175,Turkey,Turkey Cup,Kemerspor 2003,Kasimpasa,1-2,57,1-2,3,1,Vantaggio ospite,2-3,2,SI,1,1,33
1176,Hungary,Hungary Cup,BKV Elore SC,Ferencvarosi TC,1-2,51,1-2,3,1,Vantaggio ospite,1-3,1,SI,0,1,39
1177,Hungary,Hungary Cup,FC Dabas,Diosgyori VTK,0-2,64,0-3,3,3,Vantaggio ospite,0-3,0,NO,0,0,26
1178,Cyprus,Cyprus Cup,Onisilos Sotira,Ethnikos Achna,0-0,62,0-2,2,2,Vantaggio ospite,1-5,4,SI,1,3,28
1179,Cyprus,Cyprus Cup,Olympiakos Nicosia,PO Xylotympou 2006,4-1,63,4-2,6,2,Vantaggio casa,5-3,2,SI,1,1,27
1180,Croatia,Croatia Cup,Bijelo Brdo,Slaven Belupo,0-0,59,0-1,1,1,Vantaggio ospite,0-2,1,SI,0,1,31
1181,Italy,Italy Primavera Cup,Genoa U19,Virtus Entella U19,1-3,58,3-3,6,0,Pareggio,5-4,3,SI,2,1,32
1182,Italy,Italy Primavera Cup,Sassuolo U19,Bologna U19,2-0,64,2-1,3,1,Vantaggio casa,2-3,2,SI,0,2,26
1183,Russia,Russia Cup,FC Nizhny Novgorod,Shinnik Yaroslavl,0-2,61,1-2,3,1,Vantaggio ospite,2-2,1,SI,1,0,29
1184,Botswana,Botswana Premier League,BDF XI,Notwane FC,1-0,58,1-1,2,0,Pareggio,1-1,0,NO,0,0,32
1185,Poland,Poland Cup,MKP Pogon Siedlce,Piast Gliwice,0-2,64,0-2,2,2,Vantaggio ospite,0-4,2,SI,0,2,26
1186,Romania,Romania Cup,Foresta Suceava,Dinamo Bucharest,0-1,53,0-1,1,1,Vantaggio ospite,0-4,3,SI,0,3,37
1187,Switzerland,Switzerland Cup,Young Boys,FC Zurich,2-0,52,2-0,2,2,Vantaggio casa,4-0,2,SI,2,0,38
1188,Slovenia,Slovenia Cup,NS Mura,NK Domzale,1-2,60,2-2,4,0,Pareggio,3-2,1,SI,1,0,30
1189,Netherlands,Holland Cup,Amsterdamsche FC,Odin 59,2-1,44,2-1,3,1,Vantaggio casa,3-3,3,SI,1,2,46
1190,Netherlands,Holland Cup,RKSV Groene Ster,VVV,0-0,61,1-1,2,0,Pareggio,2-2,2,SI,1,1,29
1191,Netherlands,Holland Cup,Sparta Rotterdam,FC Volendam,1-0,57,1-0,1,1,Vantaggio casa,1-0,0,NO,0,0,33
1192,England,England EFL Cup,Liverpool,Arsenal,2-3,58,3-4,7,1,Vantaggio ospite,5-5,3,SI,2,1,32
1193,Mexico,Mexico Apertura,Pachuca,Monterrey,1-2,65,1-3,4,2,Vantaggio ospite,2-3,1,SI,1,0,25
1194,United Arab Emirates,UAE U19 League,Al Ittihad Kalba U19,Al Wasl SC U19,1-1,45,1-1,2,0,Pareggio,2-3,3,SI,1,2,45
1195,Russia,Russia Cup,FC Orenburg,FK Khimki,0-2,63,1-2,3,1,Vantaggio ospite,1-2,0,NO,0,0,27
1196,Croatia,Croatia 3.HNL,NK Maksimir,NK Vrbovec,2-1,52,2-1,3,1,Vantaggio casa,3-1,1,SI,1,0,38
1197,United Arab Emirates,UAE Premier League,Al Ittihad Kalba,Baniyas SC,2-0,56,2-0,2,2,Vantaggio casa,2-1,1,SI,0,1,34
1198,Norway,Norway Youth Cup,Viking FK U19,Rosenborg U19,1-2,58,1-2,3,1,Vantaggio ospite,2-3,2,SI,1,1,32
1199,Turkey,Turkey Cup,Gazisehir Gaziantep FK,Turgutluspor,1-0,58,1-0,1,1,Vantaggio casa,3-0,2,SI,2,0,32
1200,Romania,Romania Cup,ACS Sepsi,Astra Giurgiu,2-1,57,4-1,5,3,Vantaggio casa,4-2,1,SI,0,1,33
1201,Saudi Arabia,Saudi Arabia Premier League,Al Fateh SC,Al Hilal Riyadh,1-2,54,1-2,3,1,Vantaggio ospite,3-3,3,SI,2,1,36
1202,Switzerland,Switzerland Cup,Bulle,FC Rapperswil-Jona,0-2,57,0-2,2,2,Vantaggio ospite,2-3,3,SI,2,1,33
1203,Switzerland,Switzerland Cup,Lausanne Sports,Neuchatel Xamax,4-0,45,3-0,3,3,Vantaggio casa,6-0,3,SI,3,0,45
1204,CONCACAF,CONCACAF League,Motagua,Alianza FC San Salvador,2-0,63,2-0,2,2,Vantaggio casa,3-0,1,SI,1,0,27
1205,Argentina,Argentina Superliga,Lanus,Boca Juniors,1-1,54,2-1,3,1,Vantaggio casa,2-1,0,NO,0,0,36
1206,Cambodia,Cambodia Premier League,Naga World FC,Svay Rieng FC,0-1,56,0-1,1,1,Vantaggio ospite,2-1,2,SI,2,0,34
1207,Ukraine,Ukraine Reserve League,Karpaty Lviv Reserves,Shakhtar Donetsk Reserves,0-1,65,1-1,2,0,Pareggio,2-3,3,SI,1,2,25
1208,Amichevoli,Friendlies,Vietnam U21,FK Sarajevo U21,2-1,61,2-1,3,1,Vantaggio casa,2-1,0,NO,0,0,29
1209,Israel,Israel Liga Bet North,Hapoel Ramot Menashe,Ihud Bnei Kfar Kara,1-5,54,2-5,7,3,Vantaggio ospite,3-7,3,SI,1,2,36
1210,Oman,Oman Sultans Cup,Mirbat SC,Nizwa,2-1,59,2-2,4,0,Pareggio,3-4,3,SI,1,2,31
1211,Austria,Austria Landesliga,SV Lebring,Ilzer SV,0-1,54,0-1,1,1,Vantaggio ospite,4-3,6,SI,4,2,36
1212,Austria,Austria 2. Liga,Vorwarts Steyr,Grazer AK,1-1,63,1-2,3,1,Vantaggio ospite,2-2,1,SI,1,0,27
1213,Romania,Romania Liga I,Viitorul Constanta,Chindia Targoviste,2-0,54,2-0,2,2,Vantaggio casa,3-0,1,SI,1,0,36
1214,France,France Ligue 2,Chambly Thelle FC,Guingamp,1-2,61,1-3,4,2,Vantaggio ospite,1-5,2,SI,0,2,29
1215,Netherlands,Holland Eerste Divisie,FC Eindhoven,AZ Reserves,0-1,64,1-1,2,0,Pareggio,2-1,1,SI,1,0,26
1216,Peru,Peru Primera Division,Sport Boys,FBC Melgar,3-0,61,3-0,3,3,Vantaggio casa,4-2,3,SI,1,2,29
1217,China,China Division 1,Beijing Sport University FC,Guizhou Hengfeng Zhicheng,1-0,60,1-0,1,1,Vantaggio casa,1-0,0,NO,0,0,30
1218,Kenya,Kenya Premier League,Wazito FC,Sony Sugar FC,2-1,42,2-1,3,1,Vantaggio casa,4-3,4,SI,2,2,48
1219,Romania,Romania Liga II,CS Mioveni,CS Pandurii Lignitul Targu Jiu,2-0,48,2-0,2,2,Vantaggio casa,4-0,2,SI,2,0,42
1220,Russia,Russia Division 2,FK Khimki II,Metallurg Lipetsk,1-1,58,1-1,2,0,Pareggio,1-3,2,SI,0,2,32
1221,Turkey,Turkey 1 Lig,Hatayspor,Altay,1-0,65,3-1,4,2,Vantaggio casa,3-2,1,SI,0,1,25
1222,AFC,AFC U19 Championships,Cambodia U19,Malaysia U19,0-3,46,0-3,3,3,Vantaggio ospite,4-5,6,SI,4,2,44
1223,Poland,Poland I Liga,Miedz Legnica,Radomiak Radom,3-0,60,3-0,3,3,Vantaggio casa,3-1,1,SI,0,1,30
1224,Austria,Austria Regionalliga Mitte,Wolfsberger AC II,TUS Bad Gleichenberg,1-2,61,1-2,3,1,Vantaggio ospite,3-3,3,SI,2,1,29
1225,Sweden,Sweden Allsvenskan,Helsingborg,Elfsborg,0-1,62,1-2,3,1,Vantaggio ospite,1-2,0,NO,0,0,28
1226,Sweden,Sweden Div 2 Qualification,BK Olympic,IFK Berga,0-1,57,1-1,2,0,Pareggio,2-3,3,SI,1,2,33
1227,Singapore,Singapore Cup,Tampines Rovers FC,Warriors FC,2-2,60,3-2,5,1,Vantaggio casa,4-3,2,SI,1,1,30
1228,Denmark,Denmark 2. Division Group 1,FA 2000,Frem,1-2,62,2-3,5,1,Vantaggio ospite,4-4,3,SI,2,1,28
1229,Denmark,Denmark Series Group 2,Ishoj,Avedøre,3-1,53,3-1,4,2,Vantaggio casa,4-1,1,SI,1,0,37
1230,Denmark,Denmark Division 1,Vejle,Fremad Amager,2-0,58,3-0,3,3,Vantaggio casa,4-0,1,SI,1,0,32
1231,Denmark,Denmark 2. Division Group 2,Dalum,Vejgaard B,2-1,65,2-1,3,1,Vantaggio casa,3-1,1,SI,1,0,25
1232,Czech Republic,Czech Republic First League,Sigma Olomouc,Mlada Boleslav,1-0,65,2-2,4,0,Pareggio,2-2,0,NO,0,0,25
1233,Norway,Norway Division 1,Kongsvinger,Sandnes Ulf,1-1,64,1-2,3,1,Vantaggio ospite,1-2,0,NO,0,0,26
1234,England,England National League South,Dulwich,Bath City,0-1,62,1-2,3,1,Vantaggio ospite,1-3,1,SI,0,1,28
1235,Malta,Malta Premier League,Mosta FC,Floriana,0-2,54,0-3,3,3,Vantaggio ospite,1-3,1,SI,1,0,36
1236,Oman,Oman Sultans Cup,Al-Nasr Salalah,Salalah SC,1-1,53,1-1,2,0,Pareggio,2-1,1,SI,1,0,37
1237,Slovakia,Slovakia Super Liga,MFK Zemplin Michalovce,FC Vion Zlate Moravce,1-1,64,2-1,3,1,Vantaggio casa,2-2,1,SI,0,1,26
1238,Hungary,Hungary NB I,Zalaegerszegi TE,MOL Fehervar FC,2-0,58,2-2,4,0,Pareggio,3-3,2,SI,1,1,32
1239,France,France National 2,Vitre,FC Fleury 91,1-1,59,2-1,3,1,Vantaggio casa,3-2,2,SI,1,1,31
1240,Scotland,Scotland League Cup,Hibernian,Celtic,1-3,59,2-4,6,2,Vantaggio ospite,2-5,1,SI,0,1,31
1241,Argentina,Argentina Primera B Metropolitana,CSD Flandria,CA Colegiales,2-0,60,2-0,2,2,Vantaggio casa,4-2,4,SI,2,2,30
1242,Argentina,Argentina Primera C Metropolitana,Excursionistas,Berazategui,1-0,60,1-1,2,0,Pareggio,2-4,4,SI,1,3,30
1243,Belgium,Belgium First Division A,Sint-Truidense,KV Oostende,0-0,65,1-0,1,1,Vantaggio casa,1-0,0,NO,0,0,25
1244,Brazil,Brazil Serie B,Oeste,CRB,0-1,51,0-1,1,1,Vantaggio ospite,3-3,5,SI,3,2,39
1245,Argentina,Argentina Superliga,Rosario Central,Godoy Cruz,3-1,61,3-2,5,1,Vantaggio casa,5-2,2,SI,2,0,29
1246,Barbados,Barbados Super Cup,Barbados Soccer Academy,Empire Club,0-3,48,0-3,3,3,Vantaggio ospite,0-3,0,NO,0,0,42
1247,USA,USA USL Championship,Nashville SC,Indy Eleven,0-0,59,0-1,1,1,Vantaggio ospite,0-1,0,NO,0,0,31
1248,Costa Rica,Costa Rica Primera Division,Herediano,Santos de Guápiles,4-1,60,6-1,7,5,Vantaggio casa,6-2,1,SI,0,1,30
1249,Mexico,Mexico Apertura,Necaxa,Pachuca,0-1,63,0-1,1,1,Vantaggio ospite,1-2,2,SI,1,1,27
1250,Hong Kong,Hong Kong 1st Division,Central & Western,Resources Capital FC,1-0,58,1-0,1,1,Vantaggio casa,1-1,1,SI,0,1,32
1251,Kazakhstan,Kazakhstan Premier League,Irtysh Pavlodar,Kairat Almaty,1-0,50,1-0,1,1,Vantaggio casa,5-0,4,SI,4,0,40
1252,Slovakia,Slovakia 2. Liga,MSK Zilina B,Dukla Banska Bystrica,0-2,63,1-2,3,1,Vantaggio ospite,1-2,0,NO,0,0,27
1253,Austria,Austria 2. Liga,Austria Lustenau,FC Wacker Innsbruck,0-1,64,0-3,3,3,Vantaggio ospite,2-3,2,SI,2,0,26
1254,Turkey,Turkey 3.Lig Group 3,Yeni Altindag Belediyespor,Pazarspor,1-2,64,2-3,5,1,Vantaggio ospite,3-4,2,SI,1,1,26
1255,Spain,Spain Segunda B Group 1,Sporting Gijon B,Real Madrid B,3-0,56,3-1,4,2,Vantaggio casa,4-2,2,SI,1,1,34
1256,Azerbaijan,Azerbaijan Premier League,Zira IK,FK Sumqayit,1-1,48,1-1,2,0,Pareggio,2-2,2,SI,1,1,42
1257,Serbia,Serbia U19 League,FK Trajal Krusevac U19,OFK Belgrade U19,1-1,63,1-1,2,0,Pareggio,1-1,0,NO,0,0,27
1258,Malawi,Malawi Super League,Big Bullets,Mzuzu University,2-1,65,2-1,3,1,Vantaggio casa,3-2,2,SI,1,1,25
1259,Belgium,Belgium First Division A,Anderlecht,Cercle Brugge,2-1,60,2-1,3,1,Vantaggio casa,2-1,0,NO,0,0,30
1260,Turkey,Turkey 1 Lig,Eskisehirspor,Osmanlispor FK,1-1,65,2-1,3,1,Vantaggio casa,3-2,2,SI,1,1,25
1261,Turkey,Turkey Super Lig,Kasimpasa,Yeni Malatyaspor,1-0,57,1-0,1,1,Vantaggio casa,2-2,3,SI,1,2,33
1262,Sweden,Sweden Superettan,Jonkopings Sodra,Brommapojkarna,0-1,65,1-1,2,0,Pareggio,2-2,2,SI,1,1,25
1263,Italy,Italy Serie C Group C,ASD Sicula Leonzio,Cavese,2-0,60,3-0,3,3,Vantaggio casa,3-1,1,SI,0,1,30
1264,Serbia,Serbia Super Liga,FK Radnik Surdulica,FK Vozdovac,0-0,64,0-1,1,1,Vantaggio ospite,2-2,3,SI,2,1,26
1265,Spain,Spain Youth League,CD 26 de Febrero U19,Malaga U19,0-4,55,0-4,4,4,Vantaggio ospite,0-5,1,SI,0,1,35
1266,Hungary,Hungary NB II,Vasas SC,BFC Siofok,1-1,57,1-1,2,0,Pareggio,2-2,2,SI,1,1,33
1267,Croatia,Croatia 1.HNL,NK Osijek,HNK Rijeka,0-2,65,1-2,3,1,Vantaggio ospite,3-2,2,SI,2,0,25
1268,Mauritania,Mauritania Division 1,ASC Tidjikja,ASC Kedia,1-2,58,1-2,3,1,Vantaggio ospite,1-2,0,NO,0,0,32
1269,Guatemala,Guatemala Primera Division,Solola FC,Nueva Concepcion,1-0,65,2-0,2,2,Vantaggio casa,2-0,0,NO,0,0,25
1270,Guatemala,Guatemala Liga Nacional,Deportivo Sanarate FC,Xelaju,1-0,64,1-0,1,1,Vantaggio casa,1-0,0,NO,0,0,26
1271,Spain,Spain Segunda,Real Zaragoza,Las Palmas,2-0,64,2-0,2,2,Vantaggio casa,3-0,1,SI,1,0,26
1272,Belgium,Belgium First Division A,KV Mechelen,Charleroi,2-2,65,2-2,4,0,Pareggio,2-2,0,NO,0,0,25
1273,Antigua & Barbuda,Antigua & Barbuda Premier Division,All Saints Utd FC,Five Islands,1-1,47,1-1,2,0,Pareggio,1-1,0,NO,0,0,43
1274,Antigua & Barbuda,Antigua & Barbuda Premier Division,Parham FC,Liberta,1-0,46,1-0,1,1,Vantaggio casa,1-1,1,SI,0,1,44
1275,Hong Kong,Hong Kong Premier League,HK Pegasus,Southern District,0-0,62,2-1,3,1,Vantaggio casa,2-2,1,SI,0,1,28
1276,Israel,Israel Liga Bet North,Hapoel Tirat HaCarmel,Maccabi Umm al-Fahm,0-1,61,0-1,1,1,Vantaggio ospite,0-1,0,NO,0,0,29
1277,Romania,Romania Liga I,Astra Giurgiu,CSM Politehnica Iasi,1-0,64,1-0,1,1,Vantaggio casa,4-0,3,SI,3,0,26
1278,Lithuania,Lithuania A Lyga,FK Riteriai,Atlantas Klaipeda,2-2,51,2-2,4,0,Pareggio,5-2,3,SI,3,0,39
1279,Croatia,Croatia 1.HNL,NK Lokomotiva Zagreb,NK Varazdin,1-1,57,1-1,2,0,Pareggio,2-1,1,SI,1,0,33
1280,Netherlands,Holland Eerste Divisie,Ajax Reserves,FC Volendam,0-0,57,0-1,1,1,Vantaggio ospite,1-3,3,SI,1,2,33
1281,Bulgaria,Bulgaria First League,Botev Vratsa,FK Vitosha,1-0,64,1-0,1,1,Vantaggio casa,1-1,1,SI,0,1,26
1282,Israel,Israel Liga Bet North,Maccabi Ahva Yarka,FC Achva Kfar Manda,0-2,63,0-4,4,4,Vantaggio ospite,2-7,5,SI,2,3,27
1283,UEFA,UEFA Youth League,Borussia Dortmund U19,Inter Milan U19,0-0,60,1-0,1,1,Vantaggio casa,2-1,2,SI,1,1,30
1284,UEFA,UEFA Youth League,Barcelona U19,Slavia Prague U19,1-1,63,1-2,3,1,Vantaggio ospite,2-3,2,SI,1,1,27
1285,UEFA,UEFA Youth League,Lyon U19,Benfica U19,0-2,57,1-2,3,1,Vantaggio ospite,2-3,2,SI,1,1,33
1286,UEFA,UEFA Champions League,Zenit St Petersburg,RB Leipzig,0-1,58,0-1,1,1,Vantaggio ospite,0-2,1,SI,0,1,32
1287,England,England National League,Hartlepool,Solihull Moors,0-0,59,0-1,1,1,Vantaggio ospite,0-1,0,NO,0,0,31
1288,Brazil,Brazil Serie B,Atletico Goianiense,Londrina,0-0,63,1-0,1,1,Vantaggio casa,2-1,2,SI,1,1,27
1289,Brazil,Brazil Serie B,Cuiaba,CRB,3-1,48,3-1,4,2,Vantaggio casa,5-1,2,SI,2,0,42
1290,Brazil,Brazil Serie B,Bragantino,Guarani SP,0-0,63,1-0,1,1,Vantaggio casa,3-1,3,SI,2,1,27
1291,Hungary,Hungary NB II,Gyirmot SE,MTK Budapest,1-1,60,1-2,3,1,Vantaggio ospite,1-2,0,NO,0,0,30
1292,UEFA,UEFA Champions League,Lokomotiv Moscow,Juventus,1-1,64,1-1,2,0,Pareggio,1-2,1,SI,0,1,26
1293,UEFA,UEFA Youth League,IA Akranes U19,Derby U19,0-2,62,0-2,2,2,Vantaggio ospite,1-2,1,SI,1,0,28
1294,Northern Ireland,Northern Ireland Reserve League,Carrick Rangers Reserves,Linfield Reserves,0-2,51,0-2,2,2,Vantaggio ospite,1-4,3,SI,1,2,39
1295,Qatar,Qatar Stars League,Al-Arabi Doha,Al-Sailiya SC,1-0,63,1-1,2,0,Pareggio,1-2,1,SI,0,1,27
1296,AFC,AFC U19 Championships,Cambodia U19,Thailand U19,2-0,48,2-0,2,2,Vantaggio casa,2-1,1,SI,0,1,42
1297,Romania,Romania Liga III,Unirea Dej,CS Sanatatea Servicii Publice Cluj,3-1,63,3-1,4,2,Vantaggio casa,4-2,2,SI,1,1,27
1298,United Arab Emirates,UAE U19 League,Al Arabi Umm Al Quwain U19,Al Ittihad Kalba U19,1-1,63,1-1,2,0,Pareggio,1-1,0,NO,0,0,27
1299,Azerbaijan,Azerbaijan Division 1,FK Qarabag II,FK Sumqayit II,0-1,65,1-1,2,0,Pareggio,1-2,1,SI,0,1,25
1300,Europa (amichevoli),Europe Friendlies,BK Hacken,Ljungskile SK,0-1,57,0-1,1,1,Vantaggio ospite,1-1,1,SI,1,0,33
1301,AFC,AFC U19 Championships,Qatar U19,Turkmenistan U19,0-0,62,1-1,2,0,Pareggio,4-1,3,SI,3,0,28
1302,Lithuania,Lithuania A Lyga,FK Zalgiris Vilnius,FK Riteriai,1-2,55,1-2,3,1,Vantaggio ospite,1-3,1,SI,0,1,35
1303,Czech Republic,Czech Republic 2. Liga,Vysocina Jihlava,FC Sellier & Bellot Vlasim,2-0,59,3-0,3,3,Vantaggio casa,4-1,2,SI,1,1,31
1304,Denmark,Denmark Division 1,Viborg,Naestved,0-0,63,1-1,2,0,Pareggio,2-1,1,SI,1,0,27
1305,Czech Republic,Czech Republic First League,Mlada Boleslav,Bohemians 1905,0-1,51,2-1,3,1,Vantaggio casa,2-1,0,NO,0,0,39
1306,Turkey,Turkey Super Lig,Fenerbahce,Kasimpasa,2-1,55,2-1,3,1,Vantaggio casa,3-2,2,SI,1,1,35
1307,Germany,Germany Regionalliga North East,Babelsberg 03,Optik Rathenow,2-1,52,2-2,4,0,Pareggio,3-2,1,SI,1,0,38
1308,Poland,Poland I Liga,Sandecja Nowy Sacz,Olimpia Grudziadz,2-0,64,2-0,2,2,Vantaggio casa,3-1,2,SI,1,1,26
1309,Netherlands,Holland Eerste Divisie,Excelsior,FC Eindhoven,3-3,57,4-4,8,0,Pareggio,5-4,1,SI,1,0,33
1310,Japan,Japan J3-League,Grulla Morioka FC,Gamba Osaka U23,1-1,57,2-1,3,1,Vantaggio casa,3-3,3,SI,1,2,33
1311,Japan,Japan J-League,Yokohama F-Marinos,Consadole Sapporo,3-1,56,3-1,4,2,Vantaggio casa,4-2,2,SI,1,1,34
1312,Japan,Japan J-League,Cerezo Osaka,Shonan Bellmare,0-0,50,1-0,1,1,Vantaggio casa,1-0,0,NO,0,0,40
1313,Russia,Russia Division 1,FK Yenisey,FK Khimki,0-0,65,1-0,1,1,Vantaggio casa,1-0,0,NO,0,0,25
1314,Hong Kong,Hong Kong Senior Shield,Southern District,Eastern Long Lions,0-1,51,0-1,1,1,Vantaggio ospite,0-1,0,NO,0,0,39
1315,Italy,Italy Campionato Primavera 2,Frosinone U19,Lecce U19,1-1,56,1-1,2,0,Pareggio,2-1,1,SI,1,0,34
1316,Germany,Germany Bundesliga U19,Augsburg U19,TSG Hoffenheim U19,1-2,47,1-2,3,1,Vantaggio ospite,2-3,2,SI,1,1,43
1317,Turkey,Turkey 3.Lig Group 1,Yomraspor,24 Erzincanspor,0-1,58,1-1,2,0,Pareggio,1-1,0,NO,0,0,32
1318,Turkey,Turkey 2 Lig Beyaz,Bak Spor Kulubu,Kirklarelispor,0-1,54,0-1,1,1,Vantaggio ospite,0-1,0,NO,0,0,36
1319,Turkey,Turkey 3.Lig Group 1,Sultanbeyli Belediyespor,Tire 1922 Spor,2-0,56,2-0,2,2,Vantaggio casa,3-0,1,SI,1,0,34
1320,Turkey,Turkey 3.Lig Group 3,Halide Edip Adivarspor,Muglaspor,1-2,61,1-2,3,1,Vantaggio ospite,1-2,0,NO,0,0,29
1321,Estonia,Estonia Meistriliiga,Maardu Linnameeskond,FC Flora Tallinn,0-4,52,0-6,6,6,Vantaggio ospite,0-12,6,SI,0,6,38
1322,Spain,Spain Youth League,Malaga U19,Almeria U19,0-1,64,1-1,2,0,Pareggio,1-1,0,NO,0,0,26
1323,Russia,Russia Division 1,Avangard Kursk,Tomsk,0-2,63,0-2,2,2,Vantaggio ospite,3-2,3,SI,3,0,27
1324,Austria,Austria Regionalliga Mitte,FC Wels,TUS Bad Gleichenberg,0-3,62,1-3,4,2,Vantaggio ospite,1-6,3,SI,0,3,28
1325,Sweden,Sweden Cup,Enskede IK,AIK,0-4,45,0-4,4,4,Vantaggio ospite,0-7,3,SI,0,3,45
1326,Poland,Poland I Liga,Radomiak Radom,MKS Puszcza Niepolomice,0-1,54,0-1,1,1,Vantaggio ospite,1-1,1,SI,1,0,36
1327,Russia,Russia Division 1,FK Armavir,Shinnik Yaroslavl,0-0,61,0-1,1,1,Vantaggio ospite,0-1,0,NO,0,0,29
1328,Azerbaijan,Azerbaijan Premier League,Keshla FK,Neftchi Baku,0-1,63,1-1,2,0,Pareggio,2-1,1,SI,1,0,27
1329,Austria,Austria 2. Liga,FC Dornbirn 1913,FC Blau Weiss Linz,0-2,65,0-2,2,2,Vantaggio ospite,2-2,2,SI,2,0,25
1330,Austria,Austria Regionalliga Mitte,SC Kalsdorf,ATSV Wolfsberg,1-1,62,1-1,2,0,Pareggio,1-2,1,SI,0,1,28
1331,Norway,Norway Division 1,Raufoss,Skeid,3-2,65,3-4,7,1,Vantaggio ospite,4-5,2,SI,1,1,25
1332,Poland,Poland I Liga,Chojniczanka Chojnice,Stal Mielec,0-1,63,0-1,1,1,Vantaggio ospite,0-2,1,SI,0,1,27
1333,Algeria,Algeria Division 2,MC El Eulma,WA Tlemcen,0-0,51,1-0,1,1,Vantaggio casa,2-1,2,SI,1,1,39
1334,France,France Ligue 1,Brest,PSG,0-1,63,0-1,1,1,Vantaggio ospite,1-2,2,SI,1,1,27
1335,Mauritania,Mauritania Division 1,ASC Garde Nationale,JAHE,1-0,63,1-0,1,1,Vantaggio casa,2-0,1,SI,1,0,27
1336,Republic of Ireland,Republic of Ireland Munster Senior League,Castleview FC,Blarney United,1-2,57,1-2,3,1,Vantaggio ospite,2-3,2,SI,1,1,33
1337,Switzerland,Switzerland Super League,Lucerne,Servette,0-2,63,0-2,2,2,Vantaggio ospite,1-2,1,SI,1,0,27
1338,Mexico,Mexico Segunda Division,Unam Pumas II,Cruz Azul Hidalgo,1-3,64,1-3,4,2,Vantaggio ospite,1-4,1,SI,0,1,26
1339,Poland,Poland Ekstraklasa,Wisla Krakow,Arka Gdynia,0-0,54,0-1,1,1,Vantaggio ospite,0-1,0,NO,0,0,36
1340,Antigua & Barbuda,Antigua & Barbuda Premier Division,All Saints Utd FC,Swetes FC,1-0,51,1-0,1,1,Vantaggio casa,1-0,0,NO,0,0,39
1341,Mexico,Mexico Segunda Division,Chapulineros,Ciervos FC,2-0,61,2-0,2,2,Vantaggio casa,3-0,1,SI,1,0,29
1342,Nicaragua,Nicaragua Apertura,Managua FC,Las Sabanas FC,1-0,65,3-0,3,3,Vantaggio casa,4-0,1,SI,1,0,25
1343,Antigua & Barbuda,Antigua & Barbuda Premier Division,Ottos Rangers FC,Greenbay Hoppers FC,2-0,64,3-1,4,2,Vantaggio casa,4-2,2,SI,1,1,26
1344,Argentina,Argentina Superliga,Godoy Cruz,CA Independiente,1-0,64,1-2,3,1,Vantaggio ospite,1-2,0,NO,0,0,26
1345,Hong Kong,Hong Kong 1st Division,Wong Tai Sin,Hong Kong FC,1-3,63,2-4,6,2,Vantaggio ospite,2-7,3,SI,0,3,27
1346,Russia,Russia U20 League,Lokomotiv Moscow U20,Krasnodar U20,0-1,60,1-2,3,1,Vantaggio ospite,1-2,0,NO,0,0,30
1347,Czech Republic,Czech Republic 3. Ligy,Hradec Kralove B,FK Teplice B,1-1,59,2-1,3,1,Vantaggio casa,7-1,5,SI,5,0,31
1348,Turkey,Turkey 3.Lig Group 3,Yesilyurt,Golcukspor,1-1,57,1-1,2,0,Pareggio,2-2,2,SI,1,1,33
1349,Turkey,Turkey 3.Lig Group 1,Catalca Spor,68 Aksaray Belediyespor,3-1,57,3-3,6,0,Pareggio,3-3,0,NO,0,0,33
1350,Spain,Spain Segunda B Group 1,Las Rozas,Pontevedra,1-1,62,1-2,3,1,Vantaggio ospite,1-3,1,SI,0,1,28
1351,Estonia,Estonia Esiliiga,JK Tallinna Kalev II,Tartu JK Welco,2-2,59,2-2,4,0,Pareggio,2-3,1,SI,0,1,31
1352,Ukraine,Ukraine Persha Liga,FC Cherkashchyna,Obolon Brovar Kiev,0-1,55,0-1,1,1,Vantaggio ospite,1-2,2,SI,1,1,35
1353,Croatia,Croatia 2.HNL,NK Croatia Zmijavci,HNK Sibenik,1-0,51,1-0,1,1,Vantaggio casa,2-0,1,SI,1,0,39
1354,Denmark,Denmark Superligaen,AGF Aarhus,Sonderjyske,2-0,65,3-1,4,2,Vantaggio casa,4-2,2,SI,1,1,25
1355,Serbia,Serbia Super Liga,FK Backa Topola,FK Vozdovac,1-1,62,2-1,3,1,Vantaggio casa,2-2,1,SI,0,1,28
1356,Serbia,Serbia Super Liga,Javor Ivanjica,Red Star Belgrade,1-0,61,1-0,1,1,Vantaggio casa,1-1,1,SI,0,1,29
1357,France,France U19 League,PSG U19,Boulogne U19,3-0,63,5-2,7,3,Vantaggio casa,6-4,3,SI,1,2,27
1358,Togo,Togo Premier Division,ASC Kara,Unisport de Sokode,1-1,60,1-1,2,0,Pareggio,2-2,2,SI,1,1,30
1359,Portugal,Portugal Segunda Liga,Academico Viseu,Vilafranquense,0-1,64,0-2,2,2,Vantaggio ospite,0-2,0,NO,0,0,26
1360,Austria,Austria Bundesliga,Wolfsberger AC,FC Salzburg,0-1,44,0-1,1,1,Vantaggio ospite,0-3,2,SI,0,2,46
1361,Turkey,Turkey Super Lig,Istanbul Basaksehir,Ankaragucu,1-0,57,1-0,1,1,Vantaggio casa,2-1,2,SI,1,1,33
1362,Hungary,Hungary NB I,Debreceni VSC,Ferencvarosi TC,0-2,65,1-3,4,2,Vantaggio ospite,1-6,3,SI,0,3,25
1363,Croatia,Croatia 1.HNL,HNK Rijeka,Dinamo Zagreb,0-4,48,0-4,4,4,Vantaggio ospite,0-5,1,SI,0,1,42
1364,Peru,Peru Primera Division,Unión Comercio,Sport Huancayo,1-1,53,1-1,2,0,Pareggio,1-2,1,SI,0,1,37
1365,Antigua & Barbuda,Antigua & Barbuda Premier Division,Parham FC,Five Islands,0-2,38,0-2,2,2,Vantaggio ospite,1-5,4,SI,1,3,52
1366,Uruguay,Uruguay Clausura,Atletico Fenix Montevideo,Cerro Largo,1-1,53,1-1,2,0,Pareggio,1-1,0,NO,0,0,37
1367,U23,U23 Africa Cup of Nations,Egypt U23,Ghana U23,1-1,57,1-2,3,1,Vantaggio ospite,3-2,2,SI,2,0,33
1368,Colombia,Colombia Primera B,Bogota FC,Fortaleza CEIF,0-0,62,0-1,1,1,Vantaggio ospite,0-3,2,SI,0,2,28
1369,India,India Shillong Premier League,Laban SC,Nangkiew Irat,1-2,60,1-2,3,1,Vantaggio ospite,1-3,1,SI,0,1,30
1370,Europa (nazionali),European U19 Championship Qual,Cyprus U19,Slovakia U19,1-1,60,1-1,2,0,Pareggio,1-2,1,SI,0,1,30
1371,Kenya,Kenya Super League,Muranga Seal,FC Talanta,1-0,56,1-0,1,1,Vantaggio casa,1-0,0,NO,0,0,34
1372,Spain,Spain Copa del Rey,CA Antoniano,Atletico Porcuna CF,2-0,46,2-0,2,2,Vantaggio casa,2-0,0,NO,0,0,44
1373,Brazil,Brazil Serie B,Botafogo SP,Sport Recife,0-1,63,0-2,2,2,Vantaggio ospite,0-2,0,NO,0,0,27
1374,Asia (nazionali),Asia - World Cup Qualifying,Myanmar,Tajikistan,2-1,63,4-2,6,2,Vantaggio casa,4-3,1,SI,0,1,27
1375,Asia (nazionali),Asia - World Cup Qualifying,Uzbekistan,Saudi Arabia,1-1,64,2-1,3,1,Vantaggio casa,2-3,2,SI,0,2,26
1376,Saudi Arabia,Saudi Arabia Division 2,Al-Riyadh,Al Anwar Club,1-0,57,1-0,1,1,Vantaggio casa,2-1,2,SI,1,1,33
1377,Nazionali U20,U20 International,Poland U20,Switzerland U20,1-0,59,3-0,3,3,Vantaggio casa,5-1,3,SI,2,1,31
1378,Asia (nazionali),Asia - World Cup Qualifying,Kuwait,Chinese Taipei,2-0,65,6-0,6,6,Vantaggio casa,9-0,3,SI,3,0,25
1379,Nazionali U19,U19 International,Holland U19,Czech Rep U19,2-2,52,2-2,4,0,Pareggio,3-3,2,SI,1,1,38
1380,CONCACAF,CONCACAF Nations League,Bahamas,British Virgin Islands,3-0,63,3-0,3,3,Vantaggio casa,3-0,0,NO,0,0,27
1381,Colombia,Colombia Primera A,Cucuta Deportivo,Junior,1-1,62,1-1,2,0,Pareggio,1-3,2,SI,0,2,28
1382,Mondo (amichevoli),World Club Friendlies,Pakistan Air Force,Pakistan Army,3-0,63,4-1,5,3,Vantaggio casa,7-1,3,SI,3,0,27
1383,Romania,Romania Liga III,CS Sanatatea Servicii Publice Cluj,FC Unirea Alba Iulia,2-1,65,3-1,4,2,Vantaggio casa,4-1,1,SI,1,0,25
1384,Europa (amichevoli),Europe Friendlies,Mainz,Darmstadt,0-1,58,0-1,1,1,Vantaggio ospite,2-1,2,SI,2,0,32
1385,Europa (nazionali),European U21 Championship Qual,Ukraine U21,Denmark U21,0-2,58,0-2,2,2,Vantaggio ospite,2-3,3,SI,2,1,32
1386,Denmark,Denmark Division 1,Hvidovre IF,FC Fredericia,0-1,65,1-3,4,2,Vantaggio ospite,2-3,1,SI,1,0,25
1387,France,France Cup,Le Havre,Dunkerque,1-1,60,1-1,2,0,Pareggio,1-3,2,SI,0,2,30
1388,Europa (nazionali),Euro 2020 Qualifying,Bosnia-Herzegovina,Italy,0-2,63,0-3,3,3,Vantaggio ospite,0-3,0,NO,0,0,27
1389,Northern Ireland,Northern Ireland Premier,Carrick Rangers,Crusaders,1-0,56,1-1,2,0,Pareggio,1-3,2,SI,0,2,34
1390,Republic of Ireland,Republic of Ireland Leinster Senior League,Liffey Wanderers,Edenderry Town FC,1-0,57,2-2,4,0,Pareggio,3-3,2,SI,1,1,33
1391,Trinidad & Tobago,Trinidad & Tobago League Cup,San Juan Jabloteh,North East Stars FC,1-2,57,1-2,3,1,Vantaggio ospite,2-2,1,SI,1,0,33
1392,Australia,Australia A-League,Central Coast Mariners,Adelaide United,1-3,64,1-3,4,2,Vantaggio ospite,1-3,0,NO,0,0,26
1393,Romania,Romania Liga II,ACS Viitorul Pandurii Targu Jiu,FK Csikszereda Miercurea Ciuc,1-0,56,1-1,2,0,Pareggio,1-1,0,NO,0,0,34
1394,South Africa,South Africa Diski Challenge,Amazulu Reserves,Golden Arrows Reserves,2-1,59,3-1,4,2,Vantaggio casa,4-1,1,SI,1,0,31
1395,Czech Republic,Czech Republic 3. Ligy,Stechovice,Jiskra Domazlice,0-0,64,0-2,2,2,Vantaggio ospite,0-3,1,SI,0,1,26
1396,Turkey,Turkey 3.Lig Group 1,Cankaya FK,Sultanbeyli Belediyespor,0-1,43,0-1,1,1,Vantaggio ospite,0-2,1,SI,0,1,47
1397,Slovakia,Slovakia Cup,Partizan Bardejov,Slovan Bratislava,1-4,47,1-5,6,4,Vantaggio ospite,2-5,1,SI,1,0,43
1398,Latvia,Latvia Play-Offs,SK Super Nova,Metta/LU,1-1,55,1-2,3,1,Vantaggio ospite,1-3,1,SI,0,1,35
1399,Czech Republic,Czech Republic 3. Ligy,FC Odra Petrkovice,Hanacka Slavia Kromeriz,1-0,60,2-0,2,2,Vantaggio casa,3-2,3,SI,1,2,30
1400,United Arab Emirates,UAE Division 1,Masafi,Dibba Al Fujairah,1-2,53,1-2,3,1,Vantaggio ospite,1-4,2,SI,0,2,37
1401,Austria,Austria Landesliga,ASV 13 Vienna,FC Stadlau,0-0,64,1-0,1,1,Vantaggio casa,1-0,0,NO,0,0,26
1402,Europa (nazionali),European U19 Championship Qual,Italy U19,Cyprus U19,1-0,45,1-0,1,1,Vantaggio casa,2-0,1,SI,1,0,45
1403,Austria,Austria Regionalliga Ost,SC Wiener Viktoria,FCM Traiskirchen,1-0,63,3-1,4,2,Vantaggio casa,3-3,2,SI,0,2,27
1404,Netherlands,Holland Tweede Divisie,Koninklijke HFC,Rijnsburgse Boys,0-1,57,1-1,2,0,Pareggio,2-1,1,SI,1,0,33
1405,France,France Cup,Chateauroux,Niort,1-1,61,1-1,2,0,Pareggio,1-1,0,NO,0,0,29
1406,Spain,Spain Segunda B Group 1,Sporting Gijon B,Celta de Vigo B,1-1,63,1-1,2,0,Pareggio,1-1,0,NO,0,0,27
1407,England,England National League North,AFC Telford,Spennymoor Town,1-2,54,2-2,4,0,Pareggio,2-2,0,NO,0,0,36
1408,England,England League 2,Walsall,Cambridge Utd,2-0,57,2-0,2,2,Vantaggio casa,2-1,1,SI,0,1,33
1409,England,England National League North,Bradford P A,Leamington,0-2,58,0-3,3,3,Vantaggio ospite,0-3,0,NO,0,0,32
1410,Burkina Faso,Burkina Faso League,Sonabel,RC Bobo Dioulasso,0-1,58,0-1,1,1,Vantaggio ospite,0-2,1,SI,0,1,32
1411,Europa (nazionali),Euro 2020 Qualifying,San Marino,Kazakhstan,0-3,63,0-3,3,3,Vantaggio ospite,1-3,1,SI,1,0,27
1412,Europa (nazionali),Euro 2020 Qualifying,Azerbaijan,Wales,0-2,58,0-2,2,2,Vantaggio ospite,0-2,0,NO,0,0,32
1413,England,England National League,Yeovil,Dover,0-0,62,0-1,1,1,Vantaggio ospite,0-1,0,NO,0,0,28
1414,Italy,Italy Serie C Group A,US Pergolettese,Albinoleffe,0-0,64,1-1,2,0,Pareggio,2-1,1,SI,1,0,26
1415,Europa (nazionali),Euro 2020 Qualifying,Israel,Poland,0-1,60,0-2,2,2,Vantaggio ospite,1-2,1,SI,1,0,30
1416,Argentina,Argentina Torneo A,Deportivo Madryn,Sol de Mayo,2-0,54,2-0,2,2,Vantaggio casa,2-0,0,NO,0,0,36
1417,Japan,Japan J3-League,Gainare Tottori,Fukushima Utd,0-2,65,0-2,2,2,Vantaggio ospite,1-2,1,SI,1,0,25
1418,Czech Republic,Czech Republic 3. Ligy,Slovan Liberec B,Usti N Orlici,2-1,52,2-1,3,1,Vantaggio casa,3-3,3,SI,1,2,38
1419,Turkey,Turkey 3.Lig Group 1,Manisaspor,Catalca Spor,0-1,53,0-2,2,2,Vantaggio ospite,1-7,6,SI,1,5,37
1420,Spain,Spain Segunda,Ponferradina,Girona,0-0,57,1-1,2,0,Pareggio,1-1,0,NO,0,0,33
1421,Russia,Russia Division 2,FC Spartak Vladikavkaz,Anzhi Makhachkala,1-0,65,1-0,1,1,Vantaggio casa,1-0,0,NO,0,0,25
1422,Croatia,Croatia U19 League,NK Inter-Zapresic U19,NK Osijek U19,0-1,60,1-1,2,0,Pareggio,1-4,3,SI,0,3,30
1423,Slovenia,Slovenia 3. SNL,NK Arne Tabor 69,NK Ziri,0-2,65,0-3,3,3,Vantaggio ospite,2-4,3,SI,2,1,25
1424,Malawi,Malawi Super League,Mlatho Mponela FC,Blue Eagles,0-2,47,0-2,2,2,Vantaggio ospite,2-3,3,SI,2,1,43
1425,Greece,Greece Super League 2,Ergotelis,AE Karaiskakis,3-1,52,3-1,4,2,Vantaggio casa,4-2,2,SI,1,1,38
1426,Greece,Greece Football League,Aspropyrgos,OF Ierapetras,2-0,63,2-0,2,2,Vantaggio casa,3-0,1,SI,1,0,27
1427,Spain,Spain Segunda,Alcorcon,Malaga,1-0,62,1-0,1,1,Vantaggio casa,1-0,0,NO,0,0,28
1428,Switzerland,Switzerland 1.Liga Promotion,AC Bellinzona,FC Koniz,3-1,58,5-1,6,4,Vantaggio casa,6-2,2,SI,1,1,32
1429,Italy,Italy Serie D,Cjarlins Muzane,ASD Villafranca,1-1,53,3-1,4,2,Vantaggio casa,4-3,3,SI,1,2,37
1430,Europa (amichevoli),Europe Friendlies,Pafos FC,Riga FC,0-2,48,0-2,2,2,Vantaggio ospite,1-4,3,SI,1,2,42
1431,Italy,Italy Serie C Group C,ASD Sicula Leonzio,Virtus Francavilla,1-1,52,1-1,2,0,Pareggio,1-1,0,NO,0,0,38
1432,Cameroon,Cameroon Elite One,Fovu de Baham,Canon de Yaounde,1-1,50,1-1,2,0,Pareggio,1-2,1,SI,0,1,40
1433,Peru,Peru Reserve League,Cesar Vallejo Reserves,FBC Melgar Reserves,2-1,51,3-1,4,2,Vantaggio casa,3-2,1,SI,0,1,39
1434,Ecuador,Ecuador Reserve League,Independiente del Valle Reserves,El Nacional Reserves,1-0,60,1-1,2,0,Pareggio,1-2,1,SI,0,1,30
1435,Spain,Spain Youth League,CD 26 de Febrero U19,Gimnastica Ceuta U19,3-0,65,3-0,3,3,Vantaggio casa,5-0,2,SI,2,0,25
1436,Guatemala,Guatemala Primera Division,CD Achuapa,CD Sansare,0-0,63,2-1,3,1,Vantaggio casa,2-2,1,SI,0,1,27
1437,Jamaica,Jamaica Premier League,Waterhouse,Harbour View FC,1-1,61,1-1,2,0,Pareggio,3-1,2,SI,2,0,29
1438,Jamaica,Jamaica Premier League,Cavalier,Arnett Gardens,1-3,65,1-4,5,3,Vantaggio ospite,2-4,1,SI,1,0,25
1439,CONCACAF,CONCACAF Nations League,Honduras,Trinidad & Tobago,3-0,64,4-0,4,4,Vantaggio casa,4-0,0,NO,0,0,26
1440,Kazakhstan,Kazakhstan Play-Offs,FK Taraz,Akzhayik Uralsk,3-1,59,3-1,4,2,Vantaggio casa,3-1,0,NO,0,0,31
1441,Kenya,Kenya Super League,Mount Kenya United,Administration Police FC,1-0,56,1-0,1,1,Vantaggio casa,2-0,1,SI,1,0,34
1442,Europa (nazionali),European U21 Championship Qual,Croatia U21,Czech Rep U21,1-1,46,1-1,2,0,Pareggio,1-2,1,SI,0,1,44
1443,Indonesia,Indonesia Liga 3,PS Kota Pahlawan,Persedikab Kediri,0-2,63,0-3,3,3,Vantaggio ospite,1-4,2,SI,1,1,27
1444,Saudi Arabia,Saudi Arabia Division 1,Al Khaleej Saihat,Al Taee,0-0,65,1-0,1,1,Vantaggio casa,1-1,1,SI,0,1,25
1445,Cameroon,Cameroon Elite Two,AS Matelots,Foncha Street Bamenda,0-2,64,0-2,2,2,Vantaggio ospite,2-2,2,SI,2,0,26
1446,Croatia,Croatia 3.HNL,NK Kamen Ivanbegovina,NK Primorac Biograd,1-0,58,1-0,1,1,Vantaggio casa,1-0,0,NO,0,0,32
1447,Europa (nazionali),European U19 Championship Qual,Poland U19,Russia U19,0-2,50,0-3,3,3,Vantaggio ospite,0-4,1,SI,0,1,40
1448,Uganda,Uganda Premier League,Proline FC,Maroons,2-0,63,2-1,3,1,Vantaggio casa,3-2,2,SI,1,1,27
1449,Europa (nazionali),European U19 Championship Qual,Italy U19,Slovakia U19,1-0,62,3-0,3,3,Vantaggio casa,3-0,0,NO,0,0,28
1450,Europa (nazionali),European U19 Championship Qual,Malta U19,Cyprus U19,0-0,59,0-1,1,1,Vantaggio ospite,0-2,1,SI,0,1,31
1451,Amichevoli,Club Friendly List,VVV U19,FC Eindhoven U19,2-1,60,3-1,4,2,Vantaggio casa,4-3,3,SI,1,2,30
1452,Africa (nazionali),Africa Cup of Nations Qualification,Libya,Tanzania,0-1,63,0-1,1,1,Vantaggio ospite,2-1,2,SI,2,0,27
1453,England,England Northern League Challenge Cup,Nantwich Town,Widnes,4-3,64,5-3,8,2,Vantaggio casa,5-6,3,SI,0,3,26
1454,England,England FA Trophy,Bedfont Sports,Paulton,0-2,65,0-3,3,3,Vantaggio ospite,0-5,2,SI,0,2,25
1455,Europa (nazionali),European U21 Championship Qual,Italy U21,Armenia U21,3-0,59,5-0,5,5,Vantaggio casa,6-0,1,SI,1,0,31
1456,Nazionali,International Match,Ecuador,Colombia,0-1,64,0-1,1,1,Vantaggio ospite,0-1,0,NO,0,0,26
1457,Kenya,Kenya Premier League,Kisumu All Stars,Wazito FC,0-0,50,1-0,1,1,Vantaggio casa,2-0,1,SI,1,0,40
1458,Kenya,Kenya Premier League,Mathare United,Sofapaka FC,0-1,65,0-1,1,1,Vantaggio ospite,0-1,0,NO,0,0,25
1459,Uganda,Uganda Premier League,KCCA,URA,0-1,61,1-1,2,0,Pareggio,1-1,0,NO,0,0,29
1460,South Africa,South Africa National Div 1,UTHONGATHI FC,Tshakhuma Tsha Madzivhadila,0-0,55,1-0,1,1,Vantaggio casa,1-1,1,SI,0,1,35
1461,Ivory Coast,Ivory Coast League Cup,USC Bassam,Africa Sports,1-1,64,2-1,3,1,Vantaggio casa,2-2,1,SI,0,1,26
1462,Peru,Peru Segunda,Santos FC,CD Coopsol,0-2,63,0-2,2,2,Vantaggio ospite,0-4,2,SI,0,2,27
1463,Panama,Panama Reserve League,CA Independiente de la Chorrera Reserves,Alianza FC Panama Reserves,0-0,53,1-0,1,1,Vantaggio casa,1-0,0,NO,0,0,37
1464,Brazil,Brazil Serie B,Sport Recife,Ponte Preta,0-1,60,1-1,2,0,Pareggio,2-1,1,SI,1,0,30
1465,Australia,Australia W-League,Brisbane Roar Women,Melbourne Victory Women,1-2,62,1-2,3,1,Vantaggio ospite,2-3,2,SI,1,1,28
1466,Rwanda,Rwanda National League,Gasogi Utd,Musanze FC,1-1,54,1-1,2,0,Pareggio,1-1,0,NO,0,0,36
1467,Portugal,Portugal U23 League,Cova de Piedade U23,Portimonense U23,2-2,63,2-3,5,1,Vantaggio ospite,3-4,2,SI,1,1,27
1468,Brazil,Brazil Serie B,Sao Bento,Londrina,2-1,65,3-1,4,2,Vantaggio casa,4-1,1,SI,1,0,25
1469,Uruguay,Uruguay Clausura,Defensor Sporting,Nacional De Football,1-1,59,1-1,2,0,Pareggio,2-1,1,SI,1,0,31
1470,Algeria,Algeria U19 League,USM Blida U19,Olympique Medea U19,0-3,51,0-3,3,3,Vantaggio ospite,1-3,1,SI,1,0,39
1471,Russia,Russia U20 League,FC Orenburg U20,FC Akhmat Grozny U20,1-0,63,1-0,1,1,Vantaggio casa,3-1,3,SI,2,1,27
1472,China,China Super League,Wuhan Zall,Guangzhou R&F,2-0,51,2-1,3,1,Vantaggio casa,2-1,0,NO,0,0,39
1473,Romania,Romania Liga III,SR Brasov,AFC Astra II,1-1,62,2-1,3,1,Vantaggio casa,2-1,0,NO,0,0,28
1474,Uganda,Uganda Premier League,Maroons,Vipers SC,1-0,48,1-0,1,1,Vantaggio casa,1-1,1,SI,0,1,42
1475,Serbia,Serbia Super Liga,Partizan Belgrade,Javor Ivanjica,4-2,61,5-2,7,3,Vantaggio casa,6-2,1,SI,1,0,29
1476,Germany,Germany Regionalliga Bayern,SV Heimstetten,Wacker Burghausen,1-2,62,2-2,4,0,Pareggio,2-2,0,NO,0,0,28
1477,Romania,Romania Liga I,CFR Cluj,Chindia Targoviste,1-0,57,1-0,1,1,Vantaggio casa,4-0,3,SI,3,0,33
1478,Belgium,Belgium Reserve League,Genk Reserves,OH Leuven Reserves,0-0,64,1-0,1,1,Vantaggio casa,1-2,2,SI,0,2,26
1479,France,France Ligue 2,Chateauroux,Lorient,1-0,62,1-3,4,2,Vantaggio ospite,1-3,0,NO,0,0,28
1480,Netherlands,Holland Eerste Divisie,FC Dordrecht,Telstar,1-2,64,2-3,5,1,Vantaggio ospite,2-3,0,NO,0,0,26
1481,Netherlands,Holland Eerste Divisie,NAC,Ajax Reserves,1-1,54,1-1,2,0,Pareggio,1-2,1,SI,0,1,36
1482,Netherlands,Holland Eerste Divisie,Almere City FC,FC Den Bosch,0-1,53,0-1,1,1,Vantaggio ospite,0-2,1,SI,0,1,37
1483,Wales,Wales Championship South,Afan Lido FC,Llanelli AFC,0-1,63,2-1,3,1,Vantaggio casa,5-1,3,SI,3,0,27
1484,Belgium,Belgium First Division A,Club Brugge,KV Oostende,1-0,53,2-0,2,2,Vantaggio casa,2-0,0,NO,0,0,37
1485,Belgium,Belgium First Division B,Westerlo,OH Leuven,1-2,46,1-2,3,1,Vantaggio ospite,1-2,0,NO,0,0,44
1486,France,France Ligue 1,PSG,Lille,2-0,63,2-0,2,2,Vantaggio casa,2-0,0,NO,0,0,27
1487,England,England Championship,Fulham,QPR,1-1,59,1-1,2,0,Pareggio,2-1,1,SI,1,0,31
1488,Mexico,Mexico Segunda Division,Murcielagos FC,Atletico Reynosa,0-1,53,0-2,2,2,Vantaggio ospite,0-2,0,NO,0,0,37
1489,South Korea,South Korea K-League 1,FC Seoul,Pohang Steelers,0-1,65,0-3,3,3,Vantaggio ospite,0-3,0,NO,0,0,25
1490,Romania,Romania Liga II,Sportul Snagov,CSM Resita,2-2,59,2-2,4,0,Pareggio,3-3,2,SI,1,1,31
1491,Israel,Israel Youth League,Shimshon Tel Aviv U19,Hapoel Katamon U19,1-3,62,1-3,4,2,Vantaggio ospite,1-3,0,NO,0,0,28
1492,Hong Kong,Hong Kong Premier League,Southern District,R&F,1-1,54,1-1,2,0,Pareggio,3-4,5,SI,2,3,36
1493,Russia,Russia Division 1,Spartak Moscow II,Avangard Kursk,0-1,59,0-1,1,1,Vantaggio ospite,1-1,1,SI,1,0,31
1494,Italy,Italy Campionato Primavera 1,Lazio U19,Roma U19,2-0,64,2-0,2,2,Vantaggio casa,2-1,1,SI,0,1,26
1495,Germany,Germany Bundesliga U19,Hertha Berlin U19,Hannover 96 U19,0-0,53,1-0,1,1,Vantaggio casa,4-1,4,SI,3,1,37
1496,Lithuania,Lithuania A Lyga,FK Riteriai,Suduva Marijampole,2-1,63,3-1,4,2,Vantaggio casa,5-1,2,SI,2,0,27
1497,Russia,Russia Premier League,Rubin Kazan,Zenit St Petersburg,0-1,64,0-1,1,1,Vantaggio ospite,1-2,2,SI,1,1,26
1498,Iceland,Iceland Pre-Season Cup,Stjarnan,KA Akureyri,2-1,60,3-1,4,2,Vantaggio casa,4-1,1,SI,1,0,30
1499,Poland,Poland II Liga,Lech Poznan II,Gornik Leczna,0-0,61,1-1,2,0,Pareggio,1-1,0,NO,0,0,29
1500,Montenegro,Montenegro Prva Liga,OFK Petrovac,Sutjeska Niksic,0-2,45,0-2,2,2,Vantaggio ospite,0-4,2,SI,0,2,45
1501,Saudi Arabia,Saudi Arabia Division 2,Al Kholood,Al Safa,0-1,52,0-1,1,1,Vantaggio ospite,2-1,2,SI,2,0,38
1502,Malawi,Malawi Super League,Azam Tigers FC,Big Bullets,0-1,61,0-1,1,1,Vantaggio ospite,0-1,0,NO,0,0,29
1503,Slovakia,Slovakia Super Liga,MFK Zemplin Michalovce,Dunajska Streda,5-0,49,5-0,5,5,Vantaggio casa,5-0,0,NO,0,0,41
1504,Germany,Germany Regionalliga Bayern,Buchbach,SpVgg Bayreuth,2-0,60,3-0,3,3,Vantaggio casa,3-1,1,SI,0,1,30
1505,Czech Republic,Czech Republic First League,Slovan Liberec,FC Fastav Zlín,3-0,64,4-0,4,4,Vantaggio casa,5-0,1,SI,1,0,26
1506,Slovakia,Slovakia Super Liga,MFK Ruzomberok,FK Senica,0-2,57,0-2,2,2,Vantaggio ospite,2-2,2,SI,2,0,33
1507,Wales,Wales League Cup,STM Sports,Aberystwyth,1-1,60,2-1,3,1,Vantaggio casa,2-1,0,NO,0,0,30
1508,Poland,Poland I Liga,Olimpia Grudziadz,Zaglebie Sosnowiec,0-0,58,0-1,1,1,Vantaggio ospite,2-1,2,SI,2,0,32
1509,Serbia,Serbia Super Liga,Mladost Lucani,FK Backa Topola,0-2,57,0-2,2,2,Vantaggio ospite,0-3,1,SI,0,1,33
1510,England,England Championship,Luton,Leeds,0-0,63,1-1,2,0,Pareggio,1-2,1,SI,0,1,27
1511,Algeria,Algeria Division 1,Paradou AC,ES Setif,0-1,61,0-1,1,1,Vantaggio ospite,1-1,1,SI,1,0,29
1512,Qatar,Qatar Stars Cup,Al-Ahli Doha,Al-Sadd SC,3-2,64,3-2,5,1,Vantaggio casa,4-3,2,SI,1,1,26
1513,Benin,Benin Ligue 1,ASPAC FC,USS Krake,0-1,52,1-1,2,0,Pareggio,4-2,4,SI,3,1,38
1514,Slovenia,Slovenia Prva Liga,NK Celje,Olimpija Ljubljana,1-2,56,1-2,3,1,Vantaggio ospite,1-3,1,SI,0,1,34
1515,United Arab Emirates,UAE Cup,Sharjah SCC,Al Fujairah,2-0,61,3-1,4,2,Vantaggio casa,5-1,2,SI,2,0,29
1516,France,France National 2,Blois Foot 41,Trelissac FC,1-0,55,1-0,1,1,Vantaggio casa,1-0,0,NO,0,0,35
1517,Arabo,Arab Club Championship,WAC Casablanca,Raja Casablanca,1-0,55,1-1,2,0,Pareggio,4-4,6,SI,3,3,35
1518,Romania,Romania Liga I,FCSB,Astra Giurgiu,1-1,62,1-2,3,1,Vantaggio ospite,1-3,1,SI,0,1,28
1519,Panama,Panama Liga Nacional de Ascenso,SD Atletico Nacional,Colon C-3,0-0,57,2-1,3,1,Vantaggio casa,3-3,3,SI,1,2,33
1520,Trinidad & Tobago,Trinidad & Tobago League Cup,Central FC,La Horquetta Rangers FC,1-2,61,1-2,3,1,Vantaggio ospite,2-4,3,SI,1,2,29
1521,Argentina,Argentina Superliga,Defensa y Justicia,Lanus,1-0,59,1-0,1,1,Vantaggio casa,2-0,1,SI,1,0,31
1522,Aruba,Aruba Division Di Honor,SV Estrella,SV Deportivo Nacional,3-2,52,3-2,5,1,Vantaggio casa,3-3,1,SI,0,1,38
1523,New Zealand,New Zealand Youth League,Wellington Phoenix FC U20,Auckland City U20,1-5,60,1-5,6,4,Vantaggio ospite,1-6,1,SI,0,1,30
1524,Guatemala,Guatemala Liga Nacional,Coban Imperial,CSD Municipal,2-1,62,3-1,4,2,Vantaggio casa,3-2,1,SI,0,1,28
1525,Japan,Japan J2-League,Zweigen Kanazawa,Omiya Ardija,0-1,61,0-1,1,1,Vantaggio ospite,1-1,1,SI,1,0,29
1526,Japan,Japan J2-League,Kashiwa Reysol,Kyoto Sanga FC,4-1,60,6-1,7,5,Vantaggio casa,13-1,7,SI,7,0,30
1527,Taiwan,Taiwan Premier League,Ming Chuan University,Taipei City Tatung,0-3,61,1-5,6,4,Vantaggio ospite,1-7,2,SI,0,2,29
1528,Indonesia,Indonesia Liga 3,Persedikab Kediri,PS Kota Pahlawan,1-1,63,1-1,2,0,Pareggio,2-1,1,SI,1,0,27
1529,France,France U19 League,Troyes U19,Le Puy U19,3-0,62,5-0,5,5,Vantaggio casa,6-2,3,SI,1,2,28
1530,Belarus,Belarus Premier League,Slavia Mozyr,Isloch,0-0,64,1-0,1,1,Vantaggio casa,2-0,1,SI,1,0,26
1531,Ukraine,Ukraine Vyscha Liga,Kolos Kovalivka,Desna Chernihiv,1-0,62,1-0,1,1,Vantaggio casa,2-0,1,SI,1,0,28
1532,Ukraine,Ukraine Vyscha Liga,Karpaty Lviv,Olimpik Donetsk,1-2,65,1-2,3,1,Vantaggio ospite,1-2,0,NO,0,0,25
1533,Kenya,Kenya Super League,Fortune Sacco,Shabana FC,1-0,53,2-0,2,2,Vantaggio casa,2-0,0,NO,0,0,37
1534,Italy,Italy Serie D,Recanatese,Vastese,1-0,61,1-3,4,2,Vantaggio ospite,2-4,2,SI,1,1,29
1535,Switzerland,Switzerland Challenge League,Winterthur,Kriens,0-1,51,0-1,1,1,Vantaggio ospite,0-2,1,SI,0,1,39
1536,Bosnia & Herzegovina,Bosnia & Herzegovina Premier Liga,Zeljeznicar,Siroki Brijeg,1-1,49,1-1,2,0,Pareggio,1-2,1,SI,0,1,41
1537,Switzerland,Switzerland Super League,St Gallen,Neuchatel Xamax,2-0,57,3-1,4,2,Vantaggio casa,4-1,1,SI,1,0,33
1538,Switzerland,Switzerland Super League,FC Sion,Young Boys,2-3,49,2-3,5,1,Vantaggio ospite,3-4,2,SI,1,1,41
1539,Nigeria,Nigeria Premier League,Akwa United,Nasarawa United,1-0,63,1-1,2,0,Pareggio,1-1,0,NO,0,0,27
1540,Austria,Austria Bundesliga,Rapid Vienna,SK Sturm Graz,1-0,61,1-1,2,0,Pareggio,1-1,0,NO,0,0,29
1541,Italy,Italy Serie C Group A,Pro Patria,Pistoiese,0-0,58,1-0,1,1,Vantaggio casa,1-1,1,SI,0,1,32
1542,Peru,Peru Reserve League,Alianza Universidad Reserves,Cesar Vallejo Reserves,3-1,64,4-1,5,3,Vantaggio casa,6-2,3,SI,2,1,26
1543,Norway,Norway Eliteserien,Stromsgodset,SK Brann,4-0,49,5-0,5,5,Vantaggio casa,6-0,1,SI,1,0,41
1544,Norway,Norway Eliteserien,Stabaek,Mjondalen,1-1,64,3-1,4,2,Vantaggio casa,4-2,2,SI,1,1,26
1545,Guatemala,Guatemala Liga Nacional,Siquinala FC,Antigua GFC,1-2,51,1-2,3,1,Vantaggio ospite,2-3,2,SI,1,1,39
1546,Netherlands,Holland Reserve League,Willem II Reserves,Roda JC Reserves,0-2,64,2-2,4,0,Pareggio,2-3,1,SI,0,1,26
1547,Netherlands,Holland Reserve League,VVV Reserves,FC Eindhoven Reserves,3-0,50,3-0,3,3,Vantaggio casa,8-0,5,SI,5,0,40
1548,Netherlands,Holland Eerste Divisie,AZ Reserves,De Graafschap,0-1,60,2-1,3,1,Vantaggio casa,2-1,0,NO,0,0,30
1549,Netherlands,Holland Eerste Divisie,PSV Reserves,NAC,0-2,56,1-2,3,1,Vantaggio ospite,1-3,1,SI,0,1,34
1550,Belgium,Belgium Reserve League,KFCO Beerschot-Wilrijk Reserves,Eupen Reserves,2-0,51,2-1,3,1,Vantaggio casa,2-3,2,SI,0,2,39
1551,Northern Ireland,Northern Ireland Amateur Cup,Newington FC,Belfast Celtic,0-1,59,0-1,1,1,Vantaggio ospite,1-1,1,SI,1,0,31
1552,Italy,Italy Serie C Group A,Arezzo,Novara,0-0,56,1-1,2,0,Pareggio,3-1,2,SI,2,0,34
1553,England,England Premier League,Aston Villa,Newcastle,2-0,62,2-0,2,2,Vantaggio casa,2-0,0,NO,0,0,28
1554,AFC,AFC U19 Championships,Iraq U19,Pakistan U19,3-0,56,3-0,3,3,Vantaggio casa,3-0,0,NO,0,0,34
1555,England,England Reserve Matches,Shrewsbury Reserves,Rochdale Reserves,0-0,65,4-0,4,4,Vantaggio casa,4-1,1,SI,0,1,25
1556,AFC,AFC U19 Championships,Oman U19,Kuwait U19,0-0,52,0-1,1,1,Vantaggio ospite,0-3,2,SI,0,2,38
1557,UEFA,UEFA Champions League,Lokomotiv Moscow,Bayer Leverkusen,0-1,57,0-2,2,2,Vantaggio ospite,0-2,0,NO,0,0,33
1558,Netherlands,Holland Youth Eredivisie,AZ U19,Vitesse U19,3-0,59,3-0,3,3,Vantaggio casa,5-0,2,SI,2,0,31
1559,Uruguay,Uruguay Segunda B Nacional,Huracan Buceo,Huracan FC,0-1,60,1-1,2,0,Pareggio,1-1,0,NO,0,0,30
1560,England,England Southern Premier League Central,Coalville Town,Kings Langley,1-0,55,1-0,1,1,Vantaggio casa,3-0,2,SI,2,0,35
1561,Argentina,Argentina Primera C Metropolitana,El Porvenir,Club Leandro N. Alem,0-1,62,1-1,2,0,Pareggio,2-2,2,SI,1,1,28
1562,England,England Northern League Challenge Cup,Belper Town,Matlock Town,2-0,64,2-1,3,1,Vantaggio casa,2-2,1,SI,0,1,26
1563,Hungary,Hungary NB II,Budaorsi SC,Csakvari Tk,1-0,55,2-0,2,2,Vantaggio casa,3-0,1,SI,1,0,35
1564,North Macedonia,Macedonia First League,Rabotnicki Skopje,FK Borec,1-0,65,2-1,3,1,Vantaggio casa,2-1,0,NO,0,0,25
1565,Nazionali U20,U20 Tournament - 80 mins play,Tunisia U20,Morocco U20,0-0,59,0-1,1,1,Vantaggio ospite,1-1,1,SI,1,0,31
1566,Egypt,Egypt Division 1,Tanta,Smouha,1-2,61,1-2,3,1,Vantaggio ospite,2-2,1,SI,1,0,29
1567,Senegal,Senegal Champions Challenge,US Goree,ASC Jaraaf,3-0,45,3-0,3,3,Vantaggio casa,3-1,1,SI,0,1,45
1568,UEFA,UEFA Youth League,Slovan Bratislava U19,Rangers U19,1-1,62,1-2,3,1,Vantaggio ospite,1-2,0,NO,0,0,28
1569,Hungary,Hungary NB II,Gyor Eto FC,MTK Budapest,1-0,55,1-0,1,1,Vantaggio casa,1-0,0,NO,0,0,35
1570,Italy,Italy Serie C Cup,Cesena,Piacenza,1-1,45,1-1,2,0,Pareggio,1-1,0,NO,0,0,45
1571,Austria,Austria Amateur Cup,Nussdorfer AC,Slovan HAC,0-2,64,1-2,3,1,Vantaggio ospite,1-5,3,SI,0,3,26
1572,Asia (nazionali),South East Asian Games,Brunei U23,Thailand U23,0-2,53,0-3,3,3,Vantaggio ospite,0-7,4,SI,0,4,37
1573,Australia,Australia W-League,Brisbane Roar Women,Western Sydney Wanderers Women,0-2,56,1-2,3,1,Vantaggio ospite,1-3,1,SI,0,1,34
1574,Azerbaijan,Azerbaijan Division 1,Zaqatala,PFK Turan Tovuz,2-0,60,2-0,2,2,Vantaggio casa,3-1,2,SI,1,1,30
1575,India,India Mizoram Premier League,Chawnpui,Mizoram Police FC,0-0,55,0-1,1,1,Vantaggio ospite,1-1,1,SI,1,0,35
1576,Algeria,Algeria Cup,MC El Eulma,Chabab Baladiat Mila,1-0,64,1-2,3,1,Vantaggio ospite,1-2,0,NO,0,0,26
1577,Europa (amichevoli),Europe Friendlies,Szombierki Bytom,Olimpia Boruszowice,1-1,53,1-1,2,0,Pareggio,3-1,2,SI,2,0,37
1578,Denmark,Denmark Division 1,Viborg,Vejle,2-2,64,3-2,5,1,Vantaggio casa,3-4,2,SI,0,2,26
1579,Gibraltar,Gibraltar National League,College 1975 FC,Lions Gibraltar,0-1,58,0-3,3,3,Vantaggio ospite,1-6,4,SI,1,3,32
1580,Jamaica,Jamaica Premier League,Mount Pleasant FA,Tivoli Gardens,2-0,50,2-0,2,2,Vantaggio casa,4-0,2,SI,2,0,40
1581,Thailand,Thailand U19 Cup,Mahasarakham United FC U19,Sakhon Nakhon FC U19,0-1,62,1-2,3,1,Vantaggio ospite,1-2,0,NO,0,0,28
1582,India,India Meghalaya State League,Lumniwar SC,Umrit SC,2-0,55,2-0,2,2,Vantaggio casa,4-0,2,SI,2,0,35
1583,Georgia,Georgia Erovnuli Liga 2,Shevardeni,Guria Lanchkhuti,2-2,43,2-2,4,0,Pareggio,2-3,1,SI,0,1,47
1584,Iran,Iran Div 2,Shahrdari Bam,Shahrdari Mahshahr,1-0,65,1-0,1,1,Vantaggio casa,1-0,0,NO,0,0,25
1585,Israel,Israel Liga Alef South,Maccabi Kiryat Gat,FC Ironi Or Yehuda,0-1,56,0-2,2,2,Vantaggio ospite,0-3,1,SI,0,1,34
1586,Europa (amichevoli),Europe Friendlies,MFK Karvina B,Frydek Mistek,0-1,58,2-1,3,1,Vantaggio casa,3-1,1,SI,1,0,32
1587,Serbia,Serbia Super Liga,FK Backa Topola,Spartak Subotica,1-1,44,1-1,2,0,Pareggio,2-2,2,SI,1,1,46
1588,Germany,Germany Bundesliga II,VfL Osnabruck,Hamburg,2-0,60,2-0,2,2,Vantaggio casa,2-1,1,SI,0,1,30
1589,Denmark,Denmark Superligaen,Lyngby,FC Nordsjaelland,0-1,64,1-1,2,0,Pareggio,1-1,0,NO,0,0,26
1590,Netherlands,Holland Eerste Divisie,FC Oss,FC Eindhoven,2-1,64,3-1,4,2,Vantaggio casa,3-1,0,NO,0,0,26
1591,France,France Ligue 2,Nancy,Paris FC,1-0,59,1-0,1,1,Vantaggio casa,2-0,1,SI,1,0,31
1592,France,France Ligue 2,Clermont Foot,Niort,1-0,62,1-0,1,1,Vantaggio casa,1-0,0,NO,0,0,28
1593,Netherlands,Holland Eerste Divisie,Helmond Sport,PSV Reserves,0-3,57,1-3,4,2,Vantaggio ospite,2-3,1,SI,1,0,33
1594,Netherlands,Holland Eerste Divisie,Roda JC,Excelsior,1-2,59,1-2,3,1,Vantaggio ospite,1-4,2,SI,0,2,31
1595,Brazil,Brazil Serie B,Parana,Botafogo SP,2-2,46,2-1,3,1,Vantaggio casa,3-3,3,SI,1,2,44
1596,Bolivia,Bolivia Regional League,Real Tarija,Ciclon,0-1,53,0-1,1,1,Vantaggio ospite,0-4,3,SI,0,3,37
1597,Argentina,Argentina Superliga,Racing Club,Defensa y Justicia,1-1,53,1-1,2,0,Pareggio,1-1,0,NO,0,0,37
1598,Fiji,Fiji U19 League,Suva FC U19,Rewa U19,0-3,49,0-4,4,4,Vantaggio ospite,0-6,2,SI,0,2,41
1599,Japan,Japan J-League,Gamba Osaka,Matsumoto Y FC,3-0,56,3-0,3,3,Vantaggio casa,4-1,2,SI,1,1,34
1600,Japan,Japan J-League,Jubilo Iwata,Nagoya Grampus,1-1,65,1-1,2,0,Pareggio,2-1,1,SI,1,0,25
1601,Japan,Japan J-League,Cerezo Osaka,Shimizu S-Pulse,0-1,65,0-1,1,1,Vantaggio ospite,2-1,2,SI,2,0,25
1602,South Korea,South Korea K-League 1,Sangju Sangmu,Suwon Bluewings,2-1,65,3-1,4,2,Vantaggio casa,4-1,1,SI,1,0,25
1603,Hong Kong,Hong Kong Premier League,Yuen Long,HK Rangers FC,2-2,61,3-3,6,0,Pareggio,4-4,2,SI,1,1,29
1604,Romania,Romania Liga II,Sportul Snagov,ACS Viitorul Pandurii Targu Jiu,1-1,62,1-4,5,3,Vantaggio ospite,2-5,2,SI,1,1,28
1605,Russia,Russia U20 League,FC Sochi U20,FC Orenburg U20,2-1,50,3-1,4,2,Vantaggio casa,3-1,0,NO,0,0,40
1606,Germany,Germany Bundesliga U19,St Pauli U19,Dynamo Dresden U19,1-2,59,1-2,3,1,Vantaggio ospite,1-3,1,SI,0,1,31
1607,Turkey,Turkey 3.Lig Group 2,1877 Alemdagspor,Fethiyespor,0-2,55,0-2,2,2,Vantaggio ospite,1-3,2,SI,1,1,35
1608,Iran,Iran Div 1,Navad Urmia,Baderan Tehran,1-0,49,1-0,1,1,Vantaggio casa,3-0,2,SI,2,0,41
1609,Kenya,Kenya Premier League,Kariobangi Sharks,KCB,2-2,59,2-3,5,1,Vantaggio ospite,2-5,2,SI,0,2,31
1610,Germany,Germany Regionalliga North,Hannover II,Luneburger SK Hansa,3-0,49,3-1,4,2,Vantaggio casa,5-3,4,SI,2,2,41
1611,Bulgaria,Bulgaria B PFG,Lokomotiv 1929 Sofia,FC Hebar Pazardzhik,0-1,65,3-1,4,2,Vantaggio casa,3-3,2,SI,0,2,25
1612,England,England Championship,Charlton,Sheff Wed,1-1,65,1-1,2,0,Pareggio,1-3,2,SI,0,2,25
1613,Saudi Arabia,Saudi Arabia Youth League,Ohod Madinah U19,Al-Nassr Riyadh U19,1-3,62,1-3,4,2,Vantaggio ospite,1-5,2,SI,0,2,28
1614,Germany,Germany Regionalliga Bayern,SV Turkgucu Ataspor,Buchbach,2-1,55,3-1,4,2,Vantaggio casa,4-1,1,SI,1,0,35
1615,France,France U19 League,US Orleans 45 U19,Lens U19,1-1,62,1-1,2,0,Pareggio,3-1,2,SI,2,0,28
1616,Italy,Italy Serie A,Brescia,Atalanta,0-1,59,0-1,1,1,Vantaggio ospite,0-3,2,SI,0,2,31
1617,Wales,Wales Premier League,Airbus UK,T.N.S.,0-5,47,0-6,6,6,Vantaggio ospite,0-12,6,SI,0,6,43
1618,Wales,Wales Premier League,Carmarthen,Bala Town,0-1,61,0-2,2,2,Vantaggio ospite,0-3,1,SI,0,1,29
1619,Scotland,Scotland Championship,Alloa,Inverness CT,0-2,65,0-2,2,2,Vantaggio ospite,0-2,0,NO,0,0,25
1620,Northern Ireland,Northern Ireland Premier,Carrick Rangers,Glenavon,2-1,60,4-1,5,3,Vantaggio casa,6-2,3,SI,2,1,30
1621,Northern Ireland,Northern Ireland Premier,Cliftonville,Glentoran,0-1,56,0-2,2,2,Vantaggio ospite,0-2,0,NO,0,0,34
1622,Poland,Poland I Liga,Chojniczanka Chojnice,Olimpia Grudziadz,1-1,58,1-2,3,1,Vantaggio ospite,1-3,1,SI,0,1,32
1623,England,England FA Cup,Kingstonian,AFC Fylde,0-2,64,0-2,2,2,Vantaggio ospite,0-2,0,NO,0,0,26
1624,AFC,AFC U19 Championships,Oman U19,Iraq U19,3-1,50,3-2,5,1,Vantaggio casa,3-3,1,SI,0,1,40
1625,Slovenia,Slovenia Prva Liga,NK Maribor,NK Triglav Kranj,0-2,56,0-2,2,2,Vantaggio ospite,0-2,0,NO,0,0,34
1626,Turkey,Turkey 1 Lig,Adanaspor,Bursaspor,1-2,55,2-2,4,0,Pareggio,2-3,1,SI,0,1,35
1627,Czech Republic,Czech Republic First League,FK Pribram,Sparta Prague,0-1,64,0-1,1,1,Vantaggio ospite,0-1,0,NO,0,0,26
1628,France,France U19 League,Troyes U19,Dijon FCO U19,2-0,52,2-1,3,1,Vantaggio casa,3-2,2,SI,1,1,38
1629,Spain,Spain Youth League,UD San Fernando U19,CD Ofra U19,1-0,65,3-1,4,2,Vantaggio casa,4-1,1,SI,1,0,25
1630,France,France National 3,Vierzon Foot,C'Chartres II,1-2,62,2-3,5,1,Vantaggio ospite,3-3,1,SI,1,0,28
1631,Brazil,Brazil Serie B,Vitoria,Coritiba,1-0,61,1-0,1,1,Vantaggio casa,1-2,2,SI,0,2,29
1632,Spain,Spain Primera Liga,Valencia,Villarreal,0-0,53,1-0,1,1,Vantaggio casa,2-1,2,SI,1,1,37
1633,Guatemala,Guatemala Reserve League,Siquinala FC Reserves,CSD Municipal Reserves,0-5,49,0-5,5,5,Vantaggio ospite,0-6,1,SI,0,1,41
1634,Japan,Japan J3-League,Gamba Osaka U23,Azul Claro Numazu,0-2,60,0-2,2,2,Vantaggio ospite,0-2,0,NO,0,0,30
1635,Japan,Japan J3-League,Roasso Kumamoto,Fukushima Utd,0-0,59,1-0,1,1,Vantaggio casa,2-1,2,SI,1,1,31
1636,Japan,Japan J3-League,YSCC,Fujieda MYFC,3-0,65,3-0,3,3,Vantaggio casa,3-0,0,NO,0,0,25
1637,China,China Super League,Shanghai SIPG,ShenZhen,2-0,61,4-0,4,4,Vantaggio casa,6-0,2,SI,2,0,29
1638,Thailand,Thailand U19 Cup,Muang Loei United U19,Sakhon Nakhon FC U19,1-0,57,2-0,2,2,Vantaggio casa,4-0,2,SI,2,0,33
1639,Indonesia,Indonesia Liga 1,Arema FC,Kalteng Putra FC,0-1,62,1-1,2,0,Pareggio,1-1,0,NO,0,0,28
1640,Germany,Germany Bundesliga U19,Karlsruher U19,Bayern Munich U19,0-2,55,0-4,4,4,Vantaggio ospite,1-4,1,SI,1,0,35
1641,Turkey,Turkey 3.Lig Group 1,Erzin Belediyespor,Yeni Orduspor,0-0,63,1-0,1,1,Vantaggio casa,1-0,0,NO,0,0,27
1642,Turkey,Turkey 3.Lig Group 1,Manisaspor,Kizilcabolukspor,0-3,55,0-3,3,3,Vantaggio ospite,2-6,5,SI,2,3,35
1643,Spain,Spain Segunda B Group 3,UE Llagostera,Valencia B,1-0,60,1-0,1,1,Vantaggio casa,1-1,1,SI,0,1,30
1644,Germany,Germany Bundesliga U19,Hannover 96 U19,Niendorfer TSV U19,0-1,52,0-1,1,1,Vantaggio ospite,1-1,1,SI,1,0,38
1645,Hungary,Hungary NB II,Nyiregyhaza FC,Csakvari Tk,2-0,45,2-0,2,2,Vantaggio casa,2-0,0,NO,0,0,45
1646,Germany,Germany Regionalliga South West,Rot-Weiss Koblenz,Mainz II,1-4,63,1-4,5,3,Vantaggio ospite,1-4,0,NO,0,0,27
1647,Zambia,Zambia Super League,Buildcon FC,Lusaka Dynamos,1-2,65,2-2,4,0,Pareggio,2-2,0,NO,0,0,25
1648,Burundi,Burundi Premier League,Musongati FC,Vital'O FC,2-0,46,2-0,2,2,Vantaggio casa,2-0,0,NO,0,0,44
1649,Romania,Romania Liga I,Chindia Targoviste,FC Academica Clinceni,2-3,64,2-4,6,2,Vantaggio ospite,2-5,1,SI,0,1,26
1650,France,France National 3,Entente UGA Ardziv,Nice II,0-2,45,0-2,2,2,Vantaggio ospite,1-3,2,SI,1,1,45
1651,Belgium,Belgium First Division B,Union Saint Gilloise,KFCO Beerschot Wilrijk,0-1,55,0-1,1,1,Vantaggio ospite,0-2,1,SI,0,1,35
1652,Portugal,Portugal Segunda Liga,FC Porto B,Cova de Piedade,2-0,59,3-1,4,2,Vantaggio casa,4-1,1,SI,1,0,31
1653,Denmark,Denmark Superligaen,Esbjerg,AGF Aarhus,0-1,65,0-1,1,1,Vantaggio ospite,1-2,2,SI,1,1,25
1654,Austria,Austria Bundesliga,LASK Linz,Rapid Vienna,0-1,58,0-1,1,1,Vantaggio ospite,0-4,3,SI,0,3,32
1655,Hungary,Hungary NB I,Kaposvari Rakoczi,Ferencvarosi TC,1-2,65,2-2,4,0,Pareggio,2-3,1,SI,0,1,25
1656,Argentina,Argentina Superliga,San Lorenzo,Patronato Parana,2-0,42,2-0,2,2,Vantaggio casa,2-0,0,NO,0,0,48
1657,Peru,Copa Peru,Deportivo Llacuabamba,FC Carlos Stein,0-1,49,1-1,2,0,Pareggio,2-2,2,SI,1,1,41
1658,Brazil,Brazil Serie A,CSA,Bahia,0-1,61,1-1,2,0,Pareggio,1-2,1,SI,0,1,29
1659,Brazil,Brazil Serie A,Atletico Mineiro,Corinthians,1-1,55,1-1,2,0,Pareggio,2-1,1,SI,1,0,35
1660,Saint Kitts & Nevis,Saint Kitts & Nevis Premier League,Flow 4G Cayon Rockets,Old Road Jets,1-0,58,2-1,3,1,Vantaggio casa,5-1,3,SI,3,0,32
1661,Barbados,Barbados Super Cup,BDF Sport Programme,UWI Blackbirds,2-1,65,2-1,3,1,Vantaggio casa,2-1,0,NO,0,0,25
1662,Paraguay,Paraguay Division Profesional,Sportivo San Lorenzo,Olimpia Asuncion,1-2,52,1-2,3,1,Vantaggio ospite,1-4,2,SI,0,2,38
1663,Saint Kitts & Nevis,Saint Kitts & Nevis Premier League,RAMS Village Superstars,ELCO LTD St Peters,2-1,57,3-1,4,2,Vantaggio casa,3-2,1,SI,0,1,33
1664,China,China Super League Reserves,Tianjin Teda Reserves,Chongqing Lifan Reserves,2-0,65,3-0,3,3,Vantaggio casa,5-0,2,SI,2,0,25
1665,Thailand,Thailand U19 Cup,Muang Loei United U19,Nong Bua FC U19,0-2,62,0-2,2,2,Vantaggio ospite,0-3,1,SI,0,1,28
1666,Indonesia,Indonesia Liga 1,Madura United,Persebaya Surabaya,0-1,59,1-1,2,0,Pareggio,2-3,3,SI,1,2,31
1667,Netherlands,Holland Reserve League,NAC Reserves,Willem II Reserves,0-0,61,1-0,1,1,Vantaggio casa,2-0,1,SI,1,0,29
1668,Egypt,Egypt Division 2,Gomhoryet Shebin,Suez Montakhab,1-0,49,1-0,1,1,Vantaggio casa,2-0,1,SI,1,0,41
1669,England,England U23 Premier League Cup,Crystal Palace U23,Middlesbrough U23,1-5,59,1-5,6,4,Vantaggio ospite,1-5,0,NO,0,0,31
1670,Turkey,Turkey Super Lig,Besiktas,Kayserispor,3-0,65,3-0,3,3,Vantaggio casa,4-1,2,SI,1,1,25
1671,Netherlands,Holland Reserve League,Roda JC Reserves,FC Den Bosch Reserves,3-0,53,4-0,4,4,Vantaggio casa,7-1,4,SI,3,1,37
1672,Netherlands,Holland Reserve League,FC Eindhoven Reserves,Fortuna Sittard Reserves,1-1,65,3-2,5,1,Vantaggio casa,5-4,4,SI,2,2,25
1673,Internazionale,Copa Internacional RS U20,Gremio U20,Hammarby U20,1-1,63,2-1,3,1,Vantaggio casa,3-1,1,SI,1,0,27
1674,Belgium,Belgium Reserve League,Waasland-Beveren Reserves,Cercle Brugge Reserves,1-1,55,1-1,2,0,Pareggio,4-1,3,SI,3,0,35
1675,Mauritania,Mauritania Division 1,ASC Tidjikja,ASAC Concorde,0-1,60,0-2,2,2,Vantaggio ospite,0-3,1,SI,0,1,30
1676,Belgium,Belgium Reserve League,Lommel Reserves,Royal Excel Mouscron Reserves,1-0,60,1-3,4,2,Vantaggio ospite,3-3,2,SI,2,0,30
1677,Belgium,Belgium Reserve League,Union Saint Gilloise Reserves,KV Oostende Reserves,2-1,63,2-3,5,1,Vantaggio ospite,2-3,0,NO,0,0,27
1678,Belgium,Belgium Reserve League,OH Leuven Reserves,Club Brugge Reserves,2-1,61,3-1,4,2,Vantaggio casa,4-4,4,SI,1,3,29
1679,Internazionale,Copa Internacional RS U20,Corinthians U20,River Plate U20,0-0,59,0-1,1,1,Vantaggio ospite,1-3,3,SI,1,2,31
1680,Iran,Iran U23 League,Naft Ahvaz U23,Pars Jonoubi Jam U23,1-0,59,1-0,1,1,Vantaggio casa,2-1,2,SI,1,1,31
1681,Asia (nazionali),South Asian Games,Bangladesh U23,Maldives U23,1-0,61,1-0,1,1,Vantaggio casa,1-1,1,SI,0,1,29
1682,Bulgaria,Bulgaria Cup,Beroe,CSKA 1948 Sofia,2-3,62,2-4,6,2,Vantaggio ospite,3-4,1,SI,1,0,28
1683,Slovakia,Slovakia Youth League,Dunajska Streda U19,MFK Ruzomberok U19,2-0,65,3-0,3,3,Vantaggio casa,5-0,2,SI,2,0,25
1684,Qatar,Qatar U23 League,Al-Ahli Doha U23,Al-Sailiya SC U23,1-4,58,1-4,5,3,Vantaggio ospite,1-5,1,SI,0,1,32
1685,Bulgaria,Bulgaria Cup,Slavia Sofia,Botev Plovdiv,0-2,63,1-2,3,1,Vantaggio ospite,1-2,0,NO,0,0,27
1686,France,France Ligue 1,Brest,Strasbourg,2-0,60,3-0,3,3,Vantaggio casa,5-0,2,SI,2,0,30
1687,Republic of Ireland,Republic of Ireland Munster Senior League,Rockmount,Cobh Ramblers,1-0,56,1-0,1,1,Vantaggio casa,2-0,1,SI,1,0,34
1688,England,England County Cup,Wythenshawe Town,Trafford,0-1,59,0-1,1,1,Vantaggio ospite,0-2,1,SI,0,1,31
1689,England,England Southern Premier League Central,Bromsgrove,Kings Langley,3-0,60,3-0,3,3,Vantaggio casa,4-1,2,SI,1,1,30
1690,Internazionale,Copa Internacional RS U20,Penarol U20,Fluminense RJ U20,1-1,60,1-1,2,0,Pareggio,2-1,1,SI,1,0,30
1691,Hungary,Hungary Cup,MTE 1904,Paksi Se,0-4,61,0-4,4,4,Vantaggio ospite,0-4,0,NO,0,0,29
1692,Poland,Poland Cup,Stal Stalowa Wola,Lech Poznan,0-1,55,0-1,1,1,Vantaggio ospite,0-2,1,SI,0,1,35
1693,Bulgaria,Bulgaria Cup,Septemvri Sofia,Ludogorets Razgrad,0-2,53,0-2,2,2,Vantaggio ospite,0-3,1,SI,0,1,37
1694,Saudi Arabia,Saudi Arabia Division 1,Al Nahdha,Al Ansar,1-1,63,1-1,2,0,Pareggio,1-2,1,SI,0,1,27
1695,Bulgaria,Bulgaria Cup,Botev Galabovo,FK Vitosha,0-0,47,0-1,1,1,Vantaggio ospite,2-1,2,SI,2,0,43
1696,Rwanda,Rwanda National League,SC Kiyovu,Marines FC,0-1,62,1-2,3,1,Vantaggio ospite,1-2,0,NO,0,0,28
1697,Kuwait,Kuwait Cup,Burgan SC,Al Salmiyah SC,2-1,51,2-1,3,1,Vantaggio casa,3-1,1,SI,1,0,39
1698,Saudi Arabia,Saudi Arabia Cup,Al Shoalah,Al Shabab Riyadh,0-1,59,0-1,1,1,Vantaggio ospite,1-1,1,SI,1,0,31
1699,Kuwait,Kuwait Cup,Al Shabab SC,Al Sahel SC,1-0,62,2-1,3,1,Vantaggio casa,3-2,2,SI,1,1,28
1700,Guatemala,Guatemala Reserve League,Deportivo Mixco Reserves,Coban Imperial Reserves,1-1,50,1-2,3,1,Vantaggio ospite,2-2,1,SI,1,0,40
1701,Croatia,Croatia Cup,HNK Gorica,Slaven Belupo,0-1,58,1-1,2,0,Pareggio,1-2,1,SI,0,1,32
1702,Gibraltar,Gibraltar National League,Lions Gibraltar,Europa FC,2-1,55,2-1,3,1,Vantaggio casa,2-5,4,SI,0,4,35
1703,Republic of Ireland,Republic of Ireland Munster Senior Cup,UCC,College Corinthians FC,3-0,56,3-0,3,3,Vantaggio casa,4-5,6,SI,1,5,34
1704,Northern Ireland,Northern Ireland Reserve League,Carrick Rangers Reserves,Glenavon Reserves,2-1,50,2-1,3,1,Vantaggio casa,3-1,1,SI,1,0,40
1705,Nicaragua,Nicaragua Apertura,Managua FC,CD Walter Ferretti,1-1,64,1-2,3,1,Vantaggio ospite,2-2,1,SI,1,0,26
1706,Turkey,Turkey Cup,Kayserispor,Manisa FK,1-0,48,1-0,1,1,Vantaggio casa,3-2,4,SI,2,2,42
1707,Romania,Romania Liga I,CS U Craiova,FC Botosani,2-1,60,2-1,3,1,Vantaggio casa,3-1,1,SI,1,0,30
1708,Egypt,Egypt Cup,Pyramids FC,Nogoom Mostakbal,2-1,47,2-1,3,1,Vantaggio casa,6-1,4,SI,4,0,43
1709,Bolivia,Bolivia Clausura,Always Ready,Real Potosi,2-0,57,2-1,3,1,Vantaggio casa,5-1,3,SI,3,0,33
1710,Uruguay,Uruguay Clausura,Racing Club de Montevideo,Plaza Colonia,2-0,61,2-1,3,1,Vantaggio casa,3-2,2,SI,1,1,29
1711,Israel,Israel Liga Bet North,Beitar Nahariya,Bnei HaGolan VeHaGalil,1-0,61,1-0,1,1,Vantaggio casa,2-0,1,SI,1,0,29
1712,Spain,Spain Youth League,Pena Barcelonista U19,Vazquez Cultural U19,0-1,65,0-1,1,1,Vantaggio ospite,0-2,1,SI,0,1,25
1713,Israel,Israel Liga Bet South,Ironi Modiin,MS Hapoel Lod,2-1,65,2-1,3,1,Vantaggio casa,2-1,0,NO,0,0,25
1714,Qatar,Qatar Stars Cup,Al-Rayyan SC,Al-Sadd SC,0-4,61,0-5,5,5,Vantaggio ospite,0-6,1,SI,0,1,29
1715,Mondo (amichevoli),World Club Friendlies,Ebusua Dwarfs,Asante Kotoko,0-1,55,0-1,1,1,Vantaggio ospite,0-2,1,SI,0,1,35
1716,Gambia,Gambia Division 2,Gunjur United,Team Rhino FC,0-0,54,1-0,1,1,Vantaggio casa,2-0,1,SI,1,0,36
1717,Turkey,Turkey Super Lig,Fenerbahce,Genclerbirligi,3-1,55,3-1,4,2,Vantaggio casa,5-2,3,SI,2,1,35
1718,Belgium,Belgium First Division B,Lommel,OH Leuven,2-1,65,3-1,4,2,Vantaggio casa,3-2,1,SI,0,1,25
1719,Italy,Italy Serie B,Benevento,Trapani,2-0,64,2-0,2,2,Vantaggio casa,5-0,3,SI,3,0,26
1720,Trinidad & Tobago,Trinidad & Tobago League Cup,La Horquetta Rangers FC,Police FC,1-2,57,1-2,3,1,Vantaggio ospite,1-4,2,SI,0,2,33
1721,Israel,Israel Youth Cup,Hapoel Kfar Saba U19,Hapoel Mahane Yehuda U19,1-0,55,1-0,1,1,Vantaggio casa,3-4,6,SI,2,4,35
1722,Asia (nazionali),South Asian Games,Nepal U23,Maldives U23,1-1,53,2-1,3,1,Vantaggio casa,2-1,0,NO,0,0,37
1723,South Africa,South Africa Diski Challenge,Orlando Pirates Reserves,Chippa United Reserves,1-1,60,2-2,4,0,Pareggio,3-2,1,SI,1,0,30
1724,Australia,Australia A-League,Sydney FC,Brisbane Roar,3-0,62,3-0,3,3,Vantaggio casa,5-1,3,SI,2,1,28
1725,Romania,Romania Liga II,CSM Resita,CS Mioveni,0-1,53,0-1,1,1,Vantaggio ospite,0-1,0,NO,0,0,37
1726,Germany,Germany Bundesliga U19,Kickers Offenbach U19,FC Ingolstadt U19,1-0,48,1-0,1,1,Vantaggio casa,2-0,1,SI,1,0,42
1727,Iran,Iran U23 League,Abi Pooshan U23,Raad Sorkh U23,1-0,62,1-0,1,1,Vantaggio casa,3-2,4,SI,2,2,28
1728,Ukraine,Ukraine Reserve League,Dynamo Kiev Reserves,Zorya Reserves,1-0,52,1-0,1,1,Vantaggio casa,1-1,1,SI,0,1,38
1729,Turkey,Turkey U19 League,Kasimpasa U19,Besiktas U19,0-2,50,0-2,2,2,Vantaggio ospite,0-3,1,SI,0,1,40
1730,Asia (nazionali),South Asian Games,Sri Lanka U23,Bhutan U23,0-1,51,0-1,1,1,Vantaggio ospite,0-3,2,SI,0,2,39
1731,Bulgaria,Bulgaria B PFG,Spartak Varna,PFC Neftochimic Burgas,0-4,59,0-4,4,4,Vantaggio ospite,0-4,0,NO,0,0,31
1732,Bosnia & Herzegovina,Bosnia & Herzegovina Premier Liga,Mladost Doboj Kakanj,NK Celik Zenica,1-1,57,1-2,3,1,Vantaggio ospite,4-2,3,SI,3,0,33
1733,Kenya,Kenya Super League,Fortune Sacco,Vihiga United,3-1,64,3-1,4,2,Vantaggio casa,3-1,0,NO,0,0,26
1734,Germany,Germany Regionalliga North East,Bischofswerdaer FV,Berliner AK 07,0-1,58,0-1,1,1,Vantaggio ospite,1-1,1,SI,1,0,32
1735,Scotland,Scotland League Two,Albion,Queen's Park,2-0,57,2-0,2,2,Vantaggio casa,2-0,0,NO,0,0,33
1736,Scotland,Scotland League Two,Stirling,Brechin,2-2,61,2-3,5,1,Vantaggio ospite,2-4,1,SI,0,1,29
1737,England,England National League South,Oxford City,Maidstone Utd,0-1,53,1-2,3,1,Vantaggio ospite,1-4,2,SI,0,2,37
1738,Northern Ireland,Northern Ireland Premier,Glenavon,Larne,0-2,58,1-2,3,1,Vantaggio ospite,1-3,1,SI,0,1,32
1739,England,England League 1,Tranmere,Accrington Stanley,1-1,57,1-1,2,0,Pareggio,1-1,0,NO,0,0,33
1740,Mali,Mali Premiere Division,Mamahira AC De Kati,Lafia Club de Bamako,0-1,62,0-1,1,1,Vantaggio ospite,0-1,0,NO,0,0,28
1741,Uruguay,Uruguay Segunda B Nacional,La Luz,CA Platense,0-2,55,0-2,2,2,Vantaggio ospite,1-2,1,SI,1,0,35
1742,Greece,Greece Super League 1,AEK Athens,Panionios,2-0,65,3-0,3,3,Vantaggio casa,5-0,2,SI,2,0,25
1743,Belgium,Belgium First Division A,Gent,Zulte-Waregem,2-0,52,2-0,2,2,Vantaggio casa,2-0,0,NO,0,0,38
1744,Italy,Italy Serie C Group B,Cesena,Fano,0-2,50,0-3,3,3,Vantaggio ospite,0-4,1,SI,0,1,40
1745,Argentina,Argentina Primera D Metropolitana,Argentino de Rosario,Centro Espanyol,2-0,61,2-1,3,1,Vantaggio casa,2-1,0,NO,0,0,29
1746,Internazionale,Copa Internacional RS U20,CA Independiente U20,Estudiantes LP U20,1-0,45,1-0,1,1,Vantaggio casa,2-0,1,SI,1,0,45
1747,Antigua & Barbuda,Antigua & Barbuda Premier Division,Liberta,Ottos Rangers FC,0-1,54,0-1,1,1,Vantaggio ospite,1-1,1,SI,1,0,36
1748,Antigua & Barbuda,Antigua & Barbuda Premier Division,Five Islands,Swetes FC,0-2,60,0-3,3,3,Vantaggio ospite,0-5,2,SI,0,2,30
1749,Japan,Japan J3-League,FC Tokyo U23,Gamba Osaka U23,2-0,60,3-1,4,2,Vantaggio casa,5-1,2,SI,2,0,30
1750,Hong Kong,Hong Kong 2nd Division,ChelseaFC Soccer School,Wing Go Fu Moon,2-1,63,2-1,3,1,Vantaggio casa,3-2,2,SI,1,1,27
1751,Australia,Australia A-League,Adelaide United,Newcastle Jets,1-0,60,1-1,2,0,Pareggio,2-1,1,SI,1,0,30
1752,Turkey,Turkey 3.Lig Group 2,Ofspor,Kozan BLD Spor,1-0,48,1-0,1,1,Vantaggio casa,2-0,1,SI,1,0,42
1753,Greece,Greece Gamma Ethniki,Ermis Koridalou,AS Ano Mera,0-2,64,1-2,3,1,Vantaggio ospite,1-2,0,NO,0,0,26
1754,Turkey,Turkey 2 Lig Kirmizi,Ankara Demirspor,Nigde Anadolu,2-1,52,2-1,3,1,Vantaggio casa,3-1,1,SI,1,0,38
1755,Iran,Iran Div 2,Mes Novin Kerman,Milad Mehr,1-0,63,1-0,1,1,Vantaggio casa,1-1,1,SI,0,1,27
1756,Iran,Iran Div 2,Shahrdari Fuman,Avalan Kamyaran,1-0,63,2-1,3,1,Vantaggio casa,2-2,1,SI,0,1,27
1757,Russia,Russia Premier League,Krylia Sovetov,Ural,1-1,65,2-2,4,0,Pareggio,2-3,1,SI,0,1,25
1758,France,France U19 League,Montceau U19,Sochaux U19,0-1,64,0-3,3,3,Vantaggio ospite,0-4,1,SI,0,1,26
1759,Ukraine,Ukraine Vyscha Liga,Karpaty Lviv,Desna Chernihiv,1-2,65,2-3,5,1,Vantaggio ospite,2-6,3,SI,0,3,25
1760,Ethiopia,Ethiopia Premier League,Sidama Bunna,Shire Endaselassie FC,1-1,62,3-1,4,2,Vantaggio casa,4-1,1,SI,1,0,28
1761,Germany,Germany Bundesliga II,Dynamo Dresden,Sandhausen,1-1,60,1-1,2,0,Pareggio,1-1,0,NO,0,0,30
1762,CAF,CAF Confederations Cup,Esae FC,DC Motema Pembe,0-1,64,0-2,2,2,Vantaggio ospite,0-2,0,NO,0,0,26
1763,Netherlands,Holland Eredivisie,RKC,Heerenveen,0-1,57,0-1,1,1,Vantaggio ospite,1-3,3,SI,1,2,33
1764,Czech Republic,Czech Republic First League,Ceske Budejovice,FK Pribram,1-0,51,2-0,2,2,Vantaggio casa,2-0,0,NO,0,0,39
1765,Italy,Italy Serie D,Legnano,ASD Cartigliano,1-0,60,3-1,4,2,Vantaggio casa,3-1,0,NO,0,0,30
1766,Turkey,Turkey Super Lig,Antalyaspor,Trabzonspor,1-3,63,1-3,4,2,Vantaggio ospite,1-3,0,NO,0,0,27
1767,Italy,Italy Serie C Group A,Lecco,Olbia,1-0,58,2-0,2,2,Vantaggio casa,2-0,0,NO,0,0,32
1768,Serbia,Serbia Super Liga,FK Radnik Surdulica,FK Indjija,0-0,63,2-0,2,2,Vantaggio casa,2-0,0,NO,0,0,27
1769,Portugal,Portugal Campeonato Nacional,Olhanense,Amora,1-1,62,2-1,3,1,Vantaggio casa,2-2,1,SI,0,1,28
1770,Ukraine,Ukraine Vyscha Liga,Dynamo Kiev,Zorya,1-1,60,1-2,3,1,Vantaggio ospite,1-2,0,NO,0,0,30
1771,Antigua & Barbuda,Antigua & Barbuda Premier Division,Pigotts Bullets FC,All Saints Utd FC,2-2,61,3-2,5,1,Vantaggio casa,4-2,1,SI,1,0,29
1772,USA,USA UPSL,FC Fort Worth,Inocentes FC,2-2,56,2-2,4,0,Pareggio,2-3,1,SI,0,1,34
1773,Saint Kitts & Nevis,Saint Kitts & Nevis Premier League,HE Garden Hotspurs,St Peters,1-2,60,2-2,4,0,Pareggio,2-2,0,NO,0,0,30
1774,Azerbaijan,Azerbaijan Division 1,FC Agsu,Zaqatala,0-2,56,0-2,2,2,Vantaggio ospite,1-5,4,SI,1,3,34
1775,Iran,Iran Div 2,Iranjavan Bushehr,Melli Hafari,0-1,53,0-1,1,1,Vantaggio ospite,1-1,1,SI,1,0,37
1776,England,England U23 Development League,Watford U23,Cardiff U23,0-1,65,0-1,1,1,Vantaggio ospite,1-1,1,SI,1,0,25
1777,Iran,Iran Pro League,Zob Ahan,Nassaji Mazandaran,1-0,62,2-0,2,2,Vantaggio casa,2-0,0,NO,0,0,28
1778,Ivory Coast,Ivory Coast Premier Division,Racing Club Abidjan,AS Tanda,3-1,65,3-1,4,2,Vantaggio casa,3-2,1,SI,0,1,25
1779,Israel,Israel Leumit Liga,Hapoel Ashkelon,Hapoel Rishon Lezion,1-1,64,1-1,2,0,Pareggio,1-2,1,SI,0,1,26
1780,Netherlands,Holland Reserve League,Excelsior Reserves,FC Eindhoven Reserves,2-0,61,2-2,4,0,Pareggio,2-2,0,NO,0,0,29
1781,Netherlands,Holland Reserve League,Fortuna Sittard Reserves,VVV Reserves,1-0,63,2-0,2,2,Vantaggio casa,3-1,2,SI,1,1,27
1782,Belgium,Belgium Reserve League,Zulte Waregem Reserves,Lokeren Reserves,1-0,62,1-1,2,0,Pareggio,1-2,1,SI,0,1,28
1783,Uruguay,Uruguay Reserve League,Defensor Sporting Reserves,Progreso Reserves,1-2,57,2-2,4,0,Pareggio,3-2,1,SI,1,0,33
1784,Republic of Ireland,Republic of Ireland Leinster Senior League,Glebe North FC,Home Farm FC,2-1,63,3-2,5,1,Vantaggio casa,3-2,0,NO,0,0,27
1785,Internazionale,Copa Internacional RS U20,America de Cali U20,Palmeiras U20,2-0,48,2-0,2,2,Vantaggio casa,3-0,1,SI,1,0,42
1786,India,India Mumbai Elite League,PIFA Sports,GM Sports,2-0,43,2-0,2,2,Vantaggio casa,3-0,1,SI,1,0,47
1787,UEFA,UEFA Youth League,FC Salzburg U19,Liverpool U19,2-0,53,2-0,2,2,Vantaggio casa,2-3,3,SI,0,3,37
1788,UEFA,UEFA Youth League,Ajax U19,Valencia U19,0-0,56,0-1,1,1,Vantaggio ospite,1-1,1,SI,1,0,34
1789,Denmark,Denmark Reserve League,Odense BK Reserves,AC Horsens Reserves,1-0,56,2-1,3,1,Vantaggio casa,3-1,1,SI,1,0,34
1790,South Africa,South Africa National Div 1,Pretoria University,Ajax Cape Town,1-2,53,1-3,4,2,Vantaggio ospite,1-3,0,NO,0,0,37
1791,UEFA,UEFA Youth League,Borussia Dortmund U19,Slavia Prague U19,3-0,64,5-0,5,5,Vantaggio casa,5-1,1,SI,0,1,26
1792,UEFA,UEFA Champions League,Borussia Dortmund,Slavia Prague,1-1,62,2-1,3,1,Vantaggio casa,2-1,0,NO,0,0,28
1793,Japan,Japan University Championship,Takamatsu University,Chukyo University,0-4,64,0-4,4,4,Vantaggio ospite,1-4,1,SI,1,0,26
1794,Japan,Japan University Championship,Tohoku Gakuin University,Tokai Gakuen University,0-1,45,0-1,1,1,Vantaggio ospite,0-3,2,SI,0,2,45
1795,Iran,Iran Div 2,Shohada Razakan,Besat Kermanshah,0-0,65,1-0,1,1,Vantaggio casa,1-1,1,SI,0,1,25
1796,Kenya,Kenya Premier League,Western Stima,Zoo Kericho,2-0,48,3-0,3,3,Vantaggio casa,4-1,2,SI,1,1,42
1797,Montenegro,Montenegro Prva Liga,FK Grbalj Radanovici,FK Iskra Danilovgrad,2-0,60,2-0,2,2,Vantaggio casa,3-1,2,SI,1,1,30
1798,Italy,Italy Serie D,ASD Bra,Lavagnese,3-3,47,3-3,6,0,Pareggio,3-3,0,NO,0,0,43
1799,United Arab Emirates,UAE Reserve League,Baniyas SC Reserves,Sharjah SCC Reserves,1-2,64,1-2,3,1,Vantaggio ospite,1-2,0,NO,0,0,26
1800,Italy,Italy Serie C Cup,Siena,Ternana,0-0,64,0-1,1,1,Vantaggio ospite,0-1,0,NO,0,0,26
1801,Ivory Coast,Ivory Coast League Cup,COSAP,ASEC Mimosas,0-1,61,0-2,2,2,Vantaggio ospite,0-3,1,SI,0,1,29
1802,Northern Ireland,Northern Ireland Reserve League,Larne Reserves,Glenavon Reserves,1-3,65,1-3,4,2,Vantaggio ospite,1-3,0,NO,0,0,25
1803,Internazionale,Copa Internacional RS U20,Athletico Paranaense U20,America de Cali U20,2-0,63,2-1,3,1,Vantaggio casa,2-1,0,NO,0,0,27
1804,Uruguay,Uruguay Grand Final,Penarol,Nacional De Football,0-0,63,0-1,1,1,Vantaggio ospite,0-2,1,SI,0,1,27
1805,Iran,Iran Div 1,Navad Urmia,Esteghlal Khuzestan,1-0,62,1-0,1,1,Vantaggio casa,1-0,0,NO,0,0,28
1806,India,India Bangalore Super Division,AGORC Bangalore,MEG,0-2,63,0-2,2,2,Vantaggio ospite,0-3,1,SI,0,1,27
1807,Gambia,Gambia GFA League,Elite United,Brikama United,1-1,59,1-2,3,1,Vantaggio ospite,1-2,0,NO,0,0,31
1808,Uruguay,Uruguay Segunda B Nacional,Huracan FC,CA Platense,0-2,64,1-3,4,2,Vantaggio ospite,1-4,1,SI,0,1,26
1809,Uruguay,Uruguay Reserve League,Atletico Fenix Reserves,Progreso Reserves,1-0,63,3-0,3,3,Vantaggio casa,5-1,3,SI,2,1,27
1810,Uruguay,Uruguay Segunda B Nacional,Basanez,Potencia,2-0,65,2-0,2,2,Vantaggio casa,3-0,1,SI,1,0,25
1811,Egypt,Egypt Division 2,Abu Qair Semad,Ghazl El Mahallah,2-0,62,2-0,2,2,Vantaggio casa,2-0,0,NO,0,0,28
1812,United Arab Emirates,UAE Division 1,Al Arabi Umm Al Quwain,Al Taawon,2-1,62,2-1,3,1,Vantaggio casa,3-1,1,SI,1,0,28
1813,Bahrain,Bahrain Premier League,Al-Ahli Manama,Busaiteen,1-2,55,1-2,3,1,Vantaggio ospite,1-2,0,NO,0,0,35
1814,South Africa,South Africa National Div 1,Cape Umoya UTD,Mbombela United,1-0,60,1-0,1,1,Vantaggio casa,2-1,2,SI,1,1,30
1815,Greece,Greece Super League 2,Kerkyra,Giannina,0-3,59,0-3,3,3,Vantaggio ospite,0-4,1,SI,0,1,31
1816,Cyprus,Cyprus Division 1,Doxa Katokopias,Olympiakos Nicosia,1-1,65,2-3,5,1,Vantaggio ospite,2-6,3,SI,0,3,25
1817,Germany,Germany Bundesliga II,Bochum,Hannover 96,2-0,64,2-0,2,2,Vantaggio casa,2-1,1,SI,0,1,26
1818,Wales,Wales Championship South,Llanelli AFC,Goytre United,1-0,60,1-0,1,1,Vantaggio casa,2-2,3,SI,1,2,30
1819,Wales,Wales Premier League,Caernarfon,Airbus UK,0-0,59,1-0,1,1,Vantaggio casa,5-0,4,SI,4,0,31
1820,France,France Ligue 1,Lille,Montpellier,1-0,62,1-0,1,1,Vantaggio casa,2-1,2,SI,1,1,28
1821,Argentina,Argentina Superliga,CA Independiente,Newell's,2-1,60,2-2,4,0,Pareggio,2-3,1,SI,0,1,30
1822,Mondo (amichevoli),World Club Friendlies,Tepatitlan de Morelos,Red Star FC 93 B,1-0,55,1-0,1,1,Vantaggio casa,1-0,0,NO,0,0,35
1823,New Zealand,New Zealand Football Championship,Wellington Phoenix Reserves,Canterbury United,2-1,60,2-2,4,0,Pareggio,3-3,2,SI,1,1,30
1824,Aruba,Aruba Division Di Honor,SV Brazil Juniors,SV La Fama,4-1,46,4-1,5,3,Vantaggio casa,5-2,2,SI,1,1,44
1825,Australia,Australia W-League,Brisbane Roar Women,Adelaide United Women,2-1,51,2-1,3,1,Vantaggio casa,3-2,2,SI,1,1,39
1826,Israel,Israel Youth League,SC Neve Yosef U19,Maccabi Ahi Nazareth U19,1-0,62,2-0,2,2,Vantaggio casa,2-0,0,NO,0,0,28
1827,Israel,Israel Youth League,Hapoel Ashkelon U19,Maccabi Kabilio Jaffa U19,0-0,62,1-0,1,1,Vantaggio casa,1-0,0,NO,0,0,28
1828,Italy,Italy Campionato Primavera 2,Benevento U19,Lecce U19,2-0,50,2-0,2,2,Vantaggio casa,2-3,3,SI,0,3,40
1829,South Africa,South Africa Diski Challenge,Highlands Park Reserves,Cape Town City FC Reserves,0-1,64,0-1,1,1,Vantaggio ospite,0-1,0,NO,0,0,26
1830,Turkey,Turkey 2 Lig Beyaz,Hekimoglu Trabzon,Bak Spor Kulubu,1-0,63,1-1,2,0,Pareggio,2-1,1,SI,1,0,27
1831,Turkey,Turkey 3.Lig Group 1,Manisaspor,Tokatspor,1-3,50,1-3,4,2,Vantaggio ospite,2-4,2,SI,1,1,40
1832,Italy,Italy Campionato Primavera 2,Juve Stabia U19,Frosinone U19,1-2,55,2-2,4,0,Pareggio,3-2,1,SI,1,0,35
1833,Romania,Romania Liga I,FC Academica Clinceni,FC Botosani,0-0,59,0-1,1,1,Vantaggio ospite,1-1,1,SI,1,0,31
1834,Portugal,Portugal U23 League,Academica U23,Belenenses U23,1-1,59,1-2,3,1,Vantaggio ospite,1-3,1,SI,0,1,31
1835,Turkey,Turkey 1 Lig,Boluspor,Fatih Karagumruk,0-2,60,0-2,2,2,Vantaggio ospite,0-2,0,NO,0,0,30
1836,Saudi Arabia,Saudi Arabia Premier League,Dhamk,Al Feiha,2-1,51,2-1,3,1,Vantaggio casa,2-1,0,NO,0,0,39
1837,Germany,Germany Regionalliga West,Bergisch Gladbach 09,FC Köln II,1-0,61,1-1,2,0,Pareggio,1-1,0,NO,0,0,29
1838,Africa (nazionali),Cosafa U20 Cup,Zambia U20,South Africa U20,2-0,61,2-0,2,2,Vantaggio casa,3-0,1,SI,1,0,29
1839,Tunisia,Tunisia League 2,ES Hammam Sousse,AS Djerba,0-0,65,0-1,1,1,Vantaggio ospite,1-1,1,SI,1,0,25
1840,Scotland,Scotland Championship,Partick,Inverness CT,0-0,65,2-1,3,1,Vantaggio casa,3-1,1,SI,1,0,25
1841,Northern Ireland,Northern Ireland Premier,Glentoran,Crusaders,0-0,62,0-1,1,1,Vantaggio ospite,1-1,1,SI,1,0,28
1842,Portugal,Portugal U19 League,FC Porto U19,Feirense U19,4-1,54,5-1,6,4,Vantaggio casa,6-1,1,SI,1,0,36
1843,Greece,Greece Super League 1,OFI Crete,Aris Salonika,1-1,55,1-1,2,0,Pareggio,3-1,2,SI,2,0,35
1844,Oman,Oman League,Fanja,Al-Nahda,1-1,59,2-2,4,0,Pareggio,2-4,2,SI,0,2,31
1845,Hungary,Hungary NB I,Kaposvari Rakoczi,Debreceni VSC,2-0,51,3-1,4,2,Vantaggio casa,4-1,1,SI,1,0,39
1846,England,England FA Trophy,Eastleigh,Yate,3-0,65,5-0,5,5,Vantaggio casa,6-1,2,SI,1,1,25
1847,Netherlands,Holland Eredivisie,Fortuna Sittard,RKC,2-2,61,3-2,5,1,Vantaggio casa,3-2,0,NO,0,0,29
1848,Antigua & Barbuda,Antigua & Barbuda Premier Division,Old Road FC,Ottos Rangers FC,1-1,48,1-1,2,0,Pareggio,2-1,1,SI,1,0,42
1849,USA,USA UPSL,Arlington FC,FC Waco,1-0,62,1-1,2,0,Pareggio,1-1,0,NO,0,0,28
1850,Aruba,Aruba Division Di Honor,SV Dakota,Nacional,1-0,63,2-1,3,1,Vantaggio casa,3-2,2,SI,1,1,27
1851,Antigua & Barbuda,Antigua & Barbuda Premier Division,All Saints Utd FC,Parham FC,1-1,42,1-1,2,0,Pareggio,3-3,4,SI,2,2,48
1852,Australia,Australia A-League,Newcastle Jets,Melbourne City,0-2,57,0-3,3,3,Vantaggio ospite,0-4,1,SI,0,1,33
1853,Turkey,Turkey 3.Lig Group 1,Erzin Belediyespor,Karakopru Belediyespor,0-0,64,1-1,2,0,Pareggio,1-1,0,NO,0,0,26
1854,Turkey,Turkey 2 Lig Beyaz,Hacettepe SK,Tarsus Idman Yurdu,2-0,53,3-0,3,3,Vantaggio casa,4-0,1,SI,1,0,37
1855,Iran,Iran Div 2,Persepolis Ganaveh,Shahrdari Fuman,1-0,62,2-0,2,2,Vantaggio casa,5-2,5,SI,3,2,28
1856,Germany,Germany Bundesliga U19,Alemannia Aachen U19,Borussia Dortmund U19,0-0,52,1-2,3,1,Vantaggio ospite,1-6,4,SI,0,4,38
1857,Hungary,Hungary NB II,Soroksar,Vasas SC,1-1,63,3-2,5,1,Vantaggio casa,5-3,3,SI,2,1,27
1858,Rwandan,Rwandan Division 2,Miroplast FC,Gasabo United,1-0,63,1-0,1,1,Vantaggio casa,1-0,0,NO,0,0,27
1859,Rwanda,Rwanda National League,Sunrise FC,Marines FC,1-0,57,1-0,1,1,Vantaggio casa,1-1,1,SI,0,1,33
1860,Greece,Greece Super League 1,Larissa,Atromitos Athinon,1-2,65,1-2,3,1,Vantaggio ospite,1-2,0,NO,0,0,25
1861,Cameroon,Cameroon Elite One,Eding Sport FC,Dragon Club Yaounde,1-0,50,1-0,1,1,Vantaggio casa,2-0,1,SI,1,0,40
1862,Italy,Italy Serie C Group A,Alessandria,Pro Vercelli,1-0,63,2-1,3,1,Vantaggio casa,2-1,0,NO,0,0,27
1863,Italy,Italy Serie C Group B,AC Feralpisalo,Vis Pesaro,1-0,49,1-1,2,0,Pareggio,1-1,0,NO,0,0,41
1864,Italy,Italy Serie C Group B,Rimini,Triestina,0-1,65,0-1,1,1,Vantaggio ospite,0-1,0,NO,0,0,25
1865,Portugal,Portugal Campeonato Nacional,SC Espinho,Lusitania Lourosa,1-1,60,1-1,2,0,Pareggio,1-1,0,NO,0,0,30
1866,Burkina Faso,Burkina Faso League,ASFA-Yennenga,US Ouagadougou,0-1,65,1-1,2,0,Pareggio,2-1,1,SI,1,0,25
1867,Italy,Italy Serie C Group B,Imolese,Vicenza,0-2,44,0-2,2,2,Vantaggio ospite,0-3,1,SI,0,1,46
1868,Israel,Israel Liga Bet South,MS Hapoel Lod,Maccabi Ironi Sderot,1-0,62,1-2,3,1,Vantaggio ospite,2-2,1,SI,1,0,28
1869,Chile,Chile Tercera,Deportes Concepcion,Deportes Limache,1-1,63,1-2,3,1,Vantaggio ospite,3-2,2,SI,2,0,27
1870,Trinidad & Tobago,Trinidad & Tobago Super League,UTT FC,Queen's Park,1-0,51,2-0,2,2,Vantaggio casa,4-0,2,SI,2,0,39
1871,Paraguay,Paraguay Division Profesional,Sportivo San Lorenzo,River Plate Asuncion,2-0,57,2-0,2,2,Vantaggio casa,2-0,0,NO,0,0,33
1872,Costa Rica,Costa Rica Play-Offs,Herediano,Alajuelense,1-0,63,1-0,1,1,Vantaggio casa,1-0,0,NO,0,0,27
1873,Indonesia,Indonesia Liga 1,Arema FC,Bali United,2-1,60,2-2,4,0,Pareggio,3-2,1,SI,1,0,30
1874,Nepal,Nepal Division 1,Sankata FC,Chyasal Youth Club,0-1,49,0-1,1,1,Vantaggio ospite,0-2,1,SI,0,1,41
1875,Algeria,Algeria Youth League,AS Khroub U21,USM El Harrach U21,0-0,53,1-0,1,1,Vantaggio casa,1-0,0,NO,0,0,37
1876,Algeria,Algeria Youth League,NC Magra U21,US Biskra U21,2-3,57,2-3,5,1,Vantaggio ospite,2-5,2,SI,0,2,33
1877,Senegal,Senegal Ligue 2,Guediawaye FC,Keur Madior,0-1,65,0-1,1,1,Vantaggio ospite,0-2,1,SI,0,1,25
1878,England,England Reserve Matches,Bristol Rovers Reserves,Plymouth Reserves,1-2,61,1-2,3,1,Vantaggio ospite,2-2,1,SI,1,0,29
1879,Gibraltar,Gibraltar National League,Mons Calpe SC,Europa FC,0-3,60,0-4,4,4,Vantaggio ospite,0-7,3,SI,0,3,30
1880,Saint Kitts & Nevis,Saint Kitts & Nevis Premier League,ELCO LTD St Peters,Old Road Jets,0-1,51,1-2,3,1,Vantaggio ospite,4-2,3,SI,3,0,39
1881,Italy,Italy Primavera Cup,Inter Milan U19,Frosinone U19,1-0,56,1-1,2,0,Pareggio,1-2,1,SI,0,1,34
1882,Greece,Greece Super League 1,Olympiakos,Larissa,4-0,64,4-1,5,3,Vantaggio casa,4-1,0,NO,0,0,26
1883,Netherlands,Holland Cup,Telstar,Ajax,1-2,61,2-4,6,2,Vantaggio ospite,3-4,1,SI,1,0,29
1884,France,France League Cup,Lyon,Toulouse,2-0,63,3-1,4,2,Vantaggio casa,4-1,1,SI,1,0,27
1885,Germany,Germany Bundesliga I,SC Freiburg,Bayern Munich,0-1,65,1-1,2,0,Pareggio,1-3,2,SI,0,2,25
1886,Bolivia,Bolivia Clausura,Guabira,Royal Pari FC,1-1,47,1-1,2,0,Pareggio,1-1,0,NO,0,0,43
1887,Bolivia,Bolivia Clausura,San Jose,Always Ready,1-2,55,1-2,3,1,Vantaggio ospite,2-3,2,SI,1,1,35
1888,Israel,Israel Cup,Maccabi Bnei Raina,Maccabi Ironi Sderot,2-0,61,2-0,2,2,Vantaggio casa,2-0,0,NO,0,0,29
1889,Spain,Spain Copa del Rey,Linares Deportivo,Girona,1-0,65,1-1,2,0,Pareggio,1-2,1,SI,0,1,25
1890,Bolivia,Bolivia Clausura,The Strongest,Bolivar,1-1,55,1-2,3,1,Vantaggio ospite,3-2,2,SI,2,0,35
1891,Israel,Israel Cup,Hapoel Nof HaGalil,Hapoel Marmorek,2-0,60,2-1,3,1,Vantaggio casa,3-1,1,SI,1,0,30
1892,United Arab Emirates,UAE U19 League,Dubba Al Husun U19,Al Dhaid U19,1-0,55,1-0,1,1,Vantaggio casa,2-0,1,SI,1,0,35
1893,India,India I-League,Aizawl FC,Minerva Punjab,3-2,62,3-2,5,1,Vantaggio casa,3-3,1,SI,0,1,28
1894,Saudi Arabia,Saudi Arabia Premier League,Al Fateh SC,Al Hazm,1-1,62,1-1,2,0,Pareggio,2-1,1,SI,1,0,28
1895,Turkey,Turkey 1 Lig,Adana Demirspor,Umraniyespor,3-0,48,3-0,3,3,Vantaggio casa,4-2,3,SI,1,2,42
1896,Netherlands,Holland Eerste Divisie,FC Den Bosch,PSV Reserves,2-1,64,2-1,3,1,Vantaggio casa,2-1,0,NO,0,0,26
1897,Wales,Wales Championship South,Briton Ferry,Llanelli AFC,2-1,54,2-1,3,1,Vantaggio casa,4-1,2,SI,2,0,36
1898,Poland,Poland Ekstraklasa,Zaglebie Lubin,Legia Warsaw,0-1,56,1-1,2,0,Pareggio,2-1,1,SI,1,0,34
1899,Northern Ireland,Northern Ireland Premier,Ballymena Utd,Glenavon,0-0,63,1-1,2,0,Pareggio,2-1,1,SI,1,0,27
1900,Nepal,Nepal Division 1,Saraswoti Youth Club,Jawalakhel Youth Club,0-1,63,0-1,1,1,Vantaggio ospite,0-1,0,NO,0,0,27
1901,Israel,Israel Youth League,Bnei Yehuda Tel Aviv U19,Sektzia Nes Tziona U19,1-0,61,1-0,1,1,Vantaggio casa,1-0,0,NO,0,0,29
1902,Maldives,Maldives Premier League,Club Eagles,Foakaidhoo FC,1-0,59,1-2,3,1,Vantaggio ospite,2-3,2,SI,1,1,31
1903,Algeria,Algeria Youth League,CS Constantine U21,MC Alger U21,1-0,54,1-0,1,1,Vantaggio casa,1-1,1,SI,0,1,36
1904,Turkey,Turkey U19 League,Erokspor U19,Genclerbirligi U19,1-2,46,1-1,2,0,Pareggio,2-3,3,SI,1,2,44
1905,Italy,Italy Campionato Primavera 1,Atalanta U19,Inter Milan U19,1-0,45,1-0,1,1,Vantaggio casa,2-1,2,SI,1,1,45
1906,England,England U23 Development League,Birmingham U23,Burnley U23,1-0,63,1-0,1,1,Vantaggio casa,1-3,3,SI,0,3,27
1907,Rwandan,Rwandan Division 2,Aspor FC,Rutsiro FC,1-0,51,1-0,1,1,Vantaggio casa,2-0,1,SI,1,0,39
1908,United Arab Emirates,UAE Division 1,Dibba Al Fujairah,Al Hamriyah,1-2,61,1-2,3,1,Vantaggio ospite,1-2,0,NO,0,0,29
1909,Rwanda,Rwanda National League,Mukura,SC Kiyovu,1-3,48,1-3,4,2,Vantaggio ospite,2-4,2,SI,1,1,42
1910,Wales,Wales Premier League,Airbus UK,Cefn Druids,1-0,60,1-0,1,1,Vantaggio casa,1-1,1,SI,0,1,30
1911,England,England National League,Aldershot,Stockport,1-0,61,1-1,2,0,Pareggio,2-1,1,SI,1,0,29
1912,England,England National League,AFC Fylde,Yeovil,1-0,58,1-0,1,1,Vantaggio casa,2-2,3,SI,1,2,32
1913,England,England National League South,Maidstone Utd,Dorking,2-1,42,2-1,3,1,Vantaggio casa,2-3,2,SI,0,2,48
1914,England,England National League North,York,Darlington,0-1,59,0-1,1,1,Vantaggio ospite,0-1,0,NO,0,0,31
1915,England,England Southern Premier League Central,Rushall Olympic,Coalville Town,0-1,64,0-2,2,2,Vantaggio ospite,0-2,0,NO,0,0,26
1916,Scotland,Scotland League One,Clyde,Airdrieonians,2-1,48,2-1,3,1,Vantaggio casa,3-1,1,SI,1,0,42
1917,England,England National League South,Braintree Town,Havant and W,1-1,56,1-1,2,0,Pareggio,3-3,4,SI,2,2,34
1918,Egypt,Egypt Division 1,El Masry,Pyramids FC,0-1,60,0-1,1,1,Vantaggio ospite,1-1,1,SI,1,0,30
1919,Poland,Poland Ekstraklasa,Gornik Zabrze,Jagiellonia Bialystok,1-0,58,1-0,1,1,Vantaggio casa,3-0,2,SI,2,0,32
1920,France,France Ligue 1,Monaco,Lille,2-1,65,4-1,5,3,Vantaggio casa,5-1,1,SI,1,0,25
1921,Hong Kong,Hong Kong Premier League,HK Rangers FC,R&F,0-4,52,0-4,4,4,Vantaggio ospite,1-7,4,SI,1,3,38
1922,Turkey,Turkey Super Lig,Genclerbirligi,Sivasspor,0-1,63,2-1,3,1,Vantaggio casa,2-2,1,SI,0,1,27
1923,Rwandan,Rwandan Division 2,Pepiniere FC,Gorilla FC,0-0,62,0-1,1,1,Vantaggio ospite,0-3,2,SI,0,2,28
1924,Malawi,Malawi Super League,Big Bullets,TN Stars,2-0,52,2-0,2,2,Vantaggio casa,2-0,0,NO,0,0,38
1925,Tunisia,Tunisia League 2,Stade Sportif Sfaxien,AS Rejiche,0-2,63,1-2,3,1,Vantaggio ospite,2-3,2,SI,1,1,27
1926,South Africa,South Africa National Div 1,Royal Eagles,Free State Stars,0-1,47,0-1,1,1,Vantaggio ospite,0-2,1,SI,0,1,43
1927,Turkey,Turkey Super Lig,Kayserispor,Istanbul Basaksehir,1-2,57,1-3,4,2,Vantaggio ospite,1-4,1,SI,0,1,33
1928,Portugal,Portugal Campeonato Nacional,CD Pinhalnovense,Olhanense,1-5,52,1-5,6,4,Vantaggio ospite,1-5,0,NO,0,0,38
1929,Nigeria,Nigeria Premier League,Rivers United,Sunshine Stars FC,1-1,59,2-1,3,1,Vantaggio casa,2-1,0,NO,0,0,31
1930,Spain,Spain Youth League,Castilleja CF U19,Pena Barcelonista U19,1-0,56,2-0,2,2,Vantaggio casa,3-0,1,SI,1,0,34
1931,Spain,Spain Segunda B Group 2,Leioa,Burgos,3-0,65,4-0,4,4,Vantaggio casa,5-0,1,SI,1,0,25
1932,Spain,Spain Segunda,Girona,Mirandes,0-1,65,0-1,1,1,Vantaggio ospite,0-3,2,SI,0,2,25
1933,Antigua & Barbuda,Antigua & Barbuda Premier Division,Ottos Rangers FC,All Saints Utd FC,1-1,48,1-1,2,0,Pareggio,2-1,1,SI,1,0,42
1934,Turkey,Turkey U19 League,Konyaspor U19,Trabzonspor U19,0-2,62,0-2,2,2,Vantaggio ospite,0-3,1,SI,0,1,28
1935,Palestine,Palestine Gaza Strip Premier League,Al-Hilal Gaza,Shabab Rafah,1-1,49,1-1,2,0,Pareggio,2-1,1,SI,1,0,41
1936,Bahrain,Bahrain Premier League,Manama,Al Hidd,1-1,61,1-1,2,0,Pareggio,4-1,3,SI,3,0,29
1937,Qatar,Qatar Stars League,Al Gharafa,Al-Sadd FC,0-3,56,0-4,4,4,Vantaggio ospite,1-5,2,SI,1,1,34
1938,Mauritania,Mauritania Division 1,FC Nouadhibou,Trarza AC,2-0,64,3-0,3,3,Vantaggio casa,4-1,2,SI,1,1,26
1939,Scotland,Scotland Reserve League,Albion Reserves,Queens Park Reserves,0-1,58,0-1,1,1,Vantaggio ospite,0-2,1,SI,0,1,32
1940,Amichevoli,Club Friendly List,Magwe FC,Hantharwady United,1-2,57,1-2,3,1,Vantaggio ospite,1-2,0,NO,0,0,33
1941,United Arab Emirates,UAE U19 League,Al Ittihad Kalba U19,Emirates Club RAK U19,0-1,49,0-1,1,1,Vantaggio ospite,0-3,2,SI,0,2,41
1942,Israel,Israel Leumit Liga,Beitar Tel Aviv Bat Yam,Hapoel Nir Ramat Hasharon,3-1,56,3-1,4,2,Vantaggio casa,4-1,1,SI,1,0,34
1943,Israel,Israel Premier League,Bnei Yehuda Tel Aviv,Maccabi Tel Aviv,0-2,64,0-2,2,2,Vantaggio ospite,0-3,1,SI,0,1,26
1944,Mondo (amichevoli),World Club Friendlies,Ayeyawady Utd U21,Magwe FC U21,0-0,60,1-0,1,1,Vantaggio casa,3-0,2,SI,2,0,30
1945,Wales,Wales Premier League,Cefn Druids,T.N.S.,0-2,52,0-3,3,3,Vantaggio ospite,0-5,2,SI,0,2,38
1946,England,England Championship,Luton,Fulham,2-1,64,2-1,3,1,Vantaggio casa,3-3,3,SI,1,2,26
1947,Mondo (amichevoli),World Club Friendlies,Buriram United,Khonkaen,2-0,58,2-0,2,2,Vantaggio casa,2-0,0,NO,0,0,32
1948,United Arab Emirates,UAE Division 1,Masafi,Masfut,0-1,54,0-1,1,1,Vantaggio ospite,0-2,1,SI,0,1,36
1949,Amichevoli,Club Friendly List,OHR Huldenberg,KV Mechelen U21,0-0,64,0-1,1,1,Vantaggio ospite,0-4,3,SI,0,3,26
1950,Iran,Iran Pro League,Paykan,Tractor Sazi,0-0,58,1-1,2,0,Pareggio,2-3,3,SI,1,2,32
1951,Turkey,Turkey U19 League,Umraniyespor U19,Buyuksehir Erzurumspor U19,1-0,51,1-0,1,1,Vantaggio casa,2-3,4,SI,1,3,39
1952,Rwandan,Rwandan Division 2,Kirehe FC,Impeesa FC,1-1,65,2-1,3,1,Vantaggio casa,2-3,2,SI,0,2,25
1953,Israel,Israel Youth League,Hapoel Katamon U19,Beitar Tel Aviv Bat Yam U19,1-0,62,1-0,1,1,Vantaggio casa,2-0,1,SI,1,0,28
1954,Amichevoli,Friendly Match - 80 mins play,Algeria Women U21,Tanzania Women U21,1-0,57,2-0,2,2,Vantaggio casa,3-0,1,SI,1,0,33
1955,United Arab Emirates,UAE U19 League,Al Ain SCC U19,Dibba Al Fujairah U19,1-0,65,2-0,2,2,Vantaggio casa,4-0,2,SI,2,0,25
1956,United Arab Emirates,UAE Division 1,Al Thaid,Emirates Club RAK,2-1,52,2-1,3,1,Vantaggio casa,3-4,4,SI,1,3,38
1957,Turkey,Turkey Super Lig,Istanbul Basaksehir,Kasimpasa,4-0,54,4-0,4,4,Vantaggio casa,5-1,2,SI,1,1,36
1958,England,England National League South,Hungerford Town,Havant and W,0-3,47,0-3,3,3,Vantaggio ospite,1-3,1,SI,1,0,43
1959,Scotland,Scotland League One,East Fife,Raith,1-3,65,2-4,6,2,Vantaggio ospite,3-5,2,SI,1,1,25
1960,Hong Kong,Hong Kong 1st Division,Hong Kong Sapling,Shatin,1-2,58,2-2,4,0,Pareggio,3-2,1,SI,1,0,32
1961,Hong Kong,Hong Kong 2nd Division,Kwong Wah,Kwai Tsing DFA,1-1,44,1-1,2,0,Pareggio,2-1,1,SI,1,0,46
1962,Hong Kong,Hong Kong Sapling Cup,Yuen Long,Wofoo Tai Po FC,2-1,65,3-1,4,2,Vantaggio casa,6-3,5,SI,3,2,25
1963,Australia,Australia A-League Youth,Sydney FC U21,Central Coast Mariners U21,2-3,62,3-3,6,0,Pareggio,5-3,2,SI,2,0,28
1964,Algeria,Algeria Cup,Nasr EL Fedjoudj,US Biskra,1-1,64,1-1,2,0,Pareggio,1-2,1,SI,0,1,26
1965,England,England Championship,West Brom,Middlesbrough,0-1,62,0-1,1,1,Vantaggio ospite,0-2,1,SI,0,1,28
1966,England,England League 1,AFC Wimbledon,Oxford Utd,0-1,63,1-2,3,1,Vantaggio ospite,1-2,0,NO,0,0,27
1967,Senegal,Senegal Ligue 2,Thies FC,ASC Port Autonome,0-0,62,1-0,1,1,Vantaggio casa,1-0,0,NO,0,0,28
1968,Antigua & Barbuda,Antigua & Barbuda Premier Division,Pigotts Bullets FC,Liberta,0-1,38,0-1,1,1,Vantaggio ospite,1-2,2,SI,1,1,52
1969,Mondo (amichevoli),World Club Friendlies,Binh Thuan,XM Fico Tay Ninh,0-2,65,0-4,4,4,Vantaggio ospite,0-7,3,SI,0,3,25
1970,Israel,Israel Liga Alef South,Shimshon Kafr Qasim,AS Nordia Jerusalem,3-0,55,3-0,3,3,Vantaggio casa,4-1,2,SI,1,1,35
1971,Mauritania,Mauritania Division 1,ASC Police,Trarza AC,2-0,52,2-0,2,2,Vantaggio casa,2-1,1,SI,0,1,38
1972,Wales,Wales Championship North,Colwyn Bay,Prestatyn Town,0-2,57,0-2,2,2,Vantaggio ospite,1-2,1,SI,1,0,33
1973,England,England Premier League,Newcastle,Leicester,0-2,56,0-2,2,2,Vantaggio ospite,0-3,1,SI,0,1,34
1974,England,England League 2,Crewe,Carlisle,4-0,65,4-1,5,3,Vantaggio casa,4-1,0,NO,0,0,25
1975,England,England League 2,Plymouth,Swindon,1-1,64,1-1,2,0,Pareggio,1-2,1,SI,0,1,26
1976,England,England National League North,Spennymoor Town,Darlington,1-1,60,1-1,2,0,Pareggio,3-1,2,SI,2,0,30
1977,Australia,Australia W-League,Brisbane Roar Women,Melbourne City Women,0-1,59,0-1,1,1,Vantaggio ospite,0-2,1,SI,0,1,31
1978,Qatar,Qatar Stars League,Al-Wakrah SC,Al-Sadd SC,2-0,65,2-0,2,2,Vantaggio casa,2-1,1,SI,0,1,25
1979,Algeria,Algeria U19 League,USM Alger U19,ES Ben Aknoun U19,1-0,65,1-0,1,1,Vantaggio casa,1-1,1,SI,0,1,25
1980,Algeria,Algeria U19 League,GC Mascara U19,WA Tlemcen U19,2-0,58,2-0,2,2,Vantaggio casa,2-2,2,SI,0,2,32
1981,Australia,Australia W-League,Adelaide United Women,Perth Glory Women,2-0,52,2-1,3,1,Vantaggio casa,2-2,1,SI,0,1,38
1982,Israel,Israel Liga Bet South,Maccabi Amishav Petah Tikva,Hapoel Kafr Qasim Shouaa,2-0,62,3-0,3,3,Vantaggio casa,4-0,1,SI,1,0,28
1983,Brazil,Brazil Sao Paulo Youth Cup,Comercial SP U20,Desportiva Perilima U20,2-0,56,2-2,4,0,Pareggio,2-2,0,NO,0,0,34
1984,Brazil,Brazil Sao Paulo Youth Cup,AA Flamengo Guarulhos U20,AD Guarulhos U20,1-0,54,2-0,2,2,Vantaggio casa,3-0,1,SI,1,0,36
1985,Brazil,Brazil Sao Paulo Youth Cup,Oeste U20,Sergipe U20,2-0,60,4-0,4,4,Vantaggio casa,6-0,2,SI,2,0,30
1986,Brazil,Brazil Sao Paulo Youth Cup,Juventude RS U20,Cuiaba EC U20,1-1,51,2-1,3,1,Vantaggio casa,2-1,0,NO,0,0,39
1987,Brazil,Brazil Sao Paulo Youth Cup,Avai U20,Nova Andradina U20,2-0,55,3-0,3,3,Vantaggio casa,4-3,4,SI,1,3,35
1988,Wales,Wales Championship South,Briton Ferry,Swansea University,1-3,49,1-4,5,3,Vantaggio ospite,1-4,0,NO,0,0,41
1989,Vietnam,Vietnam University Championship - 80 mins play,Kien Truc TPHCM University,Tai Chinh MKT University,0-0,52,0-1,1,1,Vantaggio ospite,0-3,2,SI,0,2,38
1990,Hong Kong,Hong Kong Sapling Cup,HK Rangers FC,Kitchee,0-1,62,0-1,1,1,Vantaggio ospite,0-1,0,NO,0,0,28
1991,Australia,Australia A-League,Sydney FC,Adelaide United,2-1,49,2-1,3,1,Vantaggio casa,2-1,0,NO,0,0,41
1992,Cameroon,Cameroon Elite Two,Renaissance Ngoumou,AS Matelots,3-0,59,3-1,4,2,Vantaggio casa,3-2,1,SI,0,1,31
1993,Ethiopia,Ethiopia Premier League,Ethiopia Bunna,Hadiya Hossana,2-0,63,3-0,3,3,Vantaggio casa,5-0,2,SI,2,0,27
1994,Cyprus,Cyprus Division 2,Digenis Morphou,AE Zakakiou,1-0,63,1-0,1,1,Vantaggio casa,1-0,0,NO,0,0,27
1995,Egypt,Egypt Division 2,Coca Cola FC,Tersana SC,1-0,58,1-0,1,1,Vantaggio casa,1-0,0,NO,0,0,32
1996,Tunisia,Tunisia League 1,Etoile Sportive Sahel,Club Africain,1-1,55,1-1,2,0,Pareggio,1-1,0,NO,0,0,35
1997,South Africa,South Africa National Div 1,Tshakhuma Tsha Madzivhadila,Real Kings,1-0,60,1-0,1,1,Vantaggio casa,1-1,1,SI,0,1,30
1998,Scotland,Scotland League Two,Brechin,Cove Rangers,0-1,54,1-1,2,0,Pareggio,1-5,4,SI,0,4,36
1999,Scotland,Scotland Championship,Alloa,Partick,0-0,63,1-0,1,1,Vantaggio casa,1-1,1,SI,0,1,27
2000,Saudi Arabia,Saudi Arabia Super Cup,Al-Nassr Riyadh,Al Taawon Buraidah,0-1,65,1-1,2,0,Pareggio,1-1,0,NO,0,0,25
2001,Arabo,Arab Club Championship,MC Alger,Raja Casablanca,1-0,50,1-0,1,1,Vantaggio casa,1-2,2,SI,0,2,40
2002,Hong Kong,Hong Kong 2nd Division,Leaper St Joseph,Kowloon City,0-2,56,0-2,2,2,Vantaggio ospite,0-2,0,NO,0,0,34
2003,Hong Kong,Hong Kong 2nd Division,Wanchai,Kwong Wah,0-3,59,0-3,3,3,Vantaggio ospite,0-5,2,SI,0,2,31
2004,Hong Kong,Hong Kong Sapling Cup,R&F,Yuen Long,2-0,58,3-0,3,3,Vantaggio casa,5-1,3,SI,2,1,32
2005,Spain,Spain Segunda B Group 3,CD Ebro,La Nucia,2-0,65,2-1,3,1,Vantaggio casa,2-1,0,NO,0,0,25
2006,Greece,Greece Super League 2,Apollon Pontou Kalamaria,Ergotelis,0-1,62,0-1,1,1,Vantaggio ospite,1-3,3,SI,1,2,28
2007,Rwanda,Rwanda National League,Musanze FC,Muhanga,0-1,59,2-1,3,1,Vantaggio casa,2-1,0,NO,0,0,31
2008,Italy,Italy Serie D,AP Turris,Vis Artena,3-0,62,3-2,5,1,Vantaggio casa,3-2,0,NO,0,0,28
2009,Italy,Italy Serie D,Prato,Fossano Calcio,0-1,50,0-1,1,1,Vantaggio ospite,3-2,4,SI,3,1,40
2010,Ghana,Ghana Premier League,Medeama SC,Hearts of Oak,2-0,51,2-0,2,2,Vantaggio casa,3-0,1,SI,1,0,39
2011,Mauritania,Mauritania Division 2,AS Douanes Nouakchott,FC Souvara Riadh,1-0,55,1-0,1,1,Vantaggio casa,1-1,1,SI,0,1,35
2012,Senegal,Senegal League Cup,Guediawaye FC,US Goree,1-0,49,1-0,1,1,Vantaggio casa,1-0,0,NO,0,0,41
2013,Antigua & Barbuda,Antigua & Barbuda Premier Division,Jennings Grenades,All Saints Utd FC,1-1,62,2-1,3,1,Vantaggio casa,3-1,1,SI,1,0,28
2014,Mondo (amichevoli),World Club Friendlies,FC Schaffhausen,FC Zurich,1-0,56,1-0,1,1,Vantaggio casa,1-0,0,NO,0,0,34
2015,England,England U23 Development League,Bristol City U23,Watford U23,0-4,58,0-4,4,4,Vantaggio ospite,1-6,3,SI,1,2,32
2016,Brazil,Brazil Sao Paulo Youth Cup,Comercial SP U20,Cuiaba EC U20,0-2,43,0-2,2,2,Vantaggio ospite,1-3,2,SI,1,1,47
2017,Israel,Israel Leumit Liga,Beitar Tel Aviv Bat Yam,Hapoel Umm al-Fahm,1-0,65,1-1,2,0,Pareggio,2-1,1,SI,1,0,25
2018,Brazil,Brazil Sao Paulo Youth Cup,Inter Limeira U20,CRB U20,0-1,59,0-1,1,1,Vantaggio ospite,0-2,1,SI,0,1,31
2019,Israel,Israel Premier League,Maccabi Haifa,Maccabi Tel Aviv,0-1,61,1-2,3,1,Vantaggio ospite,3-4,4,SI,2,2,29
2020,England,England FA Cup,Arsenal,Leeds,0-0,65,1-0,1,1,Vantaggio casa,1-0,0,NO,0,0,25
2021,Brazil,Brazil Sao Paulo Youth Cup,Capivariano U20,Confianca Sape U20,1-1,53,2-1,3,1,Vantaggio casa,2-1,0,NO,0,0,37
2022,Brazil,Brazil Sao Paulo Youth Cup,Marilia AC U20,EC Timon U20,0-1,55,0-1,1,1,Vantaggio ospite,0-1,0,NO,0,0,35
2023,Brazil,Brazil Sao Paulo Youth Cup,Olimpico EC U20,Santos U20,0-1,55,0-4,4,4,Vantaggio ospite,0-7,3,SI,0,3,35
2024,Aruba,Aruba Cup,SV River Plate,Racing Club Aruba,0-2,57,0-3,3,3,Vantaggio ospite,3-3,3,SI,3,0,33
2025,Iran,Iran Div 1,Navad Urmia,Shahrdari Tabriz,0-0,53,1-0,1,1,Vantaggio casa,1-0,0,NO,0,0,37
2026,Brazil,Brazil Sao Paulo Youth Cup,Nacional SP U20,Canaa EC U20,2-0,60,2-0,2,2,Vantaggio casa,2-1,1,SI,0,1,30
2027,Saudi Arabia,Saudi Arabia Premier League,Al Hilal Riyadh,Al Ahli Jeddah,1-1,61,1-1,2,0,Pareggio,3-1,2,SI,2,0,29
2028,South Africa,South Africa Premier,Polokwane City,Orlando Pirates,0-4,63,0-4,4,4,Vantaggio ospite,1-4,1,SI,1,0,27
2029,Portugal,Portugal U23 League,Benfica U23,Vitoria Setubal U23,1-1,47,1-1,2,0,Pareggio,2-1,1,SI,1,0,43
2030,England,England Southern League Division One,Barton Rovers,Yaxley,2-0,61,2-2,4,0,Pareggio,2-3,1,SI,0,1,29
2031,India,India I-League,Trau FC,Neroca FC,1-1,63,1-1,2,0,Pareggio,2-1,1,SI,1,0,27
2032,India,India Mumbai Elite League,RSF,Mumbai Strikers,0-0,65,0-1,1,1,Vantaggio ospite,0-2,1,SI,0,1,25
2033,Cyprus,Cyprus Cup,Alki Oroklinis,AEL Limassol,1-2,58,1-2,3,1,Vantaggio ospite,1-5,3,SI,0,3,32
2034,Europa (amichevoli),Europe Friendlies,Blau-Weiss Mintard,Rot-Weiss Essen,0-2,58,0-4,4,4,Vantaggio ospite,1-9,6,SI,1,5,32
2035,Northern Ireland,Northern Ireland Reserve League,Larne Reserves,Ballymena Utd Reserves,2-1,51,2-1,3,1,Vantaggio casa,4-1,2,SI,2,0,39
2036,United Arab Emirates,UAE U19 League,Khor Fakkan U19,Al Ittihad Kalba U19,1-0,58,1-0,1,1,Vantaggio casa,1-1,1,SI,0,1,32
2037,Brazil,Brazil Sao Paulo Youth Cup,Cuiaba EC U20,Desportiva Perilima U20,3-2,41,3-2,5,1,Vantaggio casa,4-3,2,SI,1,1,49
2038,Brazil,Brazil Sao Paulo Youth Cup,Nova Andradina U20,FC Atlético Cearense U20,0-2,58,0-4,4,4,Vantaggio ospite,0-5,1,SI,0,1,32
2039,Europa (amichevoli),Europe Friendlies,SC Husen-Kurl,SuS Kaiserau,2-1,63,2-1,3,1,Vantaggio casa,2-5,4,SI,0,4,27
2040,Brazil,Brazil Sao Paulo Youth Cup,EC Timon U20,Olimpico EC U20,2-0,61,3-0,3,3,Vantaggio casa,4-0,1,SI,1,0,29
2041,Brazil,Brazil Sao Paulo Youth Cup,Primavera SP U20,Bahia U20,1-1,62,1-1,2,0,Pareggio,2-1,1,SI,1,0,28
2042,Brazil,Brazil Sao Paulo Youth Cup,Nacional AM U20,RB Brasil U20,0-1,59,1-3,4,2,Vantaggio ospite,1-4,1,SI,0,1,31
2043,Brazil,Brazil Sao Paulo Youth Cup,Desportiva Paraense U20,Moto Club de São Luís U20,1-0,53,2-0,2,2,Vantaggio casa,2-1,1,SI,0,1,37
2044,Brazil,Brazil Sao Paulo Youth Cup,Marilia AC U20,Santos U20,1-0,61,1-1,2,0,Pareggio,1-2,1,SI,0,1,29
2045,Brazil,Brazil Sao Paulo Youth Cup,Nova Iguacu U20,Linhares FC U20,4-0,60,4-0,4,4,Vantaggio casa,5-0,1,SI,1,0,30
2046,Brazil,Brazil Sao Paulo Youth Cup,Serra FC U20,Guarani SP U20,1-0,50,1-0,1,1,Vantaggio casa,1-1,1,SI,0,1,40
2047,Brazil,Brazil Sao Paulo Youth Cup,Osvaldo Cruz U20,Londrina U20,1-2,59,1-2,3,1,Vantaggio ospite,3-2,2,SI,2,0,31
2048,Brazil,Brazil Sao Paulo Youth Cup,Velo Clube U20,Parana Clube U20,0-0,64,1-0,1,1,Vantaggio casa,1-1,1,SI,0,1,26
2049,Brazil,Brazil Sao Paulo Youth Cup,Visao Celeste U20,Gremio Novorizontino U20,0-7,55,0-7,7,7,Vantaggio ospite,3-8,4,SI,3,1,35
2050,Algeria,Algeria U19 League,RC Relizane U19,JSM Tiaret U19,2-1,59,2-2,4,0,Pareggio,3-3,2,SI,1,1,31
2051,Algeria,Algeria U19 League,MO Bejaia U19,USM Khenchela U19,1-0,61,2-0,2,2,Vantaggio casa,2-1,1,SI,0,1,29
2052,Europa (amichevoli),Europe Friendlies,FC Ingolstadt,Gent,1-1,56,1-2,3,1,Vantaggio ospite,2-3,2,SI,1,1,34
2053,Europa (amichevoli),Europe Friendlies,Dukla Praha B,FK MAS Taborsko,1-2,57,2-2,4,0,Pareggio,2-3,1,SI,0,1,33
2054,Italy,Italy Campionato Primavera 1,Genoa U19,Atalanta U19,0-2,57,0-2,2,2,Vantaggio ospite,0-3,1,SI,0,1,33
2055,India,India Super League,Hyderabad FC,Chennaiyin FC,0-2,62,0-2,2,2,Vantaggio ospite,1-3,2,SI,1,1,28
2056,Europa (amichevoli),Europe Friendlies,Bayer Leverkusen,St Gallen,1-2,59,2-2,4,0,Pareggio,3-2,1,SI,1,0,31
2057,Saudi Arabia,Saudi Arabia Premier League,Al Taawon Buraidah,Al Fateh SC,1-1,55,1-1,2,0,Pareggio,2-1,1,SI,1,0,35
2058,Brazil,Brazil Sao Paulo Youth Cup,Vitoria da Conquista U20,Trem U20,0-1,52,1-1,2,0,Pareggio,1-1,0,NO,0,0,38
2059,Wales,Wales Championship South,Cwmamman Utd,Briton Ferry,0-1,48,0-2,2,2,Vantaggio ospite,0-6,4,SI,0,4,42
2060,Iceland,Iceland Pre-Season Cup,IR Reykjavik,Fjolnir,0-3,61,1-3,4,2,Vantaggio ospite,1-5,2,SI,0,2,29
2061,Mexico,Mexico Liga MX Femenil,Cruz Azul Women,Club America Women,0-1,63,1-2,3,1,Vantaggio ospite,1-2,0,NO,0,0,27
2062,Trinidad & Tobago,Trinidad & Tobago Pro League,Police FC,Point Fortin FC,1-1,56,1-1,2,0,Pareggio,3-1,2,SI,2,0,34
2063,Australia,Australia A-League,Perth Glory,Adelaide United,2-0,57,2-0,2,2,Vantaggio casa,3-0,1,SI,1,0,33
2064,Europa (amichevoli),Europe Friendlies,Gyirmot SE,Gyor Eto FC,0-0,65,3-0,3,3,Vantaggio casa,5-0,2,SI,2,0,25
2065,Kenya,Kenya Super League,Mount Kenya United,Bidco United,1-1,62,2-3,5,1,Vantaggio ospite,2-5,2,SI,0,2,28
2066,Iran,Iran U23 League,Abi Pooshan U23,Esteghlal U23,0-2,55,1-2,3,1,Vantaggio ospite,2-3,2,SI,1,1,35
2067,Spain,Spain Copa del Rey,UCAM Murcia CF,Mirandes,1-0,64,1-2,3,1,Vantaggio ospite,2-3,2,SI,1,1,26
2068,Europa (amichevoli),Europe Friendlies,Hannover 96,Paderborn,0-1,52,0-1,1,1,Vantaggio ospite,0-1,0,NO,0,0,38
2069,Rwandan,Rwandan Division 2,Pepiniere FC,Kirehe FC,3-0,58,3-1,4,2,Vantaggio casa,3-2,1,SI,0,1,32
2070,Kenya,Kenya Super League,Kibera Black Stars,Muranga Seal,1-1,61,1-1,2,0,Pareggio,1-2,1,SI,0,1,29
2071,Europa (amichevoli),Europe Friendlies,HNK Gorica,NK Lokomotiva Zagreb,1-0,65,1-1,2,0,Pareggio,2-2,2,SI,1,1,25
2072,Europa (amichevoli),Europe Friendlies,SKU Amstetten,St Polten,0-3,52,1-3,4,2,Vantaggio ospite,1-5,2,SI,0,2,38
2073,Zambia,Zambia Super League,NAPSA Stars,Green Buffaloes,1-1,48,1-1,2,0,Pareggio,2-2,2,SI,1,1,42
2074,Europa (amichevoli),Europe Friendlies,SSVg Velbert,Fortuna Dusseldorf II,0-1,56,0-1,1,1,Vantaggio ospite,0-2,1,SI,0,1,34
2075,Iceland,Iceland U19 Cup,Afturelding/Hvíti/Álafoss U19,Throttur Reykjavik/SR U19,1-2,58,1-2,3,1,Vantaggio ospite,1-4,2,SI,0,2,32
2076,South Africa,South Africa Premier,Highlands Park,Stellenbosch FC,1-2,58,1-2,3,1,Vantaggio ospite,1-4,2,SI,0,2,32
2077,Europa (amichevoli),Europe Friendlies,Wil 1900,FC Thun,0-1,62,2-4,6,2,Vantaggio ospite,3-5,2,SI,1,1,28
2078,Burundi,Burundi Premier League,Bujumbura City,Les Lierres FC,2-0,46,2-0,2,2,Vantaggio casa,2-0,0,NO,0,0,44
2079,Algeria,Algeria Youth League,USM Alger U21,JS Kabylie U21,1-1,58,1-1,2,0,Pareggio,2-1,1,SI,1,0,32
2080,Wales,Wales Premier League,Carmarthen,Airbus UK,2-1,60,2-2,4,0,Pareggio,2-2,0,NO,0,0,30
2081,England,England FA Trophy,AFC Fylde,Southport,3-1,46,3-1,4,2,Vantaggio casa,4-1,1,SI,1,0,44
2082,England,England FA Trophy,Darlington,Harrogate Town,0-1,64,0-1,1,1,Vantaggio ospite,0-2,1,SI,0,1,26
2083,Ghana,Ghana Premier League,Liberty Professionals,Medeama SC,0-0,65,1-0,1,1,Vantaggio casa,1-1,1,SI,0,1,25
2084,Spain,Spain Youth League,Castilleja CF U19,Almeria U19,1-1,47,1-1,2,0,Pareggio,1-1,0,NO,0,0,43
2085,Iceland,Iceland Pre-Season Cup,IF Vestri,Keflavik,1-1,59,1-1,2,0,Pareggio,1-3,2,SI,0,2,31
2086,Cyprus,Cyprus Division 1,Ethnikos Achna,AEK Larnaca,2-0,64,2-1,3,1,Vantaggio casa,2-5,4,SI,0,4,26
2087,Brazil,Brazil Campeonato Carioca,Nova Iguacu,America RJ,1-0,57,1-0,1,1,Vantaggio casa,4-0,3,SI,3,0,33
2088,Brazil,Brazil Sao Paulo Youth Cup,Taboao da Serra U20,Ituano U20,2-0,63,3-2,5,1,Vantaggio casa,3-3,1,SI,0,1,27
2089,Hong Kong,Hong Kong 3rd Division,New Fair Kuitan,Kwok Keung,0-2,64,0-4,4,4,Vantaggio ospite,1-7,4,SI,1,3,26
2090,Iran,Iran Div 2,Shahrdari Bandar Abbas,Pas Hamedan,0-2,56,2-2,4,0,Pareggio,2-2,0,NO,0,0,34
2091,Spain,Spain Youth League,Racing Ferrol U19,CF Bansander U19,1-0,62,1-1,2,0,Pareggio,1-1,0,NO,0,0,28
2092,Spain,Spain Copa del Rey,Unionistas de Salamanca CF,Deportivo La Coruna,0-0,64,1-0,1,1,Vantaggio casa,1-1,1,SI,0,1,26
2093,Kenya,Kenya Premier League,Ulinzi Stars,Western Stima,2-2,54,2-2,4,0,Pareggio,3-2,1,SI,1,0,36
2094,CAF,CAF Confederations Cup,Enyimba,Paradou AC,3-0,48,3-0,3,3,Vantaggio casa,4-1,2,SI,1,1,42
2095,Italy,Italy Serie D,Sangiovannese,Gavorrano,0-1,53,1-1,2,0,Pareggio,1-2,1,SI,0,1,37
2096,South Africa,South Africa Premier,Bloem Celtic,Black Leopards,3-1,50,3-1,4,2,Vantaggio casa,4-2,2,SI,1,1,40
2097,Costa Rica,Costa Rica Primera Division,Alajuelense,Limon FC,2-1,54,3-1,4,2,Vantaggio casa,4-1,1,SI,1,0,36
2098,India,India Mumbai Elite League,ICL Payyade,GM Sports,0-3,59,0-4,4,4,Vantaggio ospite,0-5,1,SI,0,1,31
2099,Amichevoli,Club Friendly List,Basel,VfB Stuttgart,0-0,65,0-2,2,2,Vantaggio ospite,0-2,0,NO,0,0,25
2100,Malta,Malta Premier League,Hamrun Spartans,Gzira United,0-1,59,0-1,1,1,Vantaggio ospite,0-3,2,SI,0,2,31
2101,England,England Premier League 2,Sunderland U23,West Brom U23,0-2,55,0-3,3,3,Vantaggio ospite,0-4,1,SI,0,1,35
2102,Belgium,Belgium Reserve League,Westerlo Reserves,Zulte Waregem Reserves,0-1,49,0-1,1,1,Vantaggio ospite,1-2,2,SI,1,1,41
2103,Mondo (amichevoli),World Club Friendlies,XSKT Can Tho,An Giang,1-1,65,1-2,3,1,Vantaggio ospite,1-2,0,NO,0,0,25
2104,India,India I-League,Neroca FC,Real Kashmir FC,0-0,63,1-0,1,1,Vantaggio casa,1-0,0,NO,0,0,27
2105,India,India Mumbai Elite League,Companeros SC,RSF,1-0,52,1-0,1,1,Vantaggio casa,1-1,1,SI,0,1,38
2106,Portugal,Portugal U23 League,Vitoria Setubal U23,Cova de Piedade U23,1-0,56,1-0,1,1,Vantaggio casa,2-1,2,SI,1,1,34
2107,Israel,Israel Youth League,Ironi Modiin U19,FC Kfar Qasim U19,1-1,59,2-1,3,1,Vantaggio casa,3-2,2,SI,1,1,31
2108,Europa (amichevoli),Europe Friendlies,FC Emmen Reserves,Cambuur Leeuwarden Reserves,1-0,54,1-0,1,1,Vantaggio casa,2-1,2,SI,1,1,36
2109,Qatar,Qatar U23 League,Al Gharafa U23,Al Shahaniya U23,2-0,58,3-0,3,3,Vantaggio casa,5-2,4,SI,2,2,32
2110,Turkey,Turkey Cup,Sivasspor,Yeni Malatyaspor,3-0,59,4-0,4,4,Vantaggio casa,4-0,0,NO,0,0,31
2111,Brazil,Brazil Sao Paulo Youth Cup,Gremio FBPA U20,Chapecoense U20,1-0,63,1-0,1,1,Vantaggio casa,4-0,3,SI,3,0,27
2112,Gibraltar,Gibraltar National League,FC Boca Juniors Gibraltar,Europa Point,0-2,49,0-3,3,3,Vantaggio ospite,2-4,3,SI,2,1,41
2113,India,India I-League,East Bengal Club,Gokulam FC,1-2,50,1-2,3,1,Vantaggio ospite,1-3,1,SI,0,1,40
2114,Czech Republic,Czech Republic Tipsport Liga,FK Jablonec,Bohemians 1905,1-0,58,1-0,1,1,Vantaggio casa,1-0,0,NO,0,0,32
2115,Mondo (amichevoli),World Club Friendlies,Okzhetpes Kokshetau,FC Voluntari,1-1,65,1-1,2,0,Pareggio,1-1,0,NO,0,0,25
2116,United Arab Emirates,UAE U19 League,Dubba Al Husun U19,Al Ain SCC U19,0-1,52,0-2,2,2,Vantaggio ospite,0-7,5,SI,0,5,38
2117,Europa (amichevoli),Europe Friendlies,Sigma Olomouc,SK Prostejov,0-1,61,0-1,1,1,Vantaggio ospite,0-2,1,SI,0,1,29
2118,Europa (amichevoli),Europe Friendlies,ND Gorica,Budafoki MTE,0-0,59,0-1,1,1,Vantaggio ospite,1-2,2,SI,1,1,31
2119,Europa (amichevoli),Europe Friendlies,NS Mura,Zalaegerszegi TE,0-0,65,0-2,2,2,Vantaggio ospite,3-3,4,SI,3,1,25
2120,Europa (amichevoli),Europe Friendlies,Heracles Reserves,De Graafschap Reserves,2-0,62,4-0,4,4,Vantaggio casa,5-1,2,SI,1,1,28
2121,Ghana,Ghana Premier League,Inter Allies,Elmina Sharks,1-1,41,0-1,1,1,Vantaggio ospite,2-3,4,SI,2,2,49
2122,Gambia,Gambia Division 2,Young African FC,Team Rhino FC,2-1,55,2-2,4,0,Pareggio,2-3,1,SI,0,1,35
2123,Spain,Spain Segunda,Alcorcon,Numancia,0-0,61,1-1,2,0,Pareggio,2-2,2,SI,1,1,29
2124,Europa (amichevoli),Europe Friendlies,Ratingen SV Germania 04/19 EV,SC Kapellen-Erft,0-2,65,0-2,2,2,Vantaggio ospite,1-2,1,SI,1,0,25
2125,Northern Ireland,Northern Ireland Reserve League,Carrick Rangers Reserves,Larne Reserves,2-0,49,2-0,2,2,Vantaggio casa,4-1,3,SI,2,1,41
2126,France,France Ligue 1,Monaco,PSG,0-2,61,0-2,2,2,Vantaggio ospite,1-4,3,SI,1,2,29
2127,India,India Mumbai Elite League,Kenkre SC,Sellebrity,0-1,57,2-2,4,0,Pareggio,3-2,1,SI,1,0,33
2128,Nazionali,International Match,Mauritius,Burundi,1-2,48,1-3,4,2,Vantaggio ospite,1-4,1,SI,0,1,42
2129,Europa (amichevoli),Europe Friendlies,Lechia Gdansk,Chojniczanka Chojnice,1-3,50,1-3,4,2,Vantaggio ospite,2-3,1,SI,1,0,40
2130,Mondo (amichevoli),World Club Friendlies,Terengganu,Hougang United FC,2-0,59,3-0,3,3,Vantaggio casa,4-0,1,SI,1,0,31
2131,England,England U23 Premier League Cup,Aston Villa U23,Exeter U23,0-1,64,0-3,3,3,Vantaggio ospite,0-4,1,SI,0,1,26
2132,India,India Super League,Chennaiyin FC,Northeast United,0-0,58,1-0,1,1,Vantaggio casa,2-0,1,SI,1,0,32
2133,Mexico,Mexico Clausura,Juarez FC,Unam Pumas,3-2,61,3-4,7,1,Vantaggio ospite,4-4,1,SI,1,0,29
2134,Israel,Israel Liga Alef North,Hapoel Asi Gilboa,Maccabi Ironi Kiryat Ata,1-2,65,2-6,8,4,Vantaggio ospite,2-6,0,NO,0,0,25
2135,Turkey,Turkey 1 Lig,Menemenspor,Giresunspor,0-1,60,0-1,1,1,Vantaggio ospite,0-3,2,SI,0,2,30
2136,Iceland,Iceland Pre-Season Cup,Afturelding,Selfoss,2-2,63,2-2,4,0,Pareggio,6-2,4,SI,4,0,27
2137,Europa (amichevoli),Europe Friendlies,BSG Chemie Leipzig,TSV Havelse,1-1,56,1-1,2,0,Pareggio,1-1,0,NO,0,0,34
2138,Netherlands,Holland Eerste Divisie,Top Oss,Cambuur Leeuwarden,2-2,57,2-2,4,0,Pareggio,3-2,1,SI,1,0,33
2139,Amichevoli,Club Friendly List,Leher TS,FC Hagen/Uthlede,0-5,58,0-5,5,5,Vantaggio ospite,0-6,1,SI,0,1,32
2140,Netherlands,Holland Eerste Divisie,FC Eindhoven,Helmond Sport,1-0,58,1-0,1,1,Vantaggio casa,2-0,1,SI,1,0,32
2141,Republic of Ireland,Republic of Ireland Munster Senior League,Midleton FC,St Marys AFC,2-0,65,3-0,3,3,Vantaggio casa,4-0,1,SI,1,0,25
2142,Brazil,Brazil Sao Paulo Youth Cup,Botafogo SP U20,Internacional RS U20,0-2,63,0-2,2,2,Vantaggio ospite,0-2,0,NO,0,0,27
2143,Hong Kong,Hong Kong Premier League,R&F,HK Rangers FC,2-0,63,4-0,4,4,Vantaggio casa,5-0,1,SI,1,0,27
2144,Iran,Iran U23 League,Caspian Kosar U23,Abi Pooshan U23,0-3,60,0-3,3,3,Vantaggio ospite,0-5,2,SI,0,2,30
2145,Israel,Israel Youth League,Ironi Modiin U19,MS Ashdod U19,0-3,57,0-3,3,3,Vantaggio ospite,2-5,4,SI,2,2,33
2146,Hong Kong,Hong Kong Premier League,Eastern Long Lions,Lee Man FC,2-0,51,2-0,2,2,Vantaggio casa,2-1,1,SI,0,1,39
2147,Italy,Italy Campionato Primavera 2,Livorno U19,Salernitana U19,2-0,51,2-0,2,2,Vantaggio casa,2-0,0,NO,0,0,39
2148,Europa (amichevoli),Europe Friendlies,SV Lafnitz,FC Marchfeld Donauauen,4-0,58,4-1,5,3,Vantaggio casa,6-1,2,SI,2,0,32
2149,Europa (amichevoli),Europe Friendlies,SV Sonsbeck,TSV Meerbusch,0-0,53,0-1,1,1,Vantaggio ospite,0-3,2,SI,0,2,37
2150,Rwandan,Rwandan Division 2,Gasabo United,Rwamagana City,1-1,50,1-1,2,0,Pareggio,2-1,1,SI,1,0,40
2151,Europa (amichevoli),Europe Friendlies,SV Ried,Salzburger AK,2-0,60,2-0,2,2,Vantaggio casa,4-0,2,SI,2,0,30
2152,Uganda,Uganda Premier League,Maroons,BUL FC,2-0,46,2-0,2,2,Vantaggio casa,2-0,0,NO,0,0,44
2153,Saudi Arabia,Saudi Arabia Cup,Abha,Al Fateh SC,1-0,53,1-1,2,0,Pareggio,1-1,0,NO,0,0,37
2154,Turkey,Turkey Super Lig,Istanbul Basaksehir,Yeni Malatyaspor,4-0,60,4-0,4,4,Vantaggio casa,4-1,1,SI,0,1,30
2155,Germany,Germany Bundesliga I,Cologne,Wolfsburg,2-0,52,2-0,2,2,Vantaggio casa,3-1,2,SI,1,1,38
2156,Scotland,Scotland FA Cup,Alloa,Inverness CT,1-1,62,1-2,3,1,Vantaggio ospite,2-3,2,SI,1,1,28
2157,Portugal,Portugal U23 League,Vitoria Setubal U23,Academica U23,2-1,55,3-1,4,2,Vantaggio casa,3-2,1,SI,0,1,35
2158,Benin,Benin Ligue 1,Panthers,Dynamo FC,1-0,38,1-0,1,1,Vantaggio casa,1-0,0,NO,0,0,52
2159,Saudi Arabia,Saudi Arabia Cup,Al Wahda Mecca,Al Ahli Jeddah,1-1,58,1-1,2,0,Pareggio,1-2,1,SI,0,1,32
2160,Turkey,Turkey 1 Lig,Altinordu,Hatayspor,2-1,65,2-2,4,0,Pareggio,2-2,0,NO,0,0,25
2161,Portugal,Portugal Segunda Liga,FC Porto B,Benfica B,1-1,59,2-1,3,1,Vantaggio casa,2-1,0,NO,0,0,31
2162,Europa (amichevoli),Europe Friendlies,HSC Hannover,Wuppertaler,1-4,63,1-5,6,4,Vantaggio ospite,1-7,2,SI,0,2,27
2163,Brazil,Brazil Campeonato Carioca,Friburguense,America RJ,1-0,64,2-0,2,2,Vantaggio casa,2-2,2,SI,0,2,26
2164,Europa (amichevoli),Europe Friendlies,IF Gnistan,NJS,0-1,65,1-1,2,0,Pareggio,1-1,0,NO,0,0,25
2165,Belgium,Belgium First Amateur Division,Lierse Kempenzonen,Seraing United,0-3,62,1-3,4,2,Vantaggio ospite,1-3,0,NO,0,0,28
2166,Italy,Italy Serie A,Napoli,Fiorentina,0-1,65,0-1,1,1,Vantaggio ospite,0-2,1,SI,0,1,25
2167,Mondo (amichevoli),World Club Friendlies,Almirante Brown,Defensores de Belgrano,2-1,58,3-1,4,2,Vantaggio casa,3-2,1,SI,0,1,32
2168,Mexico,Mexico Segunda Division,Deportivo Dongu,CD Nuevo Chimalhuacan,0-0,64,0-1,1,1,Vantaggio ospite,2-1,2,SI,2,0,26
2169,Mondo (amichevoli),World Club Friendlies,Atletico Nacional Medellin,Corinthians,1-1,56,1-1,2,0,Pareggio,2-1,1,SI,1,0,34
2170,Australia,Australia A-League Youth,Canberra United FC U21,Newcastle Jets FC U21,1-4,64,3-4,7,1,Vantaggio ospite,3-5,1,SI,0,1,26
2171,New Zealand,New Zealand Football Championship,Wellington Phoenix Reserves,Waitakere United,1-2,54,2-2,4,0,Pareggio,3-4,3,SI,1,2,36
2172,Nazionali U23,U23 International,Colombia U23,Argentina U23,1-1,65,1-2,3,1,Vantaggio ospite,1-2,0,NO,0,0,25
2173,Australia,Australia Friendlies,St George City FA,Hakoah Sydney City East,0-2,62,1-2,3,1,Vantaggio ospite,2-2,1,SI,1,0,28
2174,Finland,Finland Kakkosen Cup,Klubi-04,FC Viikingit,4-0,62,4-0,4,4,Vantaggio casa,4-0,0,NO,0,0,28
2175,Republic of Ireland,Republic of Ireland Leinster Senior League,Skerries Town FC,St Patricks CY FC,0-3,48,0-3,3,3,Vantaggio ospite,0-3,0,NO,0,0,42
2176,Finland,Finland Kakkosen Cup,RFA,JS Hercules,1-1,61,1-1,2,0,Pareggio,2-1,1,SI,1,0,29
2177,Europa (amichevoli),Europe Friendlies,Bergisch Gladbach 09,FC Viktoria Köln,0-2,63,1-2,3,1,Vantaggio ospite,2-3,2,SI,1,1,27
2178,Europa (amichevoli),Europe Friendlies,Union Berlin,St Gallen,1-1,59,1-2,3,1,Vantaggio ospite,1-2,0,NO,0,0,31
2179,AFC,AFC U23 Championship,UAE U23,Uzbekistan U23,1-3,57,1-3,4,2,Vantaggio ospite,1-5,2,SI,0,2,33
2180,Italy,Italy Serie A,Brescia,Cagliari,1-1,56,2-1,3,1,Vantaggio casa,2-2,1,SI,0,1,34
2181,Qatar,Qatar U23 League,Al-Shahaniya SC U23,Al-Sadd SC U23,0-1,64,0-1,1,1,Vantaggio ospite,1-1,1,SI,1,0,26
2182,Portugal,Portugal Campeonato Nacional,Vizela,CS Maritimo B,3-1,65,3-3,6,0,Pareggio,3-5,2,SI,0,2,25
2183,Ghana,Ghana Premier League,Elmina Sharks,Great Olympics,1-0,46,1-0,1,1,Vantaggio casa,1-1,1,SI,0,1,44
2184,Turkey,Turkey Super Lig,Besiktas,Sivasspor,1-2,54,1-2,3,1,Vantaggio ospite,1-2,0,NO,0,0,36
2185,France,France Cup,Rouen,Angers,1-3,55,1-3,4,2,Vantaggio ospite,1-4,1,SI,0,1,35
2186,Italy,Italy Serie A,Genoa,Roma,1-2,64,1-2,3,1,Vantaggio ospite,1-3,1,SI,0,1,26
2187,Egypt,Egypt Division 1,Al Moqawloon Al Arab,Al Ahly Cairo,0-1,63,0-1,1,1,Vantaggio ospite,0-2,1,SI,0,1,27
2188,Brazil,Brazil Campeonato Potiguar,Globo FC,ASSU,2-2,54,2-2,4,0,Pareggio,3-3,2,SI,1,1,36
2189,Argentina,Argentina Cup,Deportivo Madryn,Sol de Mayo,4-1,58,5-1,6,4,Vantaggio casa,5-1,0,NO,0,0,32
2190,Paraguay,Paraguay Division Profesional,Olimpia Asuncion,Club General Diaz,1-0,58,1-0,1,1,Vantaggio casa,2-1,2,SI,1,1,32
2191,Iran,Iran Div 2,Shahrdari Fuman,Kheybar Khorramabad,0-2,58,1-2,3,1,Vantaggio ospite,1-3,1,SI,0,1,32
2192,Egypt,Egypt Division 1,Aswan FC,Wadi Degla,0-3,63,0-3,3,3,Vantaggio ospite,1-3,1,SI,1,0,27
2193,Mondo (amichevoli),World Club Friendlies,Dinamo Bucharest,NK Osijek,1-0,59,1-0,1,1,Vantaggio casa,1-1,1,SI,0,1,31
2194,Mauritania,Mauritania Division 2,FC Wagadou,Etoile Nouakchott,1-1,57,2-1,3,1,Vantaggio casa,2-1,0,NO,0,0,33
2195,Belgium,Belgium Reserve League,Genk Reserves,Sint Truidense Reserves,2-0,63,2-1,3,1,Vantaggio casa,3-1,1,SI,1,0,27
2196,Mexico,Mexico Liga MX Femenil,Club America Women,Santos Laguna Women,1-0,62,2-1,3,1,Vantaggio casa,3-2,2,SI,1,1,28
2197,Mexico,Mexico Segunda Division,Club Canoneros Marina,Atletico San Luis II,0-0,50,1-0,1,1,Vantaggio casa,2-1,2,SI,1,1,40
2198,Saudi Arabia,Saudi Arabia Division 1,Al Taqdom,Al Qadisiya Al Khubar,1-0,60,1-2,3,1,Vantaggio ospite,1-3,1,SI,0,1,30
2199,Europa (amichevoli),Europe Friendlies,Olimpija Ljubljana,Slaven Belupo,0-1,63,0-1,1,1,Vantaggio ospite,0-2,1,SI,0,1,27
2200,Uganda,Uganda Cup,Katwe United,Proline FC,1-0,53,1-1,2,0,Pareggio,1-2,1,SI,0,1,37
2201,Europa (amichevoli),Europe Friendlies,TuS Hiltrup,Eintracht Rheine,1-2,56,1-2,3,1,Vantaggio ospite,1-3,1,SI,0,1,34
2202,England,England County Cup,AFC Mansfield,Notts County XI,1-2,64,1-2,3,1,Vantaggio ospite,1-3,1,SI,0,1,26
2203,England,England Southern Premier League Central,Bromsgrove,Redditch,3-0,55,3-1,4,2,Vantaggio casa,7-1,4,SI,4,0,35
2204,England,England Isthmian Cup,Wingate & Finchley,Margate,0-1,53,0-2,2,2,Vantaggio ospite,1-3,2,SI,1,1,37
2205,Northern Ireland,Northern Ireland Mid Ulster Cup,Loughgall,Glenavon,0-0,62,2-2,4,0,Pareggio,3-2,1,SI,1,0,28
2206,Netherlands,Holland Cup,FC Eindhoven,FC Utrecht,1-0,61,1-1,2,0,Pareggio,1-2,1,SI,0,1,29
2207,Brazil,Brazil Campeonato Pernambucano,Retro FC Brasil,Santa Cruz FC,1-0,65,1-2,3,1,Vantaggio ospite,1-2,0,NO,0,0,25
2208,India,India Mumbai Super Division,Mumbai Ultras FC,Mumbai Young Boys,0-3,63,0-3,3,3,Vantaggio ospite,1-5,3,SI,1,2,27
2209,Myanmar,Myanmar U19 League,Kachin United FC U19,Hantharwady United U19,0-6,37,0-4,4,4,Vantaggio ospite,0-8,4,SI,0,4,53
2210,Amichevoli,Club Friendly List,FK Poprad,FC Tatran Presov,2-1,64,2-1,3,1,Vantaggio casa,2-1,0,NO,0,0,26
2211,Europa (amichevoli),Europe Friendlies,AS Trencin,Gornik Zabrze,0-1,56,0-2,2,2,Vantaggio ospite,1-3,2,SI,1,1,34
2212,Europa (amichevoli),Europe Friendlies,Dinamo Bucharest,Krasnodar,1-0,62,1-1,2,0,Pareggio,1-2,1,SI,0,1,28
2213,Europa (amichevoli),Europe Friendlies,Slask Wroclaw,FK Teplice,0-0,50,0-1,1,1,Vantaggio ospite,1-2,2,SI,1,1,40
2214,Europa (amichevoli),Europe Friendlies,NK Sesvete,NK Zagorec Krapina,2-0,63,3-0,3,3,Vantaggio casa,8-0,5,SI,5,0,27
2215,Europa (amichevoli),Europe Friendlies,Lechia Zielona Góra,Zaglebie Lubin II,1-1,59,1-1,2,0,Pareggio,2-3,3,SI,1,2,31
2216,Brazil,Brazil Campeonato Paulista A2,CA Votuporanguense,CA Juventus,0-2,64,0-3,3,3,Vantaggio ospite,0-4,1,SI,0,1,26
2217,Amichevoli,Club Friendly List,Helfort 15,ASV Spratzern,3-2,59,3-2,5,1,Vantaggio casa,4-6,5,SI,1,4,31
2218,Bolivia,Bolivia Apertura,Club Aurora,Real Potosi,1-0,61,2-0,2,2,Vantaggio casa,4-0,2,SI,2,0,29
2219,Italy,Italy Serie C Group B,AC Feralpisalo,Reggio Audace FC,0-0,61,0-1,1,1,Vantaggio ospite,1-1,1,SI,1,0,29
2220,Uruguay,Uruguay Amateur Cup,Lavalleja Capital,Canelones Interior,1-1,54,1-1,2,0,Pareggio,1-1,0,NO,0,0,36
2221,Costa Rica,Costa Rica Primera Division,Cartagines,AD Grecia,1-1,64,3-1,4,2,Vantaggio casa,4-3,3,SI,1,2,26
2222,Australia,Australia Friendlies,Modbury Jets Reserves,Adelaide Comets Reserves,0-0,63,1-0,1,1,Vantaggio casa,1-0,0,NO,0,0,27
2223,Myanmar,Myanmar League 2,Chinland FC,Mawyawadi FC,1-1,59,1-2,3,1,Vantaggio ospite,3-2,2,SI,2,0,31
2224,Australia,Australia Friendlies,Modbury Jets,Adelaide Comets,1-2,63,2-3,5,1,Vantaggio ospite,2-4,1,SI,0,1,27
2225,Uganda,Uganda Cup,Six O'clock FC,Kitara FC,1-1,47,1-1,2,0,Pareggio,1-1,0,NO,0,0,43
2226,Europa (amichevoli),Europe Friendlies,SpVgg Sterkrade-Nord,DJK Arminia Klosterhardt,3-0,65,4-1,5,3,Vantaggio casa,6-2,3,SI,2,1,25
2227,France,France National,AS Beziers,Dunkerque,0-1,63,0-1,1,1,Vantaggio ospite,1-2,2,SI,1,1,27
2228,Republic of Ireland,Republic of Ireland Leinster Senior League,St Francis FC,Mid Sutton Sportslink,3-3,42,2-3,5,1,Vantaggio ospite,3-3,1,SI,1,0,48
2229,Republic of Ireland,Republic of Ireland Leinster Senior League,Dublin University FC,Tek United,0-0,62,1-1,2,0,Pareggio,1-1,0,NO,0,0,28
2230,Brazil,Brazil Campeonato Goiano,Goias,Aparecidense,2-2,65,2-2,4,0,Pareggio,3-2,1,SI,1,0,25
2231,India,India Mumbai Super Division,Kenkre U19,RBI,2-1,64,2-1,3,1,Vantaggio casa,2-2,1,SI,0,1,26
2232,Australia,Australia A-League,Melbourne Victory,Sydney FC,0-1,60,0-2,2,2,Vantaggio ospite,0-3,1,SI,0,1,30
2233,Uganda,Uganda Cup,KCCA,Catida FC,1-0,60,1-0,1,1,Vantaggio casa,2-0,1,SI,1,0,30
2234,United Arab Emirates,UAE U19 League,Shabab Al Ahli Dubai U19,Al Wasl SC U19,2-0,62,3-0,3,3,Vantaggio casa,3-0,0,NO,0,0,28
2235,United Arab Emirates,UAE Premier League,Shabab Al Ahli Dubai,Sharjah SCC,1-0,53,1-1,2,0,Pareggio,3-2,3,SI,2,1,37
2236,Saudi Arabia,Saudi Arabia Premier League,Al Wahda Mecca,Al Hazm,2-0,55,2-0,2,2,Vantaggio casa,5-1,4,SI,3,1,35
2237,Europa (amichevoli),Europe Friendlies,SK Sturm Graz II,SV Wildon,3-1,54,4-1,5,3,Vantaggio casa,5-1,1,SI,1,0,36
2238,Netherlands,Holland Eerste Divisie,Roda JC,FC Volendam,0-1,64,2-2,4,0,Pareggio,2-3,1,SI,0,1,26
2239,Belgium,Belgium First Division B,Lokeren,OH Leuven,1-0,64,1-0,1,1,Vantaggio casa,1-1,1,SI,0,1,26
2240,Spain,Spain Youth League,SD San Jose U19,CD Marino U19,3-1,43,3-1,4,2,Vantaggio casa,4-1,1,SI,1,0,47
2241,Australia,Australia A-League Youth,Melbourne Victory U21,Adelaide United U21,2-0,65,2-1,3,1,Vantaggio casa,4-1,2,SI,2,0,25
2242,Australia,Australia Friendlies,Brisbane City U20,Moreton Bay United U20,1-1,56,1-1,2,0,Pareggio,1-2,1,SI,0,1,34
2243,Europa (amichevoli),Europe Friendlies,Brisbane City,Moreton Bay United,1-1,58,1-2,3,1,Vantaggio ospite,2-3,2,SI,1,1,32
2244,Europa (amichevoli),Europe Friendlies,NK Hrvatski Dragovoljac,Kustosija,0-0,61,0-3,3,3,Vantaggio ospite,0-3,0,NO,0,0,29
2245,Myanmar,Myanmar U21 League,Myawady FC U21,Chinland FC U21,2-0,57,3-0,3,3,Vantaggio casa,5-0,2,SI,2,0,33
2246,Europa (amichevoli),Europe Friendlies,FC Fastav Zlín,SK Lisen,0-0,62,0-1,1,1,Vantaggio ospite,0-1,0,NO,0,0,28
2247,Myanmar,Myanmar National League,Chin United,Hantharwady United,0-2,63,0-2,2,2,Vantaggio ospite,1-3,2,SI,1,1,27
2248,Europa (amichevoli),Europe Friendlies,FK Dziugas Telsiai,FK Siauliai,1-4,55,3-4,7,1,Vantaggio ospite,3-4,0,NO,0,0,35
2249,Amichevoli,Club Friendly List,FK Cukaricki,Rakow Czestochowa,1-1,62,1-1,2,0,Pareggio,2-1,1,SI,1,0,28
2250,Europa (amichevoli),Europe Friendlies,CSKA Moscow,LASK Linz,1-0,54,1-0,1,1,Vantaggio casa,2-1,2,SI,1,1,36
2251,Algeria,Algeria Youth League,USM Annaba U21,DRB Tadjenant U21,2-0,46,2-0,2,2,Vantaggio casa,2-1,1,SI,0,1,44
2252,Turkey,Turkey U19 League,Goztepe U19,Besiktas U19,0-0,62,1-1,2,0,Pareggio,1-2,1,SI,0,1,28
2253,Turkey,Turkey U19 League,Erokspor U19,Afjet Afyonspor U19,1-0,58,1-0,1,1,Vantaggio casa,2-1,2,SI,1,1,32
2254,Finland,Finland Cup,Tampereen Ilves 2,HJS Akatemia,1-0,48,1-1,2,0,Pareggio,1-2,1,SI,0,1,42
2255,Cyprus,Cyprus Division 2,Omonia Aradippou,Omonia Psevda,2-0,62,2-1,3,1,Vantaggio casa,3-1,1,SI,1,0,28
2256,Finland,Finland Cup,MP,MyPa,1-1,52,1-1,2,0,Pareggio,5-1,4,SI,4,0,38
2257,Rwandan,Rwandan Division 2,UR FC,Gasabo United,2-1,52,2-2,4,0,Pareggio,3-3,2,SI,1,1,38
2258,England,England League 2,Crawley Town,Grimsby,1-2,64,1-2,3,1,Vantaggio ospite,3-2,2,SI,2,0,26
2259,England,England National League,Harrogate Town,Wrexham,0-1,62,0-1,1,1,Vantaggio ospite,0-2,1,SI,0,1,28
2260,England,England Northern Premier League,Atherton Collieries,Gainsborough,0-2,63,0-2,2,2,Vantaggio ospite,1-3,2,SI,1,1,27
2261,England,England League 2,Carlisle,Walsall,2-0,60,2-1,3,1,Vantaggio casa,2-1,0,NO,0,0,30
2262,Hungary,Hungary NB I,Kaposvari Rakoczi,Puskas Academy,1-1,60,1-1,2,0,Pareggio,1-1,0,NO,0,0,30
2263,Europa (amichevoli),Europe Friendlies,JK Nomme United,JK Tallinna Kalev II,4-0,60,4-1,5,3,Vantaggio casa,7-3,5,SI,3,2,30
2264,France,France National 3,Challans,Change,2-0,63,2-1,3,1,Vantaggio casa,2-1,0,NO,0,0,27
2265,Finland,Finland Kakkosen Cup,PEPO,JaPS,2-0,55,2-1,3,1,Vantaggio casa,2-2,1,SI,0,1,35
2266,Netherlands,Netherlands Eredivisie,Heracles,Feyenoord,1-0,63,1-3,4,2,Vantaggio ospite,2-3,1,SI,1,0,27
2267,Belgium,Belgium First Division A,Gent,Genk,1-1,56,2-1,3,1,Vantaggio casa,4-1,2,SI,2,0,34
2268,Italy,Italy Serie A,Torino,Atalanta,0-3,46,0-3,3,3,Vantaggio ospite,0-7,4,SI,0,4,44
2269,Brazil,Brazil Campeonato Paranaense,Athletico Paranaense,Londrina,0-0,62,1-0,1,1,Vantaggio casa,4-1,4,SI,3,1,28
2270,Mexico,Mexico Segunda Division,Aguacateros CDU,Zitacuaro CF,1-0,53,1-0,1,1,Vantaggio casa,2-2,3,SI,1,2,37
2271,Saint Kitts & Nevis,Saint Kitts & Nevis Premier League,Old Road Jets,Trafalgar Southstars,1-0,58,1-0,1,1,Vantaggio casa,2-1,2,SI,1,1,32
2272,Bolivia,Bolivia Apertura,San Jose,Bolivar,2-3,64,2-4,6,2,Vantaggio ospite,2-5,1,SI,0,1,26
2273,Australia,Australia A-League,Western United FC,Adelaide United,2-3,54,3-3,6,0,Pareggio,3-4,1,SI,0,1,36
2274,Turkey,Turkey 2 Lig Beyaz,Gumushanespor,Yeni Corumspor,1-3,54,1-3,4,2,Vantaggio ospite,1-4,1,SI,0,1,36
2275,Turkey,Turkey 3.Lig Group 3,Pazarspor,Modafen Spor,3-1,46,3-1,4,2,Vantaggio casa,4-1,1,SI,1,0,44
2276,Turkey,Turkey 3.Lig Group 3,Somaspor,Golcukspor,1-0,57,1-0,1,1,Vantaggio casa,1-1,1,SI,0,1,33
2277,Turkey,Turkey 3.Lig Group 2,Kocaelispor,Cizrespor,4-1,65,5-1,6,4,Vantaggio casa,5-3,2,SI,0,2,25
2278,Spain,Spain Segunda B Group 3,CD Ebro,Badalona,0-1,60,1-1,2,0,Pareggio,2-1,1,SI,1,0,30
2279,Spain,Spain Youth League,Sevilla U19,Cadiz U19,2-0,61,2-0,2,2,Vantaggio casa,2-1,1,SI,0,1,29
2280,Ethiopia,Ethiopia Premier League,Adama City,Hadiya Hossana,1-0,56,1-0,1,1,Vantaggio casa,2-0,1,SI,1,0,34
2281,Cyprus,Cyprus Division 2,Asil Lysis,Alki Oroklinis,2-1,56,2-1,3,1,Vantaggio casa,2-1,0,NO,0,0,34
2282,Egypt,Egypt Division 2,Beni Suef SC,Suhag,0-0,59,1-0,1,1,Vantaggio casa,1-0,0,NO,0,0,31
2283,Italy,Italy Serie D,ASD Sasso Marconi,Forli,2-0,60,2-0,2,2,Vantaggio casa,3-1,2,SI,1,1,30
2284,Italy,Italy Serie C Group A,Arezzo,US Pergolettese,2-0,55,2-0,2,2,Vantaggio casa,3-0,1,SI,1,0,35
2285,Greece,Greece Super League 2,Ergotelis,Giannina,0-1,61,0-2,2,2,Vantaggio ospite,1-2,1,SI,1,0,29
2286,Qatar,Qatar U23 League,Al-Rayyan SC U23,Al-Shahaniya SC U23,1-0,60,2-1,3,1,Vantaggio casa,2-3,2,SI,0,2,30
2287,Mexico,Mexico U20 League,FC Juarez U20,Monarcas Morelia U20,0-2,56,0-2,2,2,Vantaggio ospite,0-2,0,NO,0,0,34
2288,Senegal,Senegal Ligue 2,Amitie FC,EJ Fatick,1-0,47,1-0,1,1,Vantaggio casa,1-0,0,NO,0,0,43
2289,Europa (amichevoli),Europe Friendlies,AIFK,PaiHa,1-0,59,1-0,1,1,Vantaggio casa,3-0,2,SI,2,0,31
2290,Italy,Italy Serie C Group B,Rimini,Vicenza,0-3,49,0-3,3,3,Vantaggio ospite,1-3,1,SI,1,0,41
2291,Portugal,Portugal Primeira Liga,Pacos Ferreira,Benfica,0-1,64,0-2,2,2,Vantaggio ospite,0-2,0,NO,0,0,26
2292,Brazil,Brazil Campeonato Pernambucano,Decisao,Afogados da Ingazeira FC,0-4,58,0-4,4,4,Vantaggio ospite,0-4,0,NO,0,0,32
2293,Brazil,Brazil Campeonato Paraibano,CSP,Atletico Cajazeirense,1-1,48,1-1,2,0,Pareggio,1-4,3,SI,0,3,42
2294,Mauritania,Mauritania Division 1,ASC Police,Nouakchott Kings,1-0,63,2-0,2,2,Vantaggio casa,3-1,2,SI,1,1,27
2295,Antigua & Barbuda,Antigua & Barbuda Premier Division,Greenbay Hoppers FC,Liberta,2-3,51,2-3,5,1,Vantaggio ospite,2-4,1,SI,0,1,39
2296,Qatar,Qatar U23 League,Al-Wakrah SC U23,Al-Ahli Doha U23,1-0,54,2-0,2,2,Vantaggio casa,3-1,2,SI,1,1,36
2297,Ghana,Ghana Premier League,Ebusua Dwarfs,Dreams FC,1-0,58,1-0,1,1,Vantaggio casa,2-1,2,SI,1,1,32
2298,Belgium,Belgium Reserve League,Eupen Reserves,KV Oostende Reserves,0-0,64,1-1,2,0,Pareggio,2-2,2,SI,1,1,26
2299,Netherlands,Netherlands Eerste Divisie,AZ Reserves,Almere City FC,1-1,50,1-1,2,0,Pareggio,3-3,4,SI,2,2,40
2300,Giovanili internazionali,Youth Tournament,Brighton U23,Wolfsburg U23,1-2,65,1-2,3,1,Vantaggio ospite,2-3,2,SI,1,1,25
2301,Belgium,Belgium Reserve League,KFCO Beerschot-Wilrijk Reserves,Zulte Waregem Reserves,1-1,51,1-1,2,0,Pareggio,3-2,3,SI,2,1,39
2302,Italy,Italy Serie C Group B,Reggio Audace FC,Sudtirol,0-0,60,1-0,1,1,Vantaggio casa,1-0,0,NO,0,0,30
2303,Argentina,Argentina Torneo A,Deportivo Maipu,Sportivo Penarol,0-0,59,1-0,1,1,Vantaggio casa,1-0,0,NO,0,0,31
2304,Australia,Australia Friendlies,West Torrens Birkalla,Croydon Kings,1-0,60,2-0,2,2,Vantaggio casa,4-1,3,SI,2,1,30
2305,Australia,Australia Friendlies,Peninsula Power,Bayside United,3-0,52,4-0,4,4,Vantaggio casa,6-0,2,SI,2,0,38
2306,Algeria,Algeria Youth League,AS Khroub U21,WA Tlemcen U21,2-0,50,2-0,2,2,Vantaggio casa,2-2,2,SI,0,2,40
2307,Israel,Israel Liga Bet South,Hapoel Kiryat Ono,Hapoel Hod Hasharon,0-2,44,0-2,2,2,Vantaggio ospite,2-3,3,SI,2,1,46
2308,Algeria,Algeria Youth League,AS Ain M'lila U21,MC Alger U21,1-2,60,1-3,4,2,Vantaggio ospite,1-3,0,NO,0,0,30
2309,Algeria,Algeria Youth League,JSM Bejaia U21,Amal Bou Saada U21,2-1,58,3-1,4,2,Vantaggio casa,7-1,4,SI,4,0,32
2310,Netherlands,Netherlands Reserve League,Feyenoord Reserves,Roda JC Reserves,0-2,56,0-3,3,3,Vantaggio ospite,1-4,2,SI,1,1,34
2311,Europa (amichevoli),Europe Friendlies,Kaiserslautern II,FC 08 Homburg,1-0,65,1-1,2,0,Pareggio,1-2,1,SI,0,1,25
2312,Europa (amichevoli),Europe Friendlies,NK Triglav Kranj,Javor Ivanjica,0-3,64,1-3,4,2,Vantaggio ospite,1-3,0,NO,0,0,26
2313,Mauritania,Mauritania Division 2,FC Brakna,FC Wagadou,1-0,64,1-1,2,0,Pareggio,3-1,2,SI,2,0,26
2314,Europa (amichevoli),Europe Friendlies,First Vienna FC 1894,FC Marchfeld Donauauen,1-0,57,1-0,1,1,Vantaggio casa,2-0,1,SI,1,0,33
2315,Europa (amichevoli),Europe Friendlies,Slovan Hutteldorfer AC,Simmeringer SC,4-2,62,5-2,7,3,Vantaggio casa,6-2,1,SI,1,0,28
2316,France,France Cup,Angers,Rennes,0-2,52,1-2,3,1,Vantaggio ospite,4-5,6,SI,3,3,38
2317,Europa (amichevoli),Europe Friendlies,FV Dudenhofen,FSV Schifferstadt,2-1,59,3-1,4,2,Vantaggio casa,3-2,1,SI,0,1,31
2318,Iceland,Iceland U19 Cup,Fylkir/Ellidi U19,Breidablik/Augnablik U19,1-2,61,1-3,4,2,Vantaggio ospite,2-5,3,SI,1,2,29
2319,Republic of Ireland,Republic of Ireland Leinster Senior League,Firhouse Clover FC,Killester Donnycarney FC,0-1,63,1-1,2,0,Pareggio,3-2,3,SI,2,1,27
2320,Myanmar,Myanmar League 2,Yaw Myay FC,Chinland FC,0-9,59,0-9,9,9,Vantaggio ospite,0-10,1,SI,0,1,31
2321,Amichevoli,Club Friendly List,Mlada Boleslav II,Varnsdorf,1-1,45,1-1,2,0,Pareggio,2-2,2,SI,1,1,45
2322,Europa (amichevoli),Europe Friendlies,FC Vitebsk,Isloch,2-1,56,3-1,4,2,Vantaggio casa,3-2,1,SI,0,1,34
2323,Cyprus,Cyprus Cup,Digenis Morphou,Ethnikos Achna,0-1,53,0-2,2,2,Vantaggio ospite,0-3,1,SI,0,1,37
2324,Italy,Italy Primavera Cup,Fiorentina U19,AC Milan U19,1-0,62,2-1,3,1,Vantaggio casa,3-1,1,SI,1,0,28
2325,India,India Super League,Odisha FC,FC Goa,0-3,62,1-3,4,2,Vantaggio ospite,2-4,2,SI,1,1,28
2326,Brazil,Brazil Campeonato Potiguar,CE Forca e Luz,Globo FC,0-3,49,0-2,2,2,Vantaggio ospite,4-3,5,SI,4,1,41
2327,Guatemala,Guatemala Liga Nacional,Siquinala FC,Xelaju,3-0,54,4-0,4,4,Vantaggio casa,4-1,1,SI,0,1,36
2328,Brazil,Brazil Campeonato Gaucho,Ypiranga RS,EC Pelotas,2-0,59,2-1,3,1,Vantaggio casa,2-1,0,NO,0,0,31
2329,Brazil,Brazil Campeonato Gaucho,Sao Luiz,Internacional,1-3,60,2-3,5,1,Vantaggio ospite,3-4,2,SI,1,1,30
2330,Brazil,Brazil Campeonato Pernambucano,Nautico Capibaribe,Decisao,2-0,53,3-0,3,3,Vantaggio casa,4-0,1,SI,1,0,37
2331,India,India Super League,Bengaluru,Hyderabad FC,1-0,63,1-0,1,1,Vantaggio casa,1-0,0,NO,0,0,27
2332,Egypt,Egypt Division 1,Al Ittihad Al Sakandary,Smouha,1-0,65,1-1,2,0,Pareggio,1-1,0,NO,0,0,25
2333,Iceland,Iceland Pre-Season Cup,KR Reykjavik,Vikingur Reykjavik,0-1,60,0-1,1,1,Vantaggio ospite,1-1,1,SI,1,0,30
2334,Republic of Ireland,Republic of Ireland Leinster Senior League,St Francis FC,Ratoath Harps,3-1,65,4-1,5,3,Vantaggio casa,5-3,3,SI,1,2,25
2335,Israel,Israel Liga Bet South,Hapoel Ironi Gedera,Bnei Eilat,2-1,64,2-2,4,0,Pareggio,2-3,1,SI,0,1,26
2336,Australia,Australia Pre-Season Cup,Joondalup City,Joondalup United,1-1,53,2-1,3,1,Vantaggio casa,2-2,1,SI,0,1,37
2337,Greece,Greece Super League 2,Kerkyra,Ergotelis,0-2,53,0-3,3,3,Vantaggio ospite,0-4,1,SI,0,1,37
2338,England,England U23 Development League,Birmingham U23,Nottm Forest U23,1-0,65,1-3,4,2,Vantaggio ospite,1-3,0,NO,0,0,25
2339,Greece,Greece Super League 2,Panachaiki,Apollon Larissa,3-0,59,3-0,3,3,Vantaggio casa,4-0,1,SI,1,0,31
2340,Europa (amichevoli),Europe Friendlies,TUS Bad Gleichenberg,SV Wildon,4-1,63,5-1,6,4,Vantaggio casa,6-1,1,SI,1,0,27
2341,Europa (amichevoli),Europe Friendlies,IK Start,Mjondalen,1-0,60,1-0,1,1,Vantaggio casa,2-1,2,SI,1,1,30
2342,Amichevoli,Club Friendly List,FC Hard,SW Bregenz,2-0,63,3-1,4,2,Vantaggio casa,3-1,0,NO,0,0,27
2343,Europa (amichevoli),Europe Friendlies,FC Helios Voru,Laanemaa Haapsalu,0-4,45,0-4,4,4,Vantaggio ospite,1-5,2,SI,1,1,45
2344,Mexico,Mexico U20 League,Atlas U20,Tijuana U20,2-1,61,3-3,6,0,Pareggio,3-4,1,SI,0,1,29
2345,Costa Rica,Costa Rica Segunda,Barrio Mexico,Puntarenas,2-1,59,2-1,3,1,Vantaggio casa,2-1,0,NO,0,0,31
2346,Australia,Australia Friendlies,South Hobart,Pascoe Vale,1-3,63,1-4,5,3,Vantaggio ospite,1-8,4,SI,0,4,27
2347,Amichevoli,Club Friendly List,Cumberland United,Sturt Lions,0-1,62,0-1,1,1,Vantaggio ospite,1-1,1,SI,1,0,28
2348,Australia,Australia Friendlies,Ipswich City,Bayside United,0-0,65,3-0,3,3,Vantaggio casa,4-1,2,SI,1,1,25
2349,Portugal,Portugal U23 League,Estoril U23,Famalicao U23,0-0,62,2-1,3,1,Vantaggio casa,2-1,0,NO,0,0,28
2350,Italy,Italy Campionato Primavera 1,Fiorentina U19,Inter Milan U19,1-0,63,1-0,1,1,Vantaggio casa,1-2,2,SI,0,2,27
2351,Europa (amichevoli),Europe Friendlies,Hannover II,TuS Schwachhausen,3-1,59,3-1,4,2,Vantaggio casa,3-1,0,NO,0,0,31
2352,Europa (amichevoli),Europe Friendlies,SV Gonsenheim,Pirmasens,2-2,65,2-3,5,1,Vantaggio ospite,2-3,0,NO,0,0,25
2353,Germany,Germany Bundesliga I,TSG Hoffenheim,Bayer Leverkusen,1-1,57,1-1,2,0,Pareggio,2-1,1,SI,1,0,33
2354,England,England National League North,Gateshead,Leamington,3-1,59,3-1,4,2,Vantaggio casa,4-2,2,SI,1,1,31
2355,South Africa,South Africa Premier,Chippa United,Orlando Pirates,1-2,50,1-2,3,1,Vantaggio ospite,1-2,0,NO,0,0,40
2356,Croatia,Croatia 1.HNL,Slaven Belupo,Dinamo Zagreb,0-1,60,0-2,2,2,Vantaggio ospite,0-2,0,NO,0,0,30
2357,France,France National 2,US Granvillaise,Vannes OC,0-0,60,0-1,1,1,Vantaggio ospite,0-3,2,SI,0,2,30
2358,Brazil,Brazil Copa Nordeste,River AC,CSA,2-0,51,2-0,2,2,Vantaggio casa,3-1,2,SI,1,1,39
2359,Brazil,Brazil Copa Nordeste,Sport Recife,Vitoria,0-0,63,0-1,1,1,Vantaggio ospite,1-1,1,SI,1,0,27
2360,Brazil,Brazil Campeonato Cearense,Barbalha,Caucaia,1-1,61,1-1,2,0,Pareggio,2-1,1,SI,1,0,29
2361,Italy,Italy Serie C Group A,Monza,Lecco,3-0,53,3-0,3,3,Vantaggio casa,4-0,1,SI,1,0,37
2362,El Salvador,El Salvador Clausura,Jocoro FC,AD Chalatenango,2-0,52,2-0,2,2,Vantaggio casa,4-1,3,SI,2,1,38
2363,Brazil,Brazil Amazonense,Sao Raimundo AM,EC Iranduba,1-0,65,2-2,4,0,Pareggio,4-3,3,SI,2,1,25
2364,Brazil,Brazil Copa Nordeste,AD Frei Paulistano,Nautico Capibaribe,0-0,61,0-1,1,1,Vantaggio ospite,0-2,1,SI,0,1,29
2365,Germany,Germany Bundesliga U19,Wuppertaler U19,Fortuna Dusseldorf U19,0-2,60,1-2,3,1,Vantaggio ospite,1-3,1,SI,0,1,30
2366,Germany,Germany Bundesliga U19,FC Viktoria Köln U19,Rot-Weiss Oberhausen U19,0-2,61,1-2,3,1,Vantaggio ospite,1-3,1,SI,0,1,29
2367,Turkey,Turkey 3.Lig Group 1,Duzcespor,Erzin Belediyespor,1-0,51,1-0,1,1,Vantaggio casa,2-0,1,SI,1,0,39
2368,Portugal,Portugal U23 League,Belenenses U23,Rio Ave U23,1-0,57,1-1,2,0,Pareggio,1-3,2,SI,0,2,33
2369,England,England Premier League 2,Sunderland U23,West Ham U23,1-1,56,1-1,2,0,Pareggio,2-4,4,SI,1,3,34
2370,Turkey,Turkey Super Lig,Gazisehir Gaziantep FK,Sivasspor,3-1,63,3-1,4,2,Vantaggio casa,5-1,2,SI,2,0,27
2371,United Arab Emirates,UAE Reserve League,Ajman SCC Reserves,Al Nasr SC Reserves,0-2,65,0-2,2,2,Vantaggio ospite,0-2,0,NO,0,0,25
2372,Brazil,Brazil Campeonato Brasiliense,Sobradinho,SE Gama,0-1,64,1-2,3,1,Vantaggio ospite,1-3,1,SI,0,1,26
2373,Qatar,Qatar U23 League,Al Sailiya U23,Umm Salal U23,0-0,61,0-1,1,1,Vantaggio ospite,2-3,4,SI,2,2,29
2374,Switzerland,Switzerland Super League,FC Sion,FC Zurich,1-1,64,1-1,2,0,Pareggio,1-1,0,NO,0,0,26
2375,Spain,Spain Segunda B Group 1,Coruxo,Sporting Gijon B,1-1,65,3-1,4,2,Vantaggio casa,3-1,0,NO,0,0,25
2376,Italy,Italy Campionato Primavera 1,Sassuolo U19,Genoa U19,1-2,63,2-2,4,0,Pareggio,4-3,3,SI,2,1,27
2377,Peru,Peru Primera Division,CD Universidad San Martin,Ayacucho FC,0-0,61,2-0,2,2,Vantaggio casa,3-1,2,SI,1,1,29
2378,Brazil,Brazil Campeonato Paulista,Bragantino,Palmeiras,1-0,61,2-0,2,2,Vantaggio casa,2-1,1,SI,0,1,29
2379,Brazil,Brazil Campeonato Baiano,EC Bahia,Jacuipense,1-0,65,1-0,1,1,Vantaggio casa,1-1,1,SI,0,1,25
2380,Portugal,Portugal Primeira Liga,Boavista,Guimaraes,1-0,65,2-0,2,2,Vantaggio casa,2-0,0,NO,0,0,25
2381,Brazil,Brazil Copa Nordeste,ABC,America RN,1-0,56,1-0,1,1,Vantaggio casa,2-1,2,SI,1,1,34
2382,Guatemala,Guatemala Reserve League,Deportivo Iztapa Reserves,Club Comunicaciones Reserves,4-4,52,4-4,8,0,Pareggio,4-5,1,SI,0,1,38
2383,Barbados,Barbados Premier League,Ellerton FC,BDF Sport Programme,3-3,65,3-3,6,0,Pareggio,3-3,0,NO,0,0,25
2384,Myanmar,Myanmar U19 League,Silver Stars FC U19,MFF Youth U19,0-5,49,0-5,5,5,Vantaggio ospite,1-6,2,SI,1,1,41
2385,Myanmar,Myanmar U19 League,Zwekapin United U19,Ispe FC U19,0-3,55,0-3,3,3,Vantaggio ospite,0-5,2,SI,0,2,35
2386,Albania,Albania Championship,Laci,Skenderbeu Korce,0-0,64,1-0,1,1,Vantaggio casa,1-0,0,NO,0,0,26
2387,Italy,Italy Campionato Primavera 1,Sampdoria U19,Chievo U19,2-1,57,2-1,3,1,Vantaggio casa,2-2,1,SI,0,1,33
2388,Amichevoli,Club Friendly List,FC Astana,Brondby,1-1,53,1-1,2,0,Pareggio,2-1,1,SI,1,0,37
2389,Brazil,Brazil Campeonato Maranhense,Moto Club de São Luís,Pinheiro AC,2-1,47,2-1,3,1,Vantaggio casa,3-1,1,SI,1,0,43
2390,Uganda,Uganda Premier League,Kampala City Council,Maroons,2-0,64,2-0,2,2,Vantaggio casa,2-1,1,SI,0,1,26
2391,Europa (amichevoli),Europe Friendlies,AGF Aarhus,BK Hacken,2-0,65,2-0,2,2,Vantaggio casa,2-0,0,NO,0,0,25
2392,Netherlands,Netherlands Reserve League,Heerenveen Reserves,Feyenoord Reserves,2-1,51,3-1,4,2,Vantaggio casa,4-1,1,SI,1,0,39
2393,England,England Isthmian Premier Division,Bishop's Stortford,Worthing,0-1,59,0-1,1,1,Vantaggio ospite,0-1,0,NO,0,0,31
2394,Iceland,Iceland U19 Cup,KR/KV U19,Leiknir/KB U19,0-2,52,0-2,2,2,Vantaggio ospite,0-3,1,SI,0,1,38
2395,Costa Rica,Costa Rica Primera Division,Alajuelense,AD Grecia,2-1,62,3-1,4,2,Vantaggio casa,5-1,2,SI,2,0,28
2396,Europa (amichevoli),Europe Friendlies,Agia Napa,FC Ufa,0-5,64,0-5,5,5,Vantaggio ospite,0-5,0,NO,0,0,26
2397,Europa (amichevoli),Europe Friendlies,Frydek Mistek,TJ Novy Jicin,1-3,46,1-3,4,2,Vantaggio ospite,2-3,1,SI,1,0,44
2398,Hungary,Hungary NB I,Kaposvari Rakoczi,Paksi Se,0-2,48,0-2,2,2,Vantaggio ospite,0-3,1,SI,0,1,42
2399,Europa (amichevoli),Europe Friendlies,Vindbjart,Arendal,1-1,63,1-4,5,3,Vantaggio ospite,1-4,0,NO,0,0,27
2400,Belgium,Belgium Cup,Zulte-Waregem,Club Brugge,0-0,53,0-1,1,1,Vantaggio ospite,1-2,2,SI,1,1,37
2401,Sudamerica,Copa Sudamericana,Mineros de Guayana,Sportivo Luqueno,2-3,58,2-3,5,1,Vantaggio ospite,2-3,0,NO,0,0,32
2402,Guatemala,Guatemala Liga Nacional,Siquinala FC,Guastatoya,1-0,57,1-1,2,0,Pareggio,2-1,1,SI,1,0,33
2403,Brazil,Copa do Brasil,Caxias RS,Botafogo,1-1,65,1-1,2,0,Pareggio,1-1,0,NO,0,0,25
2404,Guatemala,Guatemala Liga Nacional,Deportivo Mixco,Deportivo Iztapa,2-1,64,4-1,5,3,Vantaggio casa,5-1,1,SI,1,0,26
2405,Brazil,Copa do Brasil,Fast Clube,Goias,0-0,54,0-1,1,1,Vantaggio ospite,0-2,1,SI,0,1,36
2406,Europa (amichevoli),Europe Friendlies,Dynamo Kiev,Stromsgodset,1-0,65,1-0,1,1,Vantaggio casa,3-0,2,SI,2,0,25
2407,Nepal,Nepal Division 1,Three Star Club,Sankata FC,0-0,62,1-0,1,1,Vantaggio casa,1-0,0,NO,0,0,28
2408,Iran,Iran U23 League,Naft Ahvaz U23,Sepahan Isfahan U23,0-2,61,0-3,3,3,Vantaggio ospite,0-4,1,SI,0,1,29
2409,Europa (amichevoli),Europe Friendlies,Silkeborg IF,Viborg,0-1,64,0-1,1,1,Vantaggio ospite,0-2,1,SI,0,1,26
2410,Sconosciuto,,Saunders SC,Police SC,0-0,58,1-1,2,0,Pareggio,1-1,0,NO,0,0,32
2411,Europa (amichevoli),Europe Friendlies,Krasnodar,Mjondalen,3-1,48,3-1,4,2,Vantaggio casa,4-3,3,SI,1,2,42
2412,Saudi Arabia,Saudi Arabia Premier League,Al Hazm,Al Feiha,3-1,64,4-1,5,3,Vantaggio casa,4-2,1,SI,0,1,26
2413,Poland,Poland Ekstraklasa,Arka Gdynia,Cracovia Krakow,0-1,63,0-1,1,1,Vantaggio ospite,0-1,0,NO,0,0,27
2414,Europa (amichevoli),Europe Friendlies,Tallinna JK Legion,Parnu JK Vaprus,1-0,52,1-1,2,0,Pareggio,3-1,2,SI,2,0,38
2415,Mexico,Mexico U20 League,Puebla U20,Santos Laguna U20,1-0,54,1-1,2,0,Pareggio,1-3,2,SI,0,2,36
2416,Italy,Italy Serie A,Roma,Bologna,1-2,61,1-3,4,2,Vantaggio ospite,2-3,1,SI,1,0,29
2417,Guatemala,Guatemala Primera Division,Capitalinos FC,CS Deportivo Sacachispas,1-0,58,1-2,3,1,Vantaggio ospite,2-3,2,SI,1,1,32
2418,Australia,Australia Friendlies,Para Hills Knights,Playford,0-1,59,2-1,3,1,Vantaggio casa,3-1,1,SI,1,0,31
2419,Italy,Italy Campionato Primavera 2,Crotone U19,Trapani U19,2-0,61,2-1,3,1,Vantaggio casa,2-2,1,SI,0,1,29
2420,Italy,Italy Campionato Primavera 2,Benevento U19,Ascoli U19,0-3,50,1-3,4,2,Vantaggio ospite,3-4,3,SI,2,1,40
2421,Europa (amichevoli),Europe Friendlies,Spartak Moscow,Partizan Belgrade,1-2,65,2-2,4,0,Pareggio,3-2,1,SI,1,0,25
2422,Germany,Germany Regionalliga West,Schalke II,Fortuna Dusseldorf II,1-0,56,1-0,1,1,Vantaggio casa,1-1,1,SI,0,1,34
2423,England,England National League,Chesterfield,Wrexham,1-1,62,1-1,2,0,Pareggio,3-2,3,SI,2,1,28
2424,France,France Ligue 2,Guingamp,Lorient,1-1,60,1-1,2,0,Pareggio,2-1,1,SI,1,0,30
2425,Portugal,Portugal U23 League,Maritimo U23,Academica U23,1-1,65,2-1,3,1,Vantaggio casa,3-2,2,SI,1,1,25
2426,Europa (amichevoli),Europe Friendlies,FC Astana,BK Hacken,0-1,62,0-1,1,1,Vantaggio ospite,1-2,2,SI,1,1,28
2427,Portugal,Portugal Campeonato Nacional,SC Espinho,Ginasio Figueirense,2-0,65,4-0,4,4,Vantaggio casa,4-0,0,NO,0,0,25
2428,Malta,Malta Premier League,Birkirkara,Mosta FC,2-0,54,2-1,3,1,Vantaggio casa,2-1,0,NO,0,0,36
2429,France,France National 3,US Orleans 2,Chateauroux II,3-1,52,3-2,5,1,Vantaggio casa,5-2,2,SI,2,0,38
2430,Switzerland,Switzerland Super League,FC Zurich,Basel,0-2,51,0-2,2,2,Vantaggio ospite,0-4,2,SI,0,2,39
2431,Brazil,Brazil Campeonato Carioca,America RJ,Friburguense,2-1,59,2-1,3,1,Vantaggio casa,2-2,1,SI,0,1,31
2432,Europa (amichevoli),Europe Friendlies,Laanemaa Haapsalu,Viimsi JK,3-0,65,3-1,4,2,Vantaggio casa,3-3,2,SI,0,2,25
2433,Brazil,Brazil Paraense,Bragantino PA,Tapajos,1-0,58,1-0,1,1,Vantaggio casa,2-0,1,SI,1,0,32
2434,Argentina,Argentina Torneo Regional Amateur,Resistencia Central,CA Villa Alvear,3-2,48,3-2,5,1,Vantaggio casa,4-3,2,SI,1,1,42
2435,Antigua & Barbuda,Antigua & Barbuda Premier Division,Five Islands,Liberta,0-1,53,0-1,1,1,Vantaggio ospite,1-1,1,SI,1,0,37
2436,Mexico,Mexico Segunda Division,Aguacateros CDU,La Paz FC,1-1,52,1-1,2,0,Pareggio,1-2,1,SI,0,1,38
2437,Mexico,Mexico Segunda Division,Sporting Canamy,Cafetaleros de Tapachula FC II,0-1,64,1-1,2,0,Pareggio,2-2,2,SI,1,1,26
2438,Panama,Panama LPF,CA Independiente de la Chorrera,Tauro FC,0-0,62,0-1,1,1,Vantaggio ospite,1-3,3,SI,1,2,28
2439,Europa (amichevoli),Europe Friendlies,FC Flora Tallinn II,Levadia Tallinn II,3-2,58,4-2,6,2,Vantaggio casa,4-3,1,SI,0,1,32
2440,South Africa,South Africa Diski Challenge,Cape Town City FC Reserves,Supersport United Reserves,0-1,58,0-4,4,4,Vantaggio ospite,1-4,1,SI,1,0,32
2441,Myanmar,Myanmar U19 League,Yaw Myay FC U19,Chinland FC U19,1-4,63,1-5,6,4,Vantaggio ospite,1-5,0,NO,0,0,27
2442,Italy,Italy Campionato Primavera 1,Cagliari U19,Juventus U19,1-0,56,1-0,1,1,Vantaggio casa,1-1,1,SI,0,1,34
2443,Turkey,Turkey 2 Lig Beyaz,1922 Konyaspor,Tarsus Idman Yurdu,2-0,61,2-0,2,2,Vantaggio casa,2-0,0,NO,0,0,29
2444,Turkey,Turkey Super Lig,Kayserispor,Antalyaspor,1-1,60,2-1,3,1,Vantaggio casa,2-2,1,SI,0,1,30
2445,Iran,Iran Div 2,Iranjavan Bushehr,Naft Omidiyeh,1-0,58,1-0,1,1,Vantaggio casa,1-0,0,NO,0,0,32
2446,Scotland,Scotland FA Cup,BSC Glasgow,Hibernian,1-2,56,1-2,3,1,Vantaggio ospite,1-4,2,SI,0,2,34
2447,Greece,Greece Super League 2,Apollon Pontou Kalamaria,Giannina,1-0,60,1-3,4,2,Vantaggio ospite,1-6,3,SI,0,3,30
2448,Hungary,Hungary NB II,Soroksar,MTK Budapest,2-1,56,2-1,3,1,Vantaggio casa,3-4,4,SI,1,3,34
2449,Tunisia,Tunisia League 1,AS Slimane,JS Kairouanaise,1-0,59,2-0,2,2,Vantaggio casa,2-0,0,NO,0,0,31
2450,Italy,Italy Serie D,Atletico Porto Santelpidio,Vastogirardi,2-1,53,2-2,4,0,Pareggio,3-3,2,SI,1,1,37
2451,Qatar,Qatar U23 League,Al-Ahli Doha U23,Al-Khor SC U23,1-2,51,1-2,3,1,Vantaggio ospite,1-4,2,SI,0,2,39
2452,Switzerland,Switzerland Super League,St Gallen,Servette,1-0,61,1-0,1,1,Vantaggio casa,1-0,0,NO,0,0,29
2453,Switzerland,Switzerland Super League,FC Thun,Lugano,2-1,56,3-1,4,2,Vantaggio casa,3-2,1,SI,0,1,34
2454,Switzerland,Switzerland Super League,Neuchatel Xamax,Lucerne,0-1,64,0-1,1,1,Vantaggio ospite,0-1,0,NO,0,0,26
2455,Finland,Finland Cup,Tampere United,HJS Akatemia,2-0,63,2-3,5,1,Vantaggio ospite,2-3,0,NO,0,0,27
2456,Spain,Spain Segunda B Group 3,Barcelona B,Villarreal B,2-3,60,2-3,5,1,Vantaggio ospite,2-3,0,NO,0,0,30
2457,Costa Rica,Costa Rica Primera Division,Cartagines,AD San Carlos,2-2,63,3-2,5,1,Vantaggio casa,3-2,0,NO,0,0,27
2458,Romania,Romania Liga I,Viitorul Constanta,CS U Craiova,1-1,59,1-1,2,0,Pareggio,1-2,1,SI,0,1,31
2459,Bolivia,Bolivia Apertura,Guabira,Bolivar,2-0,65,2-1,3,1,Vantaggio casa,2-1,0,NO,0,0,25
2460,Brazil,Brazil Campeonato Gaucho,CE Aimore,Gremio,0-0,65,1-0,1,1,Vantaggio casa,2-1,2,SI,1,1,25
2461,Brazil,Brazil Campeonato Carioca,Fluminense,Botafogo,3-0,58,3-0,3,3,Vantaggio casa,3-0,0,NO,0,0,32
2462,Peru,Peru Primera Division,Cienciano,CD Universidad San Martin,1-0,53,1-0,1,1,Vantaggio casa,4-0,3,SI,3,0,37
2463,Argentina,Argentina Torneo Regional Amateur,Bella Vista BB,CA Colegiales Tres Arroyos,2-2,55,4-2,6,2,Vantaggio casa,5-3,2,SI,1,1,35
2464,Peru,Peru Primera Division,Deportivo Llacuabamba,Academia Deportiva Cantolao,2-1,59,2-1,3,1,Vantaggio casa,3-1,1,SI,1,0,31
2465,Brazil,Brazil Copa Nordeste,River AC,America RN,1-2,52,2-3,5,1,Vantaggio ospite,2-3,0,NO,0,0,38
2466,Bolivia,Bolivia Apertura,Real Potosi,San Jose,0-1,63,1-1,2,0,Pareggio,2-1,1,SI,1,0,27
2467,Nepal,Nepal Division 1,Armed Police Force,Friends FC,2-0,64,2-0,2,2,Vantaggio casa,5-2,5,SI,3,2,26
2468,India,India Mumbai Elite League,Bank of India,Century Rayon FC,0-3,47,0-3,3,3,Vantaggio ospite,1-4,2,SI,1,1,43
2469,Egypt,Egypt Division 2,Al Nasr Cairo,Suez Montakhab,3-1,58,3-1,4,2,Vantaggio casa,3-1,0,NO,0,0,32
2470,AFC,AFC Champions League,Al Wahda Abu Dhabi,Al Ahli Jeddah,0-0,60,0-1,1,1,Vantaggio ospite,1-1,1,SI,1,0,30
2471,Europa (amichevoli),Europe Friendlies,Mladost Lucani,Sloboda Uzice,0-1,58,1-1,2,0,Pareggio,4-1,3,SI,3,0,32
2472,Chile,Chile Primera Division,O'Higgins,Santiago Wanderers,1-1,64,1-1,2,0,Pareggio,2-1,1,SI,1,0,26
2473,Paraguay,Paraguay Division Profesional,Club General Diaz,Sportivo Luqueno,1-2,49,1-2,3,1,Vantaggio ospite,1-3,1,SI,0,1,41
2474,Mexico,Mexico Liga MX Femenil,Atletico San Luis Women,Monarcas Morelia Women,1-2,53,1-3,4,2,Vantaggio ospite,1-3,0,NO,0,0,37
2475,Myanmar,Myanmar U21 League,Chin United U21,Ispe FC U21,0-2,60,0-4,4,4,Vantaggio ospite,1-11,8,SI,1,7,30
2476,Europa (amichevoli),Europe Friendlies,FC Ufa,Ararat Armenia,0-1,64,1-1,2,0,Pareggio,1-2,1,SI,0,1,26
2477,Ethiopia,Ethiopia Premier League,Hadiya Hossana,Wolaita Dicha,0-1,62,0-1,1,1,Vantaggio ospite,0-1,0,NO,0,0,28
2478,Saudi Arabia,Saudi Arabia Division 1,Al Shoalah,Ohod Madinah,0-1,60,1-2,3,1,Vantaggio ospite,2-3,2,SI,1,1,30
2479,UEFA,UEFA Youth League,Derby U19,Borussia Dortmund U19,0-0,62,2-1,3,1,Vantaggio casa,3-1,1,SI,1,0,28
2480,Europa (amichevoli),Europe Friendlies,NK Osijek II,ASK Bravo Publikum,2-3,62,2-3,5,1,Vantaggio ospite,3-4,2,SI,1,1,28
2481,Europa (amichevoli),Europe Friendlies,MFK Vitkovice,FK Blansko,1-2,56,2-2,4,0,Pareggio,2-2,0,NO,0,0,34
2482,Mauritania,Mauritania Division 1,JAHE,Nouakchott Kings,1-3,62,2-3,5,1,Vantaggio ospite,2-3,0,NO,0,0,28
2483,Europa (amichevoli),Europe Friendlies,FC Stadlau,Langenrohr,2-1,63,2-2,4,0,Pareggio,2-4,2,SI,0,2,27
2484,Nepal,Nepal Division 1,Himalayan Sherpa Club,Jawalakhel Youth Club,3-1,55,3-1,4,2,Vantaggio casa,3-3,2,SI,0,2,35
2485,Myanmar,Myanmar U21 League,Mawyawadi FC U21,Rakhine United U21,0-5,62,1-8,9,7,Vantaggio ospite,1-10,2,SI,0,2,28
2486,Europa (amichevoli),Europe Friendlies,Trinec,Dukla Banska Bystrica,1-2,58,3-2,5,1,Vantaggio casa,4-2,1,SI,1,0,32
2487,Amichevoli,Club Friendly List,GKS Jastrzebie,GKS Belchatow,1-3,65,1-4,5,3,Vantaggio ospite,4-4,3,SI,3,0,25
2488,Uganda,Uganda Cup,URA,Nyamityobora FC,6-2,47,6-2,8,4,Vantaggio casa,8-3,3,SI,2,1,43
2489,Uganda,Uganda Cup,Express FC,Maroons,1-2,51,2-2,4,0,Pareggio,3-3,2,SI,1,1,39
2490,AFC,AFC Cup,Bengaluru,Paro FC,4-1,60,5-1,6,4,Vantaggio casa,9-1,4,SI,4,0,30
2491,India,India Super League,FC Goa,Mumbai City FC,3-1,58,3-2,5,1,Vantaggio casa,5-2,2,SI,2,0,32
2492,Qatar,Qatar League 2,Al Mesaimeer SC,Al Shamal SC,1-2,51,2-2,4,0,Pareggio,3-3,2,SI,1,1,39
2493,Guatemala,Guatemala Reserve League,Santa Lucia FC Reserves,Guastatoya Reserves,2-1,59,3-1,4,2,Vantaggio casa,3-1,0,NO,0,0,31
2494,Hungary,Hungary Cup,Bekescsabai Elore SE,Puskas Academy,0-2,63,0-2,2,2,Vantaggio ospite,0-3,1,SI,0,1,27
2495,Brazil,Copa do Brasil,Bragantino PA,Ceara,0-1,58,0-1,1,1,Vantaggio ospite,1-2,2,SI,1,1,32
2496,Iceland,Iceland U19 Cup,Vikingur Reykjavik U19,Fylkir/Ellidi U19,1-2,58,1-2,3,1,Vantaggio ospite,1-2,0,NO,0,0,32
2497,Bolivia,Bolivia Apertura,Always Ready,Real Potosi,4-0,60,4-0,4,4,Vantaggio casa,4-1,1,SI,0,1,30
2498,Northern Ireland,Northern Ireland Reserve League,Linfield Reserves,Glentoran Reserves,1-1,64,1-1,2,0,Pareggio,3-2,3,SI,2,1,26
2499,England,England Northern League Challenge Cup,Worksop Town,Matlock Town,1-2,61,1-2,3,1,Vantaggio ospite,1-2,0,NO,0,0,29
2500,Brazil,Brazil Campeonato Capixaba,Serra,Linhares,2-0,57,2-0,2,2,Vantaggio casa,3-0,1,SI,1,0,33
2501,Sudamerica,Copa Sudamericana,Llaneros De Guanare,Liverpool Montevideo,0-2,54,0-2,2,2,Vantaggio ospite,0-2,0,NO,0,0,36
2502,Brazil,Copa do Brasil,AE Altos,Vasco da Gama,1-1,59,1-1,2,0,Pareggio,1-1,0,NO,0,0,31
2503,Nepal,Nepal Division 1,Nepal Police Club,Friends FC,0-0,50,1-0,1,1,Vantaggio casa,3-0,2,SI,2,0,40
2504,Australia,Australia Friendlies,St George Saints,Stanmore Hawks,1-2,49,1-3,4,2,Vantaggio ospite,4-3,3,SI,3,0,41
2505,Nepal,Nepal Division 1,Saraswoti Youth Club,Sankata FC,0-3,52,0-3,3,3,Vantaggio ospite,2-6,5,SI,2,3,38
2506,Europa (amichevoli),Europe Friendlies,Pogon Grodzisk Mazowiecki,Stomil Olsztyn,1-2,64,1-2,3,1,Vantaggio ospite,1-3,1,SI,0,1,26
2507,Bangladesh,Bangladesh Premier League,Sheikh Russel KC,Brothers Union,1-0,64,1-1,2,0,Pareggio,1-1,0,NO,0,0,26
2508,Saudi Arabia,Saudi Arabia Premier League,Al Ittifaq Dammam,Al Hazm,0-1,58,1-2,3,1,Vantaggio ospite,2-3,2,SI,1,1,32
2509,Turkey,Turkey Cup,Sivasspor,Antalyaspor,1-0,57,1-1,2,0,Pareggio,1-1,0,NO,0,0,33
2510,Gambia,Gambia Division 2,Young Africans,PSV Wellingara,1-0,63,1-1,2,0,Pareggio,1-1,0,NO,0,0,27
2511,Netherlands,Netherlands Cup,Go Ahead Eagles,FC Utrecht,0-2,51,1-2,3,1,Vantaggio ospite,1-4,2,SI,0,2,39
2512,Algeria,Algeria Cup,ES Setif,CS Constantine,0-1,59,1-1,2,0,Pareggio,2-1,1,SI,1,0,31
2513,Myanmar,Myanmar U21 League,Kachin United FC U21,Sagaing United FC U21,1-1,53,1-2,3,1,Vantaggio ospite,2-5,4,SI,1,3,37
2514,Australia,Australia Friendlies,Sorrento,Inglewood United,1-1,62,1-1,2,0,Pareggio,1-2,1,SI,0,1,28
2515,Iran,Iran Pro League,Shahin Bushehr,Machine Sazi Tabriz,2-0,60,2-0,2,2,Vantaggio casa,3-1,2,SI,1,1,30
2516,United Arab Emirates,UAE Division 1,Dibba Al Fujairah,Masafi,0-0,65,0-1,1,1,Vantaggio ospite,4-1,4,SI,4,0,25
2517,United Arab Emirates,UAE Division 1,Emirates Club RAK,Al Arabi Umm Al Quwain,1-0,63,1-1,2,0,Pareggio,4-3,5,SI,3,2,27
2518,United Arab Emirates,UAE Premier League,Al Ittihad Kalba,Al Ain SCC,1-2,52,1-2,3,1,Vantaggio ospite,1-4,2,SI,0,2,38
2519,Saudi Arabia,Saudi Arabia Premier League,Al Shabab Riyadh,Al-Nassr Riyadh,1-1,52,1-1,2,0,Pareggio,2-4,4,SI,1,3,38
2520,Belgium,Belgium First Division B,KFCO Beerschot Wilrijk,OH Leuven,0-0,53,1-0,1,1,Vantaggio casa,2-1,2,SI,1,1,37
2521,Republic of Ireland,Republic of Ireland Leinster Senior League,Cherry Orchard,Malahide Utd,0-3,48,0-3,3,3,Vantaggio ospite,0-6,3,SI,0,3,42
2522,Peru,Peru Primera Division,Cienciano,Deportivo Llacuabamba,3-1,58,3-1,4,2,Vantaggio casa,5-2,3,SI,2,1,32
2523,Ecuador,Ecuador Campeonato Nacional,Deportivo Cuenca,LDU Quito,1-1,57,1-1,2,0,Pareggio,1-2,1,SI,0,1,33
2524,Australia,Australia Victoria U20 League,Oakleigh Cannons U20,Avondale U20,2-1,61,2-1,3,1,Vantaggio casa,3-1,1,SI,1,0,29
2525,Iran,Iran U23 League,Caspian Kosar U23,Raad Sorkh U23,0-3,61,0-4,4,4,Vantaggio ospite,0-4,0,NO,0,0,29
2526,Europa (amichevoli),Europe Friendlies,Trinec,Banik Ostrava B,1-3,54,1-3,4,2,Vantaggio ospite,1-4,1,SI,0,1,36
2527,Australia,Australia A-League,Western Sydney Wanderers,Newcastle Jets,1-0,58,1-0,1,1,Vantaggio casa,1-1,1,SI,0,1,32
2528,Myanmar,Myanmar National League,Chin United,Ayeyawady Utd,0-1,59,0-1,1,1,Vantaggio ospite,0-1,0,NO,0,0,31
2529,Italy,Italy Campionato Primavera 2,Virtus Entella U19,Cittadella U19,0-1,62,2-1,3,1,Vantaggio casa,2-2,1,SI,0,1,28
2530,Turkey,Turkey 3.Lig Group 2,Ofspor,Kocaelispor,1-1,60,1-2,3,1,Vantaggio ospite,1-3,1,SI,0,1,30
2531,Algeria,Algeria Youth League,NA Hussein Dey U21,USM Bel Abbes U21,0-1,44,0-1,1,1,Vantaggio ospite,0-1,0,NO,0,0,46
2532,Germany,Germany Bundesliga U19,Dynamo Dresden U19,Cottbus U19,1-1,57,1-2,3,1,Vantaggio ospite,2-3,2,SI,1,1,33
2533,Turkey,Turkey 1 Lig,Hatayspor,Akhisar Belediye,1-3,63,1-3,4,2,Vantaggio ospite,2-3,1,SI,1,0,27
2534,Netherlands,Netherlands Youth Eredivisie,Almere City FC U19,Willem II U19,1-1,47,1-1,2,0,Pareggio,2-3,3,SI,1,2,43
2535,Spain,Spain Youth League,Pena Barcelonista U19,CD Santa Fe U19,0-2,64,0-2,2,2,Vantaggio ospite,0-2,0,NO,0,0,26
2536,Serbia,Serbia Super Liga,FK Indjija,FK Backa Topola,0-0,64,1-1,2,0,Pareggio,1-1,0,NO,0,0,26
2537,Spain,Spain Youth League,Acodetti CF U19,CF Juventud Laguna U19,0-0,59,0-1,1,1,Vantaggio ospite,3-1,3,SI,3,0,31
2538,Romania,Romania Liga I,FC Academica Clinceni,Gaz Metan Medias,1-2,63,1-3,4,2,Vantaggio ospite,2-3,1,SI,1,0,27
2539,Slovakia,Slovakia Super Liga,AS Trencin,MFK Zemplin Michalovce,2-1,53,3-1,4,2,Vantaggio casa,8-1,5,SI,5,0,37
2540,North Macedonia,Macedonia First League,Vardar Skopje,Makedonija Gj. P,1-0,59,3-0,3,3,Vantaggio casa,3-1,1,SI,0,1,31
2541,Europa (amichevoli),Europe Friendlies,Orebro SK,Degerfors,1-1,63,1-1,2,0,Pareggio,1-1,0,NO,0,0,27
2542,Cyprus,Cyprus Division 2,Aris Limassol,Anagennisi FC Deryneia,2-2,53,3-2,5,1,Vantaggio casa,4-2,1,SI,1,0,37
2543,Germany,Germany Bundesliga U19,Kickers Offenbach U19,Karlsruher U19,2-0,64,2-2,4,0,Pareggio,3-2,1,SI,1,0,26
2544,Slovakia,Slovakia Super Liga,FK Sered,MFK Ruzomberok,0-1,61,1-1,2,0,Pareggio,2-2,2,SI,1,1,29
2545,United Arab Emirates,UAE Division 1,Al Taawon,Masfut,1-0,56,1-1,2,0,Pareggio,1-4,3,SI,0,3,34
2546,Cameroon,Cameroon Elite Two,Yafoot FC,Renaissance Ngoumou,1-1,59,2-1,3,1,Vantaggio casa,2-1,0,NO,0,0,31
2547,Europa (amichevoli),Europe Friendlies,Vandra JK Vaprus,Parnu JK,0-1,58,0-1,1,1,Vantaggio ospite,3-1,3,SI,3,0,32
2548,Serbia,Serbia Super Liga,FK Napredak,Javor Ivanjica,0-0,63,0-1,1,1,Vantaggio ospite,1-1,1,SI,1,0,27
2549,England,England National League South,Hampton & Richmond,Weymouth,2-0,65,2-1,3,1,Vantaggio casa,2-3,2,SI,0,2,25
2550,England,England Championship,Charlton,Blackburn,0-2,60,0-2,2,2,Vantaggio ospite,0-2,0,NO,0,0,30
2551,France,France Ligue 1,Amiens,PSG,3-1,65,3-2,5,1,Vantaggio casa,4-4,3,SI,1,2,25
2552,Netherlands,Netherlands Eredivisie,ADO Den Haag,PSV,0-1,54,0-1,1,1,Vantaggio ospite,0-3,2,SI,0,2,36
2553,Brazil,Brazil Campeonato Maranhense,Maranhao,Sao Jose MA,0-0,62,1-0,1,1,Vantaggio casa,1-2,2,SI,0,2,28
2554,Peru,Peru Primera Division,FC Carlos Stein,Universitario de Deportes,1-1,60,1-2,3,1,Vantaggio ospite,1-3,1,SI,0,1,30
2555,Antigua & Barbuda,Antigua & Barbuda Premier Division,Ottos Rangers FC,Liberta,2-0,47,2-0,2,2,Vantaggio casa,2-1,1,SI,0,1,43
2556,Argentina,Argentina Torneo Regional Amateur,Defensores Potrero Funes,Club Sarmiento Juventud Unida,2-2,59,3-2,5,1,Vantaggio casa,3-3,1,SI,0,1,31
2557,Guatemala,Guatemala Reserve League,Deportivo Iztapa Reserves,Santa Lucia FC Reserves,3-0,52,3-0,3,3,Vantaggio casa,5-1,3,SI,2,1,38
2558,Mondo (amichevoli),World Club Friendlies,Deportes Valdivia,Deportes Temuco,0-0,60,1-0,1,1,Vantaggio casa,1-0,0,NO,0,0,30
2559,Mondo (amichevoli),World Club Friendlies,Club Deportes Santa Cruz,Colchagua CD,2-0,55,3-0,3,3,Vantaggio casa,4-0,1,SI,1,0,35
2560,Panama,Panama LPF,San Francisco FC,CD Universitario,0-1,63,0-1,1,1,Vantaggio ospite,0-2,1,SI,0,1,27
2561,Amichevoli,Club Friendly List,FK Velka Maca,MSK Kralova Pri Senci,4-2,49,4-2,6,2,Vantaggio casa,5-5,4,SI,1,3,41
2562,Australia,Australia Friendlies,Fremantle City FC,Morley Windmills,3-0,64,5-0,5,5,Vantaggio casa,8-0,3,SI,3,0,26
2563,Myanmar,Myanmar League 2,Silver Stars,University FC,1-1,50,1-1,2,0,Pareggio,3-3,4,SI,2,2,40
2564,Finland,Finland U20 League,PK-35 Vantaa U20,IF Gnistan U20,1-4,49,1-4,5,3,Vantaggio ospite,2-6,3,SI,1,2,41
2565,Turkey,Turkey 2 Lig Kirmizi,Sivas Belediyespor,Ankara Demirspor,2-2,64,2-2,4,0,Pareggio,4-3,3,SI,2,1,26
2566,Iran,Iran Div 1,Baderan Tehran,Qashqai Shiraz,3-0,51,3-1,4,2,Vantaggio casa,4-3,3,SI,1,2,39
2567,Portugal,Portugal Segunda Liga,Casa Pia,FC Porto B,0-2,58,1-2,3,1,Vantaggio ospite,1-3,1,SI,0,1,32
2568,Netherlands,Netherlands Eredivisie,Vitesse,Heerenveen,2-2,51,2-2,4,0,Pareggio,4-2,2,SI,2,0,39
2569,Iceland,Iceland U19 Cup,Afturelding/Hvíti/Álafoss U19,KR/KV U19,3-1,61,3-1,4,2,Vantaggio casa,3-2,1,SI,0,1,29
2570,Bulgaria,Bulgaria B PFG,Ludogorets Razgrad II,Lokomotiv 1929 Sofia,0-1,61,2-1,3,1,Vantaggio casa,2-1,0,NO,0,0,29
2571,Finland,Finland U20 League,FC Inter U20,SJK U20,1-1,50,1-1,2,0,Pareggio,3-3,4,SI,2,2,40
2572,Denmark,Denmark Superligaen,Silkeborg IF,AaB,0-0,60,0-2,2,2,Vantaggio ospite,0-3,1,SI,0,1,30
2573,Austria,Austria Bundesliga,SK Sturm Graz,SV Mattersburg,0-2,61,0-2,2,2,Vantaggio ospite,1-2,1,SI,1,0,29
2574,Cameroon,Cameroon Elite One,Fovu de Baham,Feutcheu FC,2-0,60,2-0,2,2,Vantaggio casa,2-0,0,NO,0,0,30
2575,Italy,Italy Serie C Group A,Monza,Juventus U23,1-0,50,1-0,1,1,Vantaggio casa,1-2,2,SI,0,2,40
2576,Switzerland,Switzerland Super League,Servette,FC Zurich,1-0,57,1-0,1,1,Vantaggio casa,4-1,4,SI,3,1,33
2577,Cameroon,Cameroon Elite One,Tonnerre Yaounde,Canon de Yaounde,0-1,50,0-1,1,1,Vantaggio ospite,1-2,2,SI,1,1,40
2578,Chile,Chile Primera Division,Cobresal,Everton de Vina,1-1,61,1-1,2,0,Pareggio,1-1,0,NO,0,0,29
2579,Ghana,Ghana Premier League,Ebusua Dwarfs,Karela United FC,0-1,44,0-1,1,1,Vantaggio ospite,2-1,2,SI,2,0,46
2580,Spain,Spain Segunda B Group 2,Real Sociedad B,Barakaldo,2-1,58,2-2,4,0,Pareggio,2-4,2,SI,0,2,32
2581,Mauritania,Mauritania Division 2,ASC Riadh,Etoile Nouakchott,0-1,63,1-1,2,0,Pareggio,1-2,1,SI,0,1,27
2582,Brazil,Brazil Campeonato Catarinense,Concordia AC,Tubarao,2-0,60,3-1,4,2,Vantaggio casa,4-1,1,SI,1,0,30
2583,Argentina,Argentina Torneo A,Sansinena,Atletico Camioneros,0-0,63,1-1,2,0,Pareggio,1-1,0,NO,0,0,27
2584,Uruguay,Uruguay Apertura,CA River Plate,Atletico Fenix Montevideo,1-2,56,2-2,4,0,Pareggio,2-2,0,NO,0,0,34
2585,Mondo (amichevoli),World Club Friendlies,New England Revolution,Minnesota United,1-2,55,1-2,3,1,Vantaggio ospite,2-2,1,SI,1,0,35
2586,Saint Kitts & Nevis,Saint Kitts & Nevis Premier League,Newtown United FC,St. Peters FC,0-3,54,0-4,4,4,Vantaggio ospite,0-6,2,SI,0,2,36
2587,Antigua & Barbuda,Antigua & Barbuda Premier Division,Parham FC,Jennings Grenades,1-0,52,2-0,2,2,Vantaggio casa,3-2,3,SI,1,2,38
2588,Bolivia,Bolivia Apertura,Blooming,Bolivar,1-1,54,1-1,2,0,Pareggio,2-1,1,SI,1,0,36
2589,Guatemala,Guatemala Liga Nacional,Malacateco,Deportivo Sanarate FC,0-1,59,0-2,2,2,Vantaggio ospite,0-3,1,SI,0,1,31
2590,Australia,Australia NPL Queensland,Moreton Bay United,Sunshine Coast Wanderers,3-1,47,3-1,4,2,Vantaggio casa,4-2,2,SI,1,1,43
2591,Russia,Russia FNL Cup,Kamaz Nab Chelny,FK Yenisey,1-1,62,2-1,3,1,Vantaggio casa,2-2,1,SI,0,1,28
2592,Palestine,Palestine Gaza Strip Premier League,Gaza Sporting Club,Al-Hilal Gaza,0-0,60,1-0,1,1,Vantaggio casa,1-0,0,NO,0,0,30
2593,Netherlands,Netherlands Reserve League,RKC Reserves,FC Groningen Reserves,2-1,58,2-2,4,0,Pareggio,2-4,2,SI,0,2,32
2594,Giovanili internazionali,Youth Tournament,Madagascar U20,Djibouti U20,4-2,63,4-2,6,2,Vantaggio casa,4-3,1,SI,0,1,27
2595,Mauritania,Mauritania Division 1,Trarza AC,Kaedi FC,0-1,48,0-1,1,1,Vantaggio ospite,0-1,0,NO,0,0,42
2596,Peru,Peru Reserve League,UTC Cajamarca Reserves,Cusco FC Reserves,0-0,65,1-0,1,1,Vantaggio casa,1-1,1,SI,0,1,25
2597,Senegal,Senegal Ligue 2,Demba Diop,Africa Promo Foot,1-0,63,2-0,2,2,Vantaggio casa,2-0,0,NO,0,0,27
2598,Netherlands,Netherlands Reserve League,FC Den Bosch Reserves,FC Eindhoven Reserves,1-1,60,2-1,3,1,Vantaggio casa,4-1,2,SI,2,0,30
2599,Belgium,Belgium Reserve League,Zulte Waregem Reserves,KV Kortrijk Reserves,1-1,57,2-1,3,1,Vantaggio casa,3-2,2,SI,1,1,33
2600,Belgium,Belgium Reserve League,Roeselare Reserves,Eupen Reserves,0-3,65,0-5,5,5,Vantaggio ospite,0-5,0,NO,0,0,25
2601,England,England U23 Development League,Reading U23,Middlesbrough U23,0-0,63,0-1,1,1,Vantaggio ospite,0-1,0,NO,0,0,27
2602,England,England U23 Development League,Colchester U23,Coventry U23,2-2,61,2-3,5,1,Vantaggio ospite,4-4,3,SI,2,1,29
2603,Belgium,Belgium Reserve League,KV Mechelen Reserves,Anderlecht Reserves,1-2,55,1-2,3,1,Vantaggio ospite,1-4,2,SI,0,2,35
2604,Netherlands,Netherlands Eerste Divisie,Ajax Reserves,NAC,2-1,59,2-1,3,1,Vantaggio casa,2-4,3,SI,0,3,31
2605,Paraguay,Paraguay Division Profesional,River Plate Asuncion,Sportivo San Lorenzo,2-1,63,2-1,3,1,Vantaggio casa,4-2,3,SI,2,1,27
2606,Venezuela,Venezuela Primera Division,CD Lara,Academia Puerto Cabello,3-1,65,3-1,4,2,Vantaggio casa,3-1,0,NO,0,0,25
2607,Jamaica,Jamaica Premier League,Cavalier,Tivoli Gardens,0-0,64,1-0,1,1,Vantaggio casa,1-1,1,SI,0,1,26
2608,Mexico,Mexico Liga MX Femenil,Tigres UANL Women,Pachuca Women,2-1,64,3-1,4,2,Vantaggio casa,3-1,0,NO,0,0,26
2609,Cambodia,Cambodia Cup,Banteay Meanchey,Kampong Chhnang,1-0,64,1-0,1,1,Vantaggio casa,1-1,1,SI,0,1,26
2610,Russia,Russia FNL Cup,Krylia Sovetov II,Tomsk,3-2,58,3-2,5,1,Vantaggio casa,3-3,1,SI,0,1,32
2611,Algeria,Algeria Youth League,ASM Oran U21,WA Tlemcen U21,1-2,58,2-2,4,0,Pareggio,2-3,1,SI,0,1,32
2612,Algeria,Algeria Youth League,USM Annaba U21,MC El Eulma U21,1-2,56,1-2,3,1,Vantaggio ospite,1-2,0,NO,0,0,34
2613,Cameroon,Cameroon Elite Two,Racing de Bafoussam,Stade FC de Bertoua,2-0,55,2-0,2,2,Vantaggio casa,2-0,0,NO,0,0,35
2614,Wales,Wales Championship South,Cambrian & Clydach,Afan Lido FC,3-1,41,3-1,4,2,Vantaggio casa,4-1,1,SI,1,0,49
2615,England,England National League South,Oxford City,Dorking,1-1,51,1-1,2,0,Pareggio,2-1,1,SI,1,0,39
2616,Cambodia,Cambodia Cup,Preah Sihanouk,Kep,0-1,60,0-1,1,1,Vantaggio ospite,0-2,1,SI,0,1,30
2617,Amichevoli,Club Friendly List,FK Gorodeya,FK Riteriai,0-1,62,1-1,2,0,Pareggio,1-1,0,NO,0,0,28
2618,Turkey,Turkey 2 Lig Beyaz,1922 Konyaspor,Manisa FK,3-3,63,3-3,6,0,Pareggio,3-3,0,NO,0,0,27
2619,Turkey,Turkey 3.Lig Group 1,Manisaspor,Cankaya FK,0-4,54,0-4,4,4,Vantaggio ospite,0-4,0,NO,0,0,36
2620,Cameroon,Cameroon Elite One,Canon de Yaounde,Dragon Club Yaounde,3-2,46,3-2,5,1,Vantaggio casa,4-2,1,SI,1,0,44
2621,Uganda,Uganda Premier League,Express FC,Tooro United,2-0,52,2-0,2,2,Vantaggio casa,2-1,1,SI,0,1,38
2622,Uganda,Uganda Premier League,Kyetume FC,Mbarara City,2-2,55,2-2,4,0,Pareggio,4-3,3,SI,2,1,35
2623,Hungary,Hungary NB I,Kaposvari Rakoczi,Zalaegerszegi TE,0-5,48,0-5,5,5,Vantaggio ospite,0-6,1,SI,0,1,42
2624,Belarus,Belarus Reserve League,FK Ruh Brest Reserves,Dinamo Brest Reserves,2-0,63,4-0,4,4,Vantaggio casa,4-0,0,NO,0,0,27
2625,South Korea,South Korea K League 1,Gwangju FC,Ulsan Hyundai,1-1,59,1-1,2,0,Pareggio,1-1,0,NO,0,0,31
2626,Belarus,Belarus Division 2,Ivatsevichi,FK Kronon Stolbtsy,1-0,65,1-1,2,0,Pareggio,1-1,0,NO,0,0,25
2627,Belarus,Belarus Division 1,Volna Pinsk,FK Lokomotiv Gomel,0-0,65,1-3,4,2,Vantaggio ospite,2-3,1,SI,1,0,25
2628,Estonia,Estonia II Liiga,JK Piraaja Tallinn,Harju JK Laagri,2-1,61,2-1,3,1,Vantaggio casa,2-2,1,SI,0,1,29
2629,Estonia,Estonia II Liiga,Viimsi JK II,Parnu JK Vaprus II,1-0,65,3-1,4,2,Vantaggio casa,5-1,2,SI,2,0,25
2630,Estonia,Estonia Meistriliiga,JK Viljandi Tulevik,JK Nomme Kalju,0-3,64,0-5,5,5,Vantaggio ospite,0-6,1,SI,0,1,26
2631,Poland,Poland Ekstraklasa,Wisla Plock,Korona Kielce,1-2,65,1-2,3,1,Vantaggio ospite,1-4,2,SI,0,2,25
2632,Ukraine,Ukraine Vyscha Liga,Vorskla Poltava,FK Lviv,1-0,65,1-0,1,1,Vantaggio casa,1-1,1,SI,0,1,25
2633,Montenegro,Montenegro Third League,FK Hajduk Bar,FK Obilic Herceg Novi,0-1,61,1-1,2,0,Pareggio,2-3,3,SI,1,2,29
2634,Belarus,Belarus Amateur League,FC Gemchugniy,Young Boys Baranovichi,1-0,9,1-0,1,1,Vantaggio casa,1-0,0,NO,0,0,81
2635,Estonia,Estonia Esiliiga B,Laanemaa Haapsalu,JK Tabasalu,0-1,61,0-2,2,2,Vantaggio ospite,1-4,3,SI,1,2,29
2636,Faroe Islands,Faroe Islands Premier League,B36 Torshavn,HB Torshavn,1-1,62,2-2,4,0,Pareggio,2-4,2,SI,0,2,28
2637,Israel,Israel Leumit Liga,Beitar Tel Aviv Bat Yam,Hapoel Bnei Lod,0-0,63,1-0,1,1,Vantaggio casa,3-0,2,SI,2,0,27
2638,Faroe Islands,Faroe Islands Premier League,AB Argir,KÍ Klaksvík,0-3,48,0-3,3,3,Vantaggio ospite,0-6,3,SI,0,3,42
2639,Amichevoli,Club Friendly List,EuPa,P-Iirot,0-1,49,0-1,1,1,Vantaggio ospite,0-1,0,NO,0,0,41
2640,Amichevoli,Club Friendly List,Union Plaani,Nopsa,0-3,51,0-3,3,3,Vantaggio ospite,2-5,4,SI,2,2,39
2641,Turkmenistan,Turkmenistan First League,Olimp fc,Binagar FC,2-4,58,2-6,8,4,Vantaggio ospite,3-7,2,SI,1,1,32
2642,Europa (amichevoli),Europe Friendlies,FK Bohumin,SSK Bilovec,2-1,65,3-1,4,2,Vantaggio casa,4-1,1,SI,1,0,25
2643,Serbia,Serbia Cup,FK Radnik Surdulica,Partizan Belgrade,1-2,50,1-2,3,1,Vantaggio ospite,1-2,0,NO,0,0,40
2644,Montenegro,Montenegro Prva Liga,FK Iskra Danilovgrad,FK Kom Podgorica,2-0,63,2-0,2,2,Vantaggio casa,2-0,0,NO,0,0,27
2645,Estonia,Estonia Esiliiga,Levadia Tallinn II,JK Nomme United,1-2,63,1-2,3,1,Vantaggio ospite,1-4,2,SI,0,2,27
2646,Vietnam,Vietnam U19 Championship,Da Nang U19,QNK Quang Nam FC U19,2-0,62,2-0,2,2,Vantaggio casa,3-1,2,SI,1,1,28
2647,Europa (amichevoli),Europe Friendlies,Slavia Prague B,Bohemians 1905 B,2-0,52,3-0,3,3,Vantaggio casa,5-0,2,SI,2,0,38
2648,Europa (amichevoli),Europe Friendlies,Hlucin,FC Odra Petrkovice,0-3,64,0-4,4,4,Vantaggio ospite,0-4,0,NO,0,0,26
2649,Estonia,Estonia II Liiga,Maardu Linnameeskond II,Tartu JK Welco II,0-1,63,0-1,1,1,Vantaggio ospite,1-2,2,SI,1,1,27
2650,Belarus,Belarus Cup,SMI Autotrans,FC Slonim,1-2,61,1-4,5,3,Vantaggio ospite,2-5,2,SI,1,1,29
2651,Belarus,Belarus Cup,Energetik-Bgatu,FC Ostrovets,1-1,60,1-4,5,3,Vantaggio ospite,2-6,3,SI,1,2,30
2652,Germany,Germany Bundesliga I,Bayer Leverkusen,Bayern Munich,1-3,62,1-3,4,2,Vantaggio ospite,2-4,2,SI,1,1,28
2653,Belarus,Belarus Cup,BGU Minsk,FK Gomel,0-2,50,0-2,2,2,Vantaggio ospite,0-5,3,SI,0,3,40
2654,Serbia,Serbia Super Liga,Spartak Subotica,Partizan Belgrade,1-2,63,2-2,4,0,Pareggio,3-2,1,SI,1,0,27
2655,Poland,Poland Ekstraklasa,Zaglebie Lubin,Lech Poznan,3-1,56,3-1,4,2,Vantaggio casa,3-3,2,SI,0,2,34
2656,Austria,Austria 2. Liga,Austria Klagenfurt,SV Kapfenberg,0-1,57,0-1,1,1,Vantaggio ospite,3-2,4,SI,3,1,33
2657,Estonia,Estonia Meistriliiga,JK Viljandi Tulevik,FC Kuressaare,1-0,60,2-0,2,2,Vantaggio casa,5-0,3,SI,3,0,30
2658,Europa (amichevoli),Europe Friendlies,Breidablik,HK Kopavogur,1-1,65,2-1,3,1,Vantaggio casa,3-1,1,SI,1,0,25
2659,Czech Republic,Czech Republic First League,Opava,Slovacko,1-0,62,1-0,1,1,Vantaggio casa,1-1,1,SI,0,1,28
2660,Serbia,Serbia Super Liga,Radnicki Nis,Rad Belgrade,2-2,56,3-3,6,0,Pareggio,4-3,1,SI,1,0,34
2661,Faroe Islands,Faroe Islands Premier League,IF Fuglafjordur,AB Argir,2-2,62,2-2,4,0,Pareggio,4-2,2,SI,2,0,28
2662,Albania,Albania Championship,Laci,Vllaznia Shkoder,2-0,64,2-1,3,1,Vantaggio casa,5-2,4,SI,3,1,26
2663,Serbia,Serbia Prva Liga,Smederevo,FK Zarkovo,3-1,61,3-2,5,1,Vantaggio casa,3-3,1,SI,0,1,29
2664,Montenegro,Montenegro Druga Liga,FK Drezga,Arsenal Tivat,2-0,52,3-0,3,3,Vantaggio casa,3-1,1,SI,0,1,38
2665,Faroe Islands,Faroe Islands Premier League,Vikingur Gota,B36 Torshavn,2-1,64,4-2,6,2,Vantaggio casa,4-2,0,NO,0,0,26
2666,Iceland,Iceland U19 League,IR/Lettir U19,IBV/KFS/Sindri U19,1-1,59,2-2,4,0,Pareggio,2-2,0,NO,0,0,31
2667,Ukraine,Ukraine Vyscha Liga,Dnipro-1,FK Lviv,1-1,60,1-1,2,0,Pareggio,2-1,1,SI,1,0,30
2668,Hungary,Hungary NB I,Zalaegerszegi TE,Puskas Academy,0-0,50,1-0,1,1,Vantaggio casa,2-0,1,SI,1,0,40
2669,Montenegro,Montenegro Prva Liga,OFK Petrovac,FK Iskra Danilovgrad,3-1,63,3-1,4,2,Vantaggio casa,4-1,1,SI,1,0,27
2670,Montenegro,Montenegro Third League,FK Komovi,FK Polimlje Murino,0-2,64,2-3,5,1,Vantaggio ospite,2-4,1,SI,0,1,26
2671,Estonia,Estonia Esiliiga,JK Tammeka Tartu II,FC Flora Tallinn II,0-0,55,0-1,1,1,Vantaggio ospite,0-2,1,SI,0,1,35
2672,Estonia,Estonia Esiliiga B,Laanemaa Haapsalu,Paide Linnameeskond II,1-1,65,2-1,3,1,Vantaggio casa,2-3,2,SI,0,2,25
2673,Costa Rica,Costa Rica Segunda,AD Juventud Escazucena,Sporting San Jose,0-1,63,0-1,1,1,Vantaggio ospite,2-1,2,SI,2,0,27
2674,Vietnam,Vietnam U19 Championship,Phu Yen U19,Cong An Nhan Dan U19,0-3,60,0-5,5,5,Vantaggio ospite,1-7,3,SI,1,2,30
2675,Czech Republic,Czech Republic 2. Liga,Banik Sokolov,FK Usti nad Labem,1-1,54,1-1,2,0,Pareggio,3-1,2,SI,2,0,36
2676,Europa (amichevoli),Europe Friendlies,Slavia Prague B,Viktoria Plzen B,3-1,58,4-2,6,2,Vantaggio casa,5-2,1,SI,1,0,32
2677,Denmark,Denmark Division 1,HB Køge,FC Fredericia,1-1,60,1-2,3,1,Vantaggio ospite,2-2,1,SI,1,0,30
2678,Europa (amichevoli),Europe Friendlies,MFK Vyskov,FK Blansko,1-2,49,1-2,3,1,Vantaggio ospite,1-2,0,NO,0,0,41
2679,Estonia,Estonia II Liiga,JK Sillamae Kalev,Maardu Linnameeskond II,1-0,51,2-0,2,2,Vantaggio casa,5-0,3,SI,3,0,39
2680,Austria,Austria 2. Liga,SKU Amstetten,FC Wacker Innsbruck,2-0,63,2-0,2,2,Vantaggio casa,2-3,3,SI,0,3,27
2681,Europa (amichevoli),Europe Friendlies,FK MAS Taborsko,FC Pisek,0-1,59,0-1,1,1,Vantaggio ospite,3-1,3,SI,3,0,31
2682,Czech Republic,Czech Republic 2. Liga,MFK Chrudim,Vysocina Jihlava,3-2,60,4-3,7,1,Vantaggio casa,4-3,0,NO,0,0,30
2683,Faroe Islands,Faroe Islands Div 1,FC Hoyvik,NSI Runavik II,3-2,57,3-3,6,0,Pareggio,4-4,2,SI,1,1,33
2684,Europa (amichevoli),Europe Friendlies,Slavia Prague U19,Dukla Praha U19,4-0,53,5-0,5,5,Vantaggio casa,6-0,1,SI,1,0,37
2685,Belarus,Belarus Reserve League,Torpedo Zhodino Reserves,Dinamo Brest Reserves,2-0,56,2-1,3,1,Vantaggio casa,2-2,1,SI,0,1,34
2686,Lithuania,Lithuania 1 Lyga,FK Riteriai II,Nevezis,1-0,64,2-1,3,1,Vantaggio casa,3-2,2,SI,1,1,26
2687,Lithuania,Lithuania 1 Lyga,FK Jonava,Hegelmann Litauen,1-0,65,1-0,1,1,Vantaggio casa,1-1,1,SI,0,1,25
2688,Palestine,Palestine West Bank League,Hilal Al Quds,Markaz Balata,1-2,60,1-2,3,1,Vantaggio ospite,1-4,2,SI,0,2,30
2689,Palestine,Palestine West Bank League,Shabab Alsamu,Taraji Wadi Al-Nes,3-0,60,3-0,3,3,Vantaggio casa,3-0,0,NO,0,0,30
2690,Slovenia,Slovenia Prva Liga,NK Rudar Velenje,ASK Bravo Publikum,0-3,52,0-3,3,3,Vantaggio ospite,1-3,1,SI,1,0,38
2691,Europa (amichevoli),Europe Friendlies,Valašské Mezirící,SK Hranice,2-1,59,2-1,3,1,Vantaggio casa,2-2,1,SI,0,1,31
2692,Europa (amichevoli),Europe Friendlies,Bohemians 1905 B,FK MAS Taborsko,0-1,60,0-1,1,1,Vantaggio ospite,2-1,2,SI,2,0,30
2693,Belarus,Belarus Division 1,FK Krumkachy Minsk,Volna Pinsk,2-2,45,2-2,4,0,Pareggio,2-3,1,SI,0,1,45
2694,Belarus,Belarus Reserve League,FK Ruh Brest Reserves,FC Vitebsk Reserves,3-1,53,3-1,4,2,Vantaggio casa,5-4,5,SI,2,3,37
2695,Belarus,Belarus Division 2,FC Zhlobin,Energetik-Bgatu,1-0,59,1-1,2,0,Pareggio,2-1,1,SI,1,0,31
2696,Turkey,Turkey Super Lig,Istanbul Basaksehir,Alanyaspor,0-0,64,1-0,1,1,Vantaggio casa,2-0,1,SI,1,0,26
2697,Hungary,Hungary NB I,Debreceni VSC,Puskas Academy,1-1,62,1-2,3,1,Vantaggio ospite,2-2,1,SI,1,0,28
2698,Faroe Islands,Faroe Islands Premier League,KÍ Klaksvík,Vikingur Gota,2-1,61,3-1,4,2,Vantaggio casa,4-1,1,SI,1,0,29
2699,Italy,Coppa Italia,Napoli,Inter Milan,1-1,65,1-1,2,0,Pareggio,1-1,0,NO,0,0,25
2700,Sweden,Sweden Elitettan,Jitex BK Women,Morön BK Women,2-0,63,3-2,5,1,Vantaggio casa,3-4,2,SI,0,2,27
2701,Estonia,Estonia II Liiga,Parnu JK Poseidon,Saue JK Laagri,0-2,63,1-2,3,1,Vantaggio ospite,1-6,4,SI,0,4,27
2702,Finland,Finland U20 League,FC Jazz U20,FC Haka U20,1-2,60,1-3,4,2,Vantaggio ospite,1-6,3,SI,0,3,30
2703,Poland,Poland I Liga,GKS Tychy 71,Stal Mielec,1-1,48,1-0,1,1,Vantaggio casa,2-4,5,SI,1,4,42
2704,Serbia,Serbia Super Liga,FK Backa Topola,Red Star Belgrade,2-0,59,2-0,2,2,Vantaggio casa,2-1,1,SI,0,1,31
2705,Estonia,Estonia II Liiga,Harju JK Laagri,FC Kuressaare II,2-0,59,3-1,4,2,Vantaggio casa,4-2,2,SI,1,1,31
2706,Estonia,Estonia Esiliiga B,Keila JK,Viimsi JK,0-1,59,0-2,2,2,Vantaggio ospite,1-2,1,SI,1,0,31
2707,Poland,Poland Ekstraklasa,Slask Wroclaw,LKS Lodz,3-0,63,3-0,3,3,Vantaggio casa,4-0,1,SI,1,0,27
2708,Montenegro,Montenegro Druga Liga,FK Mornar Bar,Arsenal Tivat,2-0,47,2-0,2,2,Vantaggio casa,2-1,1,SI,0,1,43
2709,Ukraine,Ukraine Vyscha Liga,PFC Oleksandria,Desna Chernihiv,0-2,57,1-3,4,2,Vantaggio ospite,1-5,2,SI,0,2,33
2710,Armenia,Armenia Premier League,FC Noah,Ararat Armenia,1-1,55,1-1,2,0,Pareggio,1-1,0,NO,0,0,35
2711,Latvia,Latvia Virsliga,BFC Daugavpils,FK Liepaja,0-2,61,0-2,2,2,Vantaggio ospite,0-2,0,NO,0,0,29
2712,Israel,Israel Leumit Liga,Hapoel Umm al-Fahm,Hapoel Petah Tikva,2-2,56,2-2,4,0,Pareggio,2-3,1,SI,0,1,34
2713,Finland,Finland Kakkonen Group B,Atlantis,FC Espoo,3-1,47,3-0,3,3,Vantaggio casa,4-2,3,SI,1,2,43
2714,Estonia,Estonia II Liiga,FC Kose,Paide Linnameeskond III,0-4,65,0-8,8,8,Vantaggio ospite,1-9,2,SI,1,1,25
2715,Croatia,Croatia 1.HNL,Hajduk Split,NK Varazdin,0-3,55,1-3,4,2,Vantaggio ospite,2-3,1,SI,1,0,35
2716,Sweden,Sweden Superettan,GIF Sundsvall,Umea FC,2-1,51,2-1,3,1,Vantaggio casa,3-1,1,SI,1,0,39
2717,Palestine,Palestine West Bank League,Palestinian Forces,Shabab Al Am'ari,0-2,57,0-2,2,2,Vantaggio ospite,0-6,4,SI,0,4,33
2718,Montenegro,Montenegro Prva Liga,FK Iskra Danilovgrad,FK Grbalj Radanovici,1-0,48,1-0,1,1,Vantaggio casa,2-1,2,SI,1,1,42
2719,Czech Republic,Czech Republic 2. Liga,MFK Vitkovice,FK Usti nad Labem,2-1,55,2-1,3,1,Vantaggio casa,3-1,1,SI,1,0,35
2720,Finland,Finland Kakkonen Group B,GrIFK,HJS Akatemia,2-2,63,2-2,4,0,Pareggio,2-3,1,SI,0,1,27
2721,Sweden,Sweden 1.div Norra,IFK Berga,IFK Haninge,2-4,49,2-4,6,2,Vantaggio ospite,3-4,1,SI,1,0,41
2722,Iceland,Iceland 2 Deild,Kari,Selfoss,1-2,57,2-2,4,0,Pareggio,3-4,3,SI,1,2,33
2723,Finland,Finland Kolmonen,HPS,FC Finnkurd,1-0,63,1-1,2,0,Pareggio,2-2,2,SI,1,1,27
2724,Germany,Germany Bundesliga II,Jahn Regensburg,Karlsruher SC,1-0,61,1-0,1,1,Vantaggio casa,2-1,2,SI,1,1,29
2725,Hungary,Hungary NB I,Diosgyori VTK,Puskas Academy,1-1,58,1-2,3,1,Vantaggio ospite,1-2,0,NO,0,0,32
2726,Croatia,Croatia 1.HNL,Dinamo Zagreb,Slaven Belupo,2-1,51,2-2,4,0,Pareggio,3-2,1,SI,1,0,39
2727,Sweden,Sweden 1.div Norra,Karlslunds IF HFK,IK Frej,0-3,62,0-4,4,4,Vantaggio ospite,1-4,1,SI,1,0,28
2728,Faroe Islands,Faroe Islands Premier League,HB Torshavn,KÍ Klaksvík,1-2,49,1-2,3,1,Vantaggio ospite,3-3,3,SI,2,1,41
2729,Germany,Germany Bundesliga I,Augsburg,TSG Hoffenheim,0-0,63,0-2,2,2,Vantaggio ospite,1-3,2,SI,1,1,27
2730,Estonia,Estonia Esiliiga B,Paide Linnameeskond II,Rakvere JK Tarvas,4-1,62,5-1,6,4,Vantaggio casa,8-1,3,SI,3,0,28
2731,Turkey,Turkey Cup,Alanyaspor,Antalyaspor,2-0,54,4-0,4,4,Vantaggio casa,4-0,0,NO,0,0,36
2732,Belarus,Belarus Reserve League,Isloch Reserves,Torpedo Zhodino Reserves,0-1,45,0-1,1,1,Vantaggio ospite,2-1,2,SI,2,0,45
2733,Australia,Australia Darwin Premier League,University Azzurri FC,Casuarina FC,0-1,64,1-1,2,0,Pareggio,2-1,1,SI,1,0,26
2734,Ukraine,Ukraine Vyscha Liga,Dnipro-1,Kolos Kovalivka,0-1,58,0-2,2,2,Vantaggio ospite,0-2,0,NO,0,0,32
2735,Netherlands,Netherlands Eerste Divisie,NEC,Helmond Sport,1-1,47,2-1,3,1,Vantaggio casa,2-2,1,SI,0,1,43
2736,Australia,Australia South Australia State League 1,West Adelaide,Western Strikers,0-1,57,0-1,1,1,Vantaggio ospite,2-1,2,SI,2,0,33
2737,Solomon Islands,Solomon Islands S League,Southern United Honiara,Kossa FC,3-0,57,4-0,4,4,Vantaggio casa,4-1,1,SI,0,1,33
2738,Australia,Australia Brisbane Premier Reserve League,Caboolture FC Reserves,The Gap Reserves,1-0,65,2-0,2,2,Vantaggio casa,3-1,2,SI,1,1,25
2739,Australia,Australia Brisbane Premier Reserve League,Bayside United Reserves,Acacia Ridge Reserves,1-1,57,1-1,2,0,Pareggio,1-2,1,SI,0,1,33
2740,Australia,Australia NPL Queensland U20,Moreton Bay United U20,Brisbane City U20,2-2,39,2-2,4,0,Pareggio,2-3,1,SI,0,1,51
2741,Thailand,Thailand Cup,Khonkaen Mordindang FC,Prachuap FC,0-3,59,0-4,4,4,Vantaggio ospite,0-7,3,SI,0,3,31
2742,Australia,Australia Brisbane Capital League 1,Ipswich City,AC Carina,0-1,64,0-2,2,2,Vantaggio ospite,0-3,1,SI,0,1,26
2743,Croatia,Croatia U19 League,NK Inter-Zapresic U19,NK Rudes U19,0-0,62,1-1,2,0,Pareggio,1-4,3,SI,0,3,28
2744,Australia,Australia Brisbane Capital League 1,Western Spirit,Samford Rangers,0-2,50,0-2,2,2,Vantaggio ospite,1-4,3,SI,1,2,40
2745,Croatia,Croatia U19 League,NK Sesvete U19,NK Varazdin U19,1-1,59,1-2,3,1,Vantaggio ospite,7-2,6,SI,6,0,31
2746,Romania,Romania Liga II,CS Pandurii Lignitul Targu Jiu,Dunarea Calarasi,0-1,64,0-1,1,1,Vantaggio ospite,1-2,2,SI,1,1,26
2747,Australia,Australia Queensland Premier League,Western Pride FC,Logan Lightning,0-2,62,0-5,5,5,Vantaggio ospite,0-7,2,SI,0,2,28
2748,Singapore,Singapore Premier League,Balestier Khalsa FC,Lion City Sailors FC,0-5,57,0-6,6,6,Vantaggio ospite,1-7,2,SI,1,1,33
2749,Thailand,Thailand Cup,Raj Pracha,Police Tero FC,0-1,45,0-1,1,1,Vantaggio ospite,1-4,4,SI,1,3,45
2750,Estonia,Estonia Esiliiga,JK Tammeka Tartu II,FC Elva,0-1,57,0-1,1,1,Vantaggio ospite,1-3,3,SI,1,2,33
2751,Poland,Poland II Liga,Olimpia Elblag,Olimpia Grudziadz,1-1,53,1-1,2,0,Pareggio,3-1,2,SI,2,0,37
2752,Sweden,Sweden Superettan,IK Brage,Västerås SK FK,0-3,64,0-3,3,3,Vantaggio ospite,0-3,0,NO,0,0,26
2753,Ukraine,Ukraine Vyscha Liga,Olimpik Donetsk,FC Mariupol,1-2,65,1-2,3,1,Vantaggio ospite,3-3,3,SI,2,1,25
2754,Poland,Poland III Liga,ROW Rybnik,Sleza Wroclaw,0-0,58,1-1,2,0,Pareggio,1-1,0,NO,0,0,32
2755,England,England FA Cup,Tonbridge Angels,Bradford,0-3,62,0-4,4,4,Vantaggio ospite,0-7,3,SI,0,3,28
2756,Sweden,Sweden Div 2 Qualification,IK Oddevold,Västra Frölunda IF,1-1,56,2-2,4,0,Pareggio,3-3,2,SI,1,1,34
2757,Netherlands,Netherlands Eerste Divisie,De Graafschap,FC Volendam,2-2,56,2-3,5,1,Vantaggio ospite,2-5,2,SI,0,2,34
2758,Russia,Russia Division 2,FK Forte Taganrog,FC Biolog-Novokubansk,0-1,63,1-1,2,0,Pareggio,1-1,0,NO,0,0,27
2759,Hungary,Hungary NB I,Paksi,Puskas Academy,3-1,60,5-1,6,4,Vantaggio casa,6-2,2,SI,1,1,30
2760,Germany,Germany Bundesliga I,Mainz,Schalke,2-1,50,2-2,4,0,Pareggio,2-2,0,NO,0,0,40
2761,Portugal,Portugal Segunda Liga,FC Porto B,CD Mafra,1-1,63,1-2,3,1,Vantaggio ospite,1-2,0,NO,0,0,27
2762,England,England Championship,Blackburn,QPR,0-0,64,1-1,2,0,Pareggio,3-1,2,SI,2,0,26
2763,Belgium,Belgium First Division A,KV Kortrijk,KFCO Beerschot Wilrijk,2-1,57,3-3,6,0,Pareggio,5-5,4,SI,2,2,33
2764,Slovakia,Slovakia Super Liga,FC Vion Zlate Moravce,AS Trencin,2-0,60,3-0,3,3,Vantaggio casa,5-0,2,SI,2,0,30
2765,England,England FA Cup,Brackley,Bishop's Stortford,2-0,63,2-0,2,2,Vantaggio casa,3-3,4,SI,1,3,27
2766,Mexico,Mexico Segunda Division,Universidad Guadalajara II,U.A. Zacatecas,1-1,65,1-1,2,0,Pareggio,2-2,2,SI,1,1,25
2767,Brazil,Brazil Paulista Serie B,CA Mogi Das CF,Uniao Mogi,0-3,52,0-5,5,5,Vantaggio ospite,0-9,4,SI,0,4,38
2768,Brazil,Brazil U20 League,Nautico Capibaribe U20,Retro FC Brasil U20,0-1,57,1-1,2,0,Pareggio,2-1,1,SI,1,0,33
2769,Dominican Republic,Dominican Republic Liga,Cibao FC,Atletico Vega Real,0-1,47,0-1,1,1,Vantaggio ospite,2-1,2,SI,2,0,43
2770,Brazil,Brazil Serie D,Afogados da Ingazeira FC,America RN,0-2,52,0-2,2,2,Vantaggio ospite,0-4,2,SI,0,2,38
2771,El Salvador,El Salvador Apertura,Santa Tecla,Atletico Marte,2-0,62,2-0,2,2,Vantaggio casa,2-1,1,SI,0,1,28
2772,Fiji,Fiji National League,Lautoka FC,Rewa FC,3-1,59,3-2,5,1,Vantaggio casa,3-5,3,SI,0,3,31
2773,Thailand,Thailand Cup,Kalasin FC,Chonburi,0-3,59,0-5,5,5,Vantaggio ospite,0-7,2,SI,0,2,31
2774,Australia,Australia FQPL Queensland U20 League,Wynnum Wolves U20,Holland Park Hawks U20,2-1,65,4-1,5,3,Vantaggio casa,4-1,0,NO,0,0,25
2775,Thailand,Thailand Cup,Prachinburi City,Ratchaburi FC,1-2,62,1-2,3,1,Vantaggio ospite,1-3,1,SI,0,1,28
2776,Thailand,Thailand Cup,Marines Eureka FC,Suphanburi FC,1-4,54,1-4,5,3,Vantaggio ospite,1-4,0,NO,0,0,36
2777,Russia,Russia Division 2,FK Kaluga,Metallurg Lipetsk,2-0,56,2-0,2,2,Vantaggio casa,2-1,1,SI,0,1,34
2778,Norway,Norway PostNord Cup,Notodden,Vålerenga 2,1-3,64,2-4,6,2,Vantaggio ospite,3-5,2,SI,1,1,26
2779,Netherlands,Netherlands Eerste Divisie,FC Utrecht Reserves,Roda JC,1-0,62,1-0,1,1,Vantaggio casa,2-0,1,SI,1,0,28
2780,Peru,Peru Primera Division,Cesar Vallejo,Alianza Lima,2-1,58,3-1,4,2,Vantaggio casa,4-1,1,SI,1,0,32
2781,Argentina,Argentina Superliga Cup,CA Talleres de Córdoba,Lanus,0-1,56,0-1,1,1,Vantaggio ospite,1-1,1,SI,1,0,34
2782,Australia,Australia Brisbane Premier Reserve League,Centenary Stormers Reserves,St George Willawong Reserves,1-1,64,1-3,4,2,Vantaggio ospite,2-3,1,SI,1,0,26
2783,Estonia,Estonia U19 League,JK Tabasalu U19,Tallinna JK Legion U19,3-2,59,4-2,6,2,Vantaggio casa,5-3,2,SI,1,1,31
2784,England,England EFL Trophy,Port Vale,Liverpool U21,2-2,64,4-2,6,2,Vantaggio casa,4-2,0,NO,0,0,26
2785,England,England National League North,Blyth Spartans,Farsley Celtic,0-1,64,0-1,1,1,Vantaggio ospite,1-1,1,SI,1,0,26
2786,Scotland,Scotland League Cup,Forfar,Brora,1-1,59,1-2,3,1,Vantaggio ospite,3-3,3,SI,2,1,31
2787,Mexico,Mexico Liga de Expansion,Pumas Tabasco,Tepatitlan FC,1-0,59,2-0,2,2,Vantaggio casa,2-2,2,SI,0,2,31
2788,Thailand,Thailand Premier League,Buriram United,Rayong FC,2-1,58,2-1,3,1,Vantaggio casa,5-1,3,SI,3,0,32
2789,England,England U23 Development League,Bristol City U23,Sheff Wed U23,1-1,65,1-1,2,0,Pareggio,1-2,1,SI,0,1,25
2790,Denmark,Denmark Cup,AB,AaB,1-2,64,1-2,3,1,Vantaggio ospite,1-2,0,NO,0,0,26
2791,Brazil,Brazil Paulista Cup,Botafogo SP B,Rio Preto,3-1,62,4-1,5,3,Vantaggio casa,6-1,2,SI,2,0,28
2792,Brazil,Brazil Campeonato Pernambucano A2,Cabense,Ferroviario do Cabo,0-1,49,0-2,2,2,Vantaggio ospite,2-2,2,SI,2,0,41
2793,Bolivia,Bolivia Nacional B,Real Monteagudo,Fancesa,1-2,58,1-2,3,1,Vantaggio ospite,1-2,0,NO,0,0,32
2794,Brazil,Brazil Campeonato Matogrossense,CEOV Operario,CE Dom Bosco,0-0,59,0-1,1,1,Vantaggio ospite,0-1,0,NO,0,0,31
2795,Peru,Peru Segunda,Comerciantes Unidos,Santos FC,1-0,63,3-0,3,3,Vantaggio casa,3-2,2,SI,0,2,27
2796,Singapore,Singapore Premier League,Hougang United FC,Young Lions,1-1,65,2-1,3,1,Vantaggio casa,4-1,2,SI,2,0,25
2797,Palestine,Palestine Division 1,Alarabi Beit Safafa,Shabab Alobaideya,1-2,57,1-2,3,1,Vantaggio ospite,1-2,0,NO,0,0,33
2798,Brazil,Brazil Campeonato de Aspirantes,Vila Nova U23,Corinthians U23,1-0,61,2-0,2,2,Vantaggio casa,3-1,2,SI,1,1,29
2799,Bhutan,Bhutan Premier League,Paro United,High Quality United,2-1,56,2-2,4,0,Pareggio,3-2,1,SI,1,0,34
2800,Romania,Romania Liga III,Dacia Unirea Braila,Avantul Valea Marului,0-0,58,2-0,2,2,Vantaggio casa,4-0,2,SI,2,0,32
2801,Japan,Japan J3-League,FC Imabari,YSCC,2-1,65,3-1,4,2,Vantaggio casa,3-1,0,NO,0,0,25
2802,Japan,Japan J-League,Consadole Sapporo,Sagan Tosu,0-0,64,1-1,2,0,Pareggio,1-1,0,NO,0,0,26
2803,Australia,Australia Queensland Premier League,Southside Eagles,Ipswich Knights,2-1,47,2-2,4,0,Pareggio,3-4,3,SI,1,2,43
2804,Australia,Australia NPL Queensland,Peninsula Power,Lions FC,0-0,64,1-0,1,1,Vantaggio casa,3-0,2,SI,2,0,26
2805,Romania,Romania Liga II,ACS Viitorul Pandurii Targu Jiu,CS Pandurii Lignitul Targu Jiu,3-1,65,3-2,5,1,Vantaggio casa,4-3,2,SI,1,1,25
2806,Bhutan,Bhutan Premier League,Tensung FC,Thimphu City,0-5,46,0-5,5,5,Vantaggio ospite,2-6,3,SI,2,1,44
2807,Australia,Australia Brisbane Premier League,Caboolture FC,Brisbane Knights,0-3,58,0-3,3,3,Vantaggio ospite,2-5,4,SI,2,2,32
2808,Serbia,Serbia U19 League,Mladost Lucani U19,Red Star Belgrade U19,0-2,51,0-2,2,2,Vantaggio ospite,0-2,0,NO,0,0,39
2809,Poland,Poland I Liga,Widzew Lodz,CWKS Resovia Rzeszów,0-0,65,1-0,1,1,Vantaggio casa,2-0,1,SI,1,0,25
2810,Romania,Romania Liga III,CS Gilortul Targu Carbunesti,Gaz Metan II Medias,0-0,60,1-0,1,1,Vantaggio casa,2-1,2,SI,1,1,30
2811,Romania,Romania Liga III,Unirea Dej,CS Sanatatea Cluj,2-1,58,3-2,5,1,Vantaggio casa,3-3,1,SI,0,1,32
2812,Sweden,Sweden 1.div Södra,Assyriska Turabdin IK,Eskilsminne IF,3-2,56,3-2,5,1,Vantaggio casa,4-2,1,SI,1,0,34
2813,Denmark,Denmark 2. Division Group 2,Skovshoved,Hillerød,1-1,60,1-1,2,0,Pareggio,1-2,1,SI,0,1,30
2814,Europa (amichevoli),Europe Friendlies,FK Metalac GM,Javor Ivanjica,2-3,61,3-3,6,0,Pareggio,3-4,1,SI,0,1,29
2815,England,England National League North,Darlington,AFC Telford,1-1,64,1-2,3,1,Vantaggio ospite,1-2,0,NO,0,0,26
2816,England,England League 2,Bradford,Exeter,2-2,49,2-2,4,0,Pareggio,2-2,0,NO,0,0,41
2817,Spain,Spain Segunda,Almeria,Mirandes,2-1,51,2-1,3,1,Vantaggio casa,2-1,0,NO,0,0,39
2818,Bosnia & Herzegovina,Bosnia & Herzegovina Cup,Velez Mostar,Siroki Brijeg,0-1,59,0-1,1,1,Vantaggio ospite,0-1,0,NO,0,0,31
2819,Ecuador,Ecuador Campeonato Nacional,Guayaquil City,Mushuc Runa,2-1,65,3-2,5,1,Vantaggio casa,3-2,0,NO,0,0,25
2820,Brazil,Brazil Paulista Cup,Guarani SP B,Nacional SP,1-1,56,1-1,2,0,Pareggio,2-2,2,SI,1,1,34
2821,Peru,Peru Primera Division,Universitario de Deportes,CD Universidad San Martin,1-1,56,1-2,3,1,Vantaggio ospite,2-3,2,SI,1,1,34
2822,Brazil,Brazil Serie A,Goias,Athletico Paranaense,0-1,61,0-1,1,1,Vantaggio ospite,0-1,0,NO,0,0,29
2823,Ecuador,Ecuador Primera B,Fuerza Amarilla SC,America de Quito,1-1,58,1-1,2,0,Pareggio,1-1,0,NO,0,0,32
2824,Honduras,Honduras Liga Nacional,CD Real De Minas,CD Marathon,1-0,63,1-0,1,1,Vantaggio casa,2-0,1,SI,1,0,27
2825,Chile,Chile Primera Division,Union Espanola,Union La Calera,3-0,58,3-1,4,2,Vantaggio casa,3-2,1,SI,0,1,32
2826,Brazil,Brazil Serie A,Flamengo,Atletico Goianiense,1-0,64,1-1,2,0,Pareggio,1-1,0,NO,0,0,26
2827,Ecuador,Ecuador Campeonato Nacional,LDU Quito,SD Aucas,2-1,60,3-1,4,2,Vantaggio casa,4-1,1,SI,1,0,30
2828,Australia,Australia Brisbane Premier Reserve League,Acacia Ridge Reserves,North Star Reserves,1-1,51,1-1,2,0,Pareggio,1-2,1,SI,0,1,39
2829,Australia,Australia Brisbane Premier League,The Gap,Bayside United,1-3,65,1-4,5,3,Vantaggio ospite,1-4,0,NO,0,0,25
2830,Thailand,Thailand Division 3,Yasothon FC,Surin Sugar KCM,2-0,60,2-0,2,2,Vantaggio casa,3-0,1,SI,1,0,30
2831,Turkey,Turkey 3.Lig Group 1,Kemerspor 2003,Payasspor,0-1,58,2-2,4,0,Pareggio,2-2,0,NO,0,0,32
2832,Portugal,Portugal Campeonato Nacional,Vidago FC,SC Vianense,1-0,65,1-0,1,1,Vantaggio casa,1-3,3,SI,0,3,25
2833,Spain,Spain Youth League,Marina Sport U19,Sporting Gijon U19,1-0,65,1-0,1,1,Vantaggio casa,1-0,0,NO,0,0,25
2834,Croatia,Croatia 3.HNL,NK Bistra,NK Dugo Selo,1-1,52,2-1,3,1,Vantaggio casa,3-1,1,SI,1,0,38
2835,Bolivia,Bolivia Regional Cup,Sport Boys Warnes,Club Esperanza,2-2,48,2-2,4,0,Pareggio,2-3,1,SI,0,1,42
2836,Italy,Italy Serie C Group A,Pistoiese,Olbia,1-1,54,1-2,3,1,Vantaggio ospite,1-2,0,NO,0,0,36
2837,UEFA,UEFA Nations League,Turkey,Russia,2-1,55,3-1,4,2,Vantaggio casa,3-2,1,SI,0,1,35
2838,Bolivia,Bolivia Regional Cup,Atletico Huracan,Canarios,2-2,63,3-2,5,1,Vantaggio casa,4-2,1,SI,1,0,27
2839,Mexico,Mexico Liga MX Femenil,Toluca Women,Leon Women,1-2,51,1-2,3,1,Vantaggio ospite,1-3,1,SI,0,1,39
2840,Netherlands,Netherlands Eerste Divisie,Cambuur Leeuwarden,Almere City FC,4-1,49,5-1,6,4,Vantaggio casa,7-2,3,SI,2,1,41
2841,Bolivia,Bolivia Nacional B,Fancesa,Independiente Petrolero,1-2,55,1-2,3,1,Vantaggio ospite,4-3,4,SI,3,1,35
2842,Chile,Chile Primera Division,Universidad de Chile,Santiago Wanderers,1-0,55,2-0,2,2,Vantaggio casa,3-0,1,SI,1,0,35
2843,Peru,Peru Primera Division,Atletico Grau,FC Carlos Stein,0-0,65,2-1,3,1,Vantaggio casa,3-1,1,SI,1,0,25
2844,Bhutan,Bhutan Premier League,Transport United FC,Paro United,3-1,56,3-1,4,2,Vantaggio casa,3-2,1,SI,0,1,34
2845,Palestine,Palestine Division 1,Silwan,Markaz Askar,0-0,64,1-0,1,1,Vantaggio casa,3-0,2,SI,2,0,26
2846,Estonia,Estonia U19 League,Tallinna JK Legion U19,JK Nomme United U19,4-1,62,4-1,5,3,Vantaggio casa,6-2,3,SI,2,1,28
2847,Europa (nazionali),European U21 Championship Qual,Bosnia-Herzegovina U21,Belgium U21,2-1,65,2-1,3,1,Vantaggio casa,3-2,2,SI,1,1,25
2848,UEFA,UEFA Nations League,Croatia,Portugal,1-0,64,1-2,3,1,Vantaggio ospite,2-3,2,SI,1,1,26
2849,UEFA,UEFA Nations League,Montenegro,Cyprus,3-0,61,4-0,4,4,Vantaggio casa,4-0,0,NO,0,0,29
2850,Saint Kitts & Nevis,Saint Kitts & Nevis Premier League,Trafalgar Southstars,Newtown United FC,2-1,51,2-1,3,1,Vantaggio casa,2-2,1,SI,0,1,39
2851,USA,USA UPSL,Weatherford FC,FC Bagos,3-0,58,3-1,4,2,Vantaggio casa,7-2,5,SI,4,1,32
2852,Thailand,Thailand Division 3,WU Nakhon Si Utd,Nara United,2-1,64,3-1,4,2,Vantaggio casa,3-2,1,SI,0,1,26
2853,Romania,Romania Liga III,CS U Craiova II,CS Sporting Rosiori,0-1,62,0-2,2,2,Vantaggio ospite,0-2,0,NO,0,0,28
2854,Syria,Syria Division 2,Shorta Hama,Morek,2-0,49,2-0,2,2,Vantaggio casa,2-2,2,SI,0,2,41
2855,Croatia,Croatia 3.HNL,Bjelovar,NK Papuk Orahovica,0-1,63,0-1,1,1,Vantaggio ospite,0-2,1,SI,0,1,27
2856,Italy,Italy Serie D,ASD Flaminia Civita Castellana,Tiferno Lerchi,1-1,64,1-2,3,1,Vantaggio ospite,1-3,1,SI,0,1,26
2857,Brazil,Brazil Campeonato Pernambucano A2,Timbauba,CA Porto,1-0,63,1-0,1,1,Vantaggio casa,1-2,2,SI,0,2,27
2858,Chile,Chile Primera Division,Cobresal,La Serena,1-1,61,1-2,3,1,Vantaggio ospite,1-2,0,NO,0,0,29
2859,Bolivia,Bolivia Nacional B,Fancesa,Real Monteagudo,3-0,53,4-0,4,4,Vantaggio casa,7-0,3,SI,3,0,37
2860,Israel,Israel Cup,Ironi Tiberias,Hapoel Kaukab,1-0,61,3-0,3,3,Vantaggio casa,4-1,2,SI,1,1,29
2861,Kuwait,Kuwait League,Yarmouk,Al Kuwait SC,1-2,56,1-2,3,1,Vantaggio ospite,1-3,1,SI,0,1,34
2862,Israel,Israel Leumit Liga,Hapoel Iksal Imad,Hapoel Raanana,0-2,60,2-3,5,1,Vantaggio ospite,3-3,1,SI,1,0,30
2863,Bahrain,Bahrain Cup,Al-Ittihad Bahrain,Bahrain SC,0-3,59,0-3,3,3,Vantaggio ospite,0-3,0,NO,0,0,31
2864,Qatar,Qatar U23 League,Al-Kharitiyath SC U23,Al-Sadd SC U23,1-1,63,1-1,2,0,Pareggio,1-2,1,SI,0,1,27
2865,Brazil,Brazil Serie B,EC Juventude,Parana,3-0,63,5-0,5,5,Vantaggio casa,5-0,0,NO,0,0,27
2866,Uruguay,Uruguay Segunda,Albion FC,Tacuarembo,1-1,51,1-1,2,0,Pareggio,2-1,1,SI,1,0,39
2867,Saint Kitts & Nevis,Saint Kitts & Nevis Premier League,Mantab United,Newtown United FC,2-2,52,2-2,4,0,Pareggio,2-3,1,SI,0,1,38
2868,New Zealand,New Zealand Football Championship,Waitakere United,Wellington Phoenix Reserves,1-1,58,1-2,3,1,Vantaggio ospite,1-4,2,SI,0,2,32
2869,Solomon Islands,Solomon Islands S League,Laugu United,FC Isabel United,1-1,53,1-1,2,0,Pareggio,2-2,2,SI,1,1,37
2870,Japan,Japan Football League,Sony Sendai,Honda Lock,1-2,59,1-4,5,3,Vantaggio ospite,1-4,0,NO,0,0,31
2871,Hong Kong,Hong Kong Premier League,Eastern Long Lions,Resources Capital FC,2-0,52,3-0,3,3,Vantaggio casa,5-0,2,SI,2,0,38
2872,Thailand,Thailand Division 3,Marines Eureka FC,Banbueng FC,1-0,57,1-0,1,1,Vantaggio casa,1-0,0,NO,0,0,33
2873,Belarus,Belarus Reserve League,FK Ruh Brest Reserves,Shakhter Soligorsk Reserves,2-0,63,2-0,2,2,Vantaggio casa,2-2,2,SI,0,2,27
2874,Belarus,Belarus Reserve League,FK Gorodeya Reserves,Dinamo Brest Reserves,0-2,58,0-3,3,3,Vantaggio ospite,0-4,1,SI,0,1,32
2875,Denmark,Denmark Division 1,Silkeborg IF,FC Helsingor,2-1,59,2-1,3,1,Vantaggio casa,3-3,3,SI,1,2,31
2876,Malta,Malta Premier League,Gzira Utd,Sliema Wanderers,1-0,59,2-0,2,2,Vantaggio casa,3-2,3,SI,1,2,31
2877,Rwanda,Rwanda Play-Offs,Rutsiro FC,Gorilla FC,0-2,60,0-2,2,2,Vantaggio ospite,1-2,1,SI,1,0,30
2878,England,England Championship,Stoke,Huddersfield,3-2,65,4-3,7,1,Vantaggio casa,4-3,0,NO,0,0,25
2879,England,England League 1,Portsmouth,Crewe,2-0,65,4-0,4,4,Vantaggio casa,4-1,1,SI,0,1,25
2880,Peru,Peru Primera Division,FC Carlos Stein,Deportivo Binacional,1-0,62,1-3,4,2,Vantaggio ospite,1-3,0,NO,0,0,28
2881,United Arab Emirates,UAE Premier League,Shabab Al Ahli Dubai,Al Jazira SC,1-3,63,2-4,6,2,Vantaggio ospite,3-5,2,SI,1,1,27
2882,Czech Republic,Czech Republic First League,Opava,Slavia Prague,0-1,58,0-3,3,3,Vantaggio ospite,0-6,3,SI,0,3,32
2883,USA,USA MLS Play-Offs,Orlando City SC,New York City FC,1-1,65,1-1,2,0,Pareggio,1-1,0,NO,0,0,25
2884,Brazil,Brazil Campeonato Carioca B2,Campo Grande AC,AA Carapebus,1-2,37,1-1,2,0,Pareggio,1-3,2,SI,0,2,53
2885,Switzerland,Switzerland Super League,Young Boys,Basel,1-1,59,1-1,2,0,Pareggio,2-1,1,SI,1,0,31
2886,USA,USA UPSL,Foro 360 Pro,FC Bagos,3-0,64,5-0,5,5,Vantaggio casa,7-0,2,SI,2,0,26
2887,USA,USA UPSL,Nashville Knights FC,Arkansas Wolves FC,1-1,49,1-1,2,0,Pareggio,3-2,3,SI,2,1,41
2888,Serbia,Serbia U19 League,Mladost Lucani U19,FK Cukaricki U19,1-0,55,2-0,2,2,Vantaggio casa,3-1,2,SI,1,1,35
2889,Belarus,Belarus Premier League,FK Gorodeya,Dinamo Brest,0-0,54,1-1,2,0,Pareggio,1-4,3,SI,0,3,36
2890,Poland,Poland II Liga,Blekitni Stargard,Znicz Pruszków,0-2,59,0-2,2,2,Vantaggio ospite,2-3,3,SI,2,1,31
2891,Germany,Germany Bundesliga II,Hamburg,Bochum,0-1,64,0-1,1,1,Vantaggio ospite,1-3,3,SI,1,2,26
2892,England,England Premier League 2,Man City U23,Chelsea U23,2-0,61,2-1,3,1,Vantaggio casa,2-2,1,SI,0,1,29
2893,Estonia,Estonia Meistriliiga,FC Levadia Tallinn,Paide Linnameeskond,1-2,54,1-2,3,1,Vantaggio ospite,2-2,1,SI,1,0,36
2894,Liberia,Liberia First Division,Freeport,NPA Anchors,0-1,59,0-1,1,1,Vantaggio ospite,0-1,0,NO,0,0,31
2895,Sweden,Sweden Superettan,Västerås SK FK,Orgryte IS,0-2,59,0-2,2,2,Vantaggio ospite,0-3,1,SI,0,1,31
2896,Venezuela,Venezuela Segunda Division,Atletico El Vigia,Urena FC,0-2,47,0-2,2,2,Vantaggio ospite,0-2,0,NO,0,0,43
2897,Guatemala,Guatemala Liga Nacional,Malacateco,Guastatoya,2-0,55,2-0,2,2,Vantaggio casa,2-0,0,NO,0,0,35
2898,Guatemala,Guatemala Primera Division,Mictlán,Deportivo Carcha,1-0,63,1-0,1,1,Vantaggio casa,1-0,0,NO,0,0,27
2899,Venezuela,Venezuela Primera Division,Metropolitanos FC,Deportivo Tachira,0-1,62,0-2,2,2,Vantaggio ospite,0-3,1,SI,0,1,28
2900,Israel,Israel Cup,Hapoel Bnei Arrara Ara,Bnei Majdal Krum United,0-1,64,1-1,2,0,Pareggio,1-1,0,NO,0,0,26
2901,Netherlands,Netherlands Eerste Divisie,AZ Reserves,NEC,0-2,53,0-2,2,2,Vantaggio ospite,0-3,1,SI,0,1,37
2902,Netherlands,Netherlands Eerste Divisie,Ajax Reserves,FC Volendam,1-1,60,1-1,2,0,Pareggio,1-1,0,NO,0,0,30
2903,Venezuela,Venezuela Primera Division,Caracas,Gran Valencia,2-0,57,2-0,2,2,Vantaggio casa,6-2,6,SI,4,2,33
2904,Venezuela,Venezuela Primera Division,Portuguesa FC,Aragua,0-1,64,0-2,2,2,Vantaggio ospite,1-2,1,SI,1,0,26
2905,Slovakia,Slovakia 2. Liga,FK Poprad,FK Zeleziarne Podbrezova,0-2,48,0-2,2,2,Vantaggio ospite,0-4,2,SI,0,2,42
2906,Syria,Syria Division 1,Ommal Hama,Al Nerab,0-1,60,0-1,1,1,Vantaggio ospite,0-1,0,NO,0,0,30
2907,Venezuela,Venezuela Segunda Division,Real Frontera,Urena FC,1-1,63,1-2,3,1,Vantaggio ospite,2-3,2,SI,1,1,27
2908,Saudi Arabia,Saudi Arabia Division 1,Al Khaleej Saihat,Al Draih,0-1,61,0-1,1,1,Vantaggio ospite,0-1,0,NO,0,0,29
2909,Venezuela,Venezuela Segunda Division,CD Hermanos Colmenares,Atletico El Vigia,2-0,55,2-1,3,1,Vantaggio casa,2-1,0,NO,0,0,35
2910,England,England National League South,Dorking,Oxford City,0-1,58,2-1,3,1,Vantaggio casa,3-2,2,SI,1,1,32
2911,England,England National League South,Tonbridge Angels,Braintree Town,0-0,64,0-1,1,1,Vantaggio ospite,0-2,1,SI,0,1,26
2912,Serbia,Serbia Prva Liga,Borac Cacak,FK Zemun,1-0,52,1-0,1,1,Vantaggio casa,1-0,0,NO,0,0,38
2913,Croatia,Croatia 2.HNL,NK Opatija,Inter Zapresic,1-1,61,1-2,3,1,Vantaggio ospite,3-2,2,SI,2,0,29
2914,Italy,Italy Serie C Group B,Mantova,Arezzo,0-0,64,2-0,2,2,Vantaggio casa,2-0,0,NO,0,0,26
2915,Spain,Spain Youth League,Torre Levante U19,Valencia U19,1-0,60,1-0,1,1,Vantaggio casa,1-0,0,NO,0,0,30
2916,Estonia,Estonia Esiliiga,Maardu Linnameeskond,JK Tammeka Tartu II,1-0,50,1-0,1,1,Vantaggio casa,2-2,3,SI,1,2,40
2917,Brazil,Brazil Paulista Cup,Ferroviaria SP,Comercial FC,1-1,65,1-1,2,0,Pareggio,1-1,0,NO,0,0,25
2918,El Salvador,El Salvador Reserves League,Jocoro FC Reserves,CD FAS Reserves,1-0,65,1-2,3,1,Vantaggio ospite,2-2,1,SI,1,0,25
2919,Bolivia,Bolivia Nacional B,Satelite Norte,FC Libertad,1-1,64,1-1,2,0,Pareggio,1-1,0,NO,0,0,26
2920,Bolivia,Bolivia Nacional B,Fancesa,Real Tomayapo,1-1,56,1-1,2,0,Pareggio,3-1,2,SI,2,0,34
2921,Fiji,Fiji Cup,Labasa FC,BA FC,1-0,54,2-1,3,1,Vantaggio casa,3-1,1,SI,1,0,36
2922,Latvia,Latvia Virsliga,FK Liepaja,Tukums 2000,2-0,57,3-0,3,3,Vantaggio casa,5-0,2,SI,2,0,33
2923,Qatar,Qatar Stars League,Al-Sailiya SC,Al-Wakrah SC,0-0,65,0-2,2,2,Vantaggio ospite,1-3,2,SI,1,1,25
2924,United Arab Emirates,UAE Premier League,Shabab Al Ahli Dubai,Ajman SCC,2-0,56,2-1,3,1,Vantaggio casa,5-1,3,SI,3,0,34
2925,Vietnam,Vietnam U21 Championship,Vinh Long U21,Long An U21,0-0,62,1-0,1,1,Vantaggio casa,1-1,1,SI,0,1,28
2926,CAF,CAF African Youth Championship,Guinea U20,Gambia U20,0-1,48,0-1,1,1,Vantaggio ospite,1-2,2,SI,1,1,42
2927,Poland,Poland II Liga,Znicz Pruszków,Skra Czestochowa,0-2,47,0-3,3,3,Vantaggio ospite,0-5,2,SI,0,2,43
2928,Venezuela,Venezuela Primera Division,Portuguesa FC,Metropolitanos FC,0-3,65,0-3,3,3,Vantaggio ospite,0-3,0,NO,0,0,25
2929,Venezuela,Venezuela Primera Division,Gran Valencia,Aragua,0-1,64,0-2,2,2,Vantaggio ospite,0-2,0,NO,0,0,26
2930,Belarus,Belarus Premier League,Dinamo Brest,Neman Grodno,1-1,63,1-1,2,0,Pareggio,3-1,2,SI,2,0,27
2931,Belarus,Belarus Premier League,FC Vitebsk,Torpedo Zhodino,1-1,62,1-2,3,1,Vantaggio ospite,2-3,2,SI,1,1,28
2932,Denmark,Denmark U19 League,Midtjylland U19,AaB U19,1-1,63,1-1,2,0,Pareggio,3-3,4,SI,2,2,27
2933,Croatia,Croatia 2.HNL,HNK Cibalia,NK Hrvatski Dragovoljac,2-0,56,3-0,3,3,Vantaggio casa,6-0,3,SI,3,0,34
2934,Denmark,Denmark Division 1,Skive,FC Fredericia,0-1,61,0-2,2,2,Vantaggio ospite,0-4,2,SI,0,2,29
2935,Sweden,Sweden 1.div Södra,Lunds BK,Lindome GIF,0-1,61,2-1,3,1,Vantaggio casa,2-1,0,NO,0,0,29
2936,Sweden,Sweden 1.div Södra,Eskilsminne IF,Torns IF,1-0,63,1-0,1,1,Vantaggio casa,1-1,1,SI,0,1,27
2937,Netherlands,Netherlands Eerste Divisie,Roda JC,Excelsior,1-1,58,2-1,3,1,Vantaggio casa,3-1,1,SI,1,0,32
2938,Italy,Italy Serie B,Pisa,Cittadella,0-2,63,0-3,3,3,Vantaggio ospite,1-4,2,SI,1,1,27
2939,Germany,Germany Bundesliga I,VfB Stuttgart,Bayern Munich,1-2,62,1-2,3,1,Vantaggio ospite,1-3,1,SI,0,1,28
2940,Norway,Norway Eliteserien,Viking FK,IK Start,1-0,63,2-0,2,2,Vantaggio casa,4-1,3,SI,2,1,27
2941,Jordan,Jordan League,Al-Hussein SC,Al Faisaly Amman,1-2,45,1-2,3,1,Vantaggio ospite,1-2,0,NO,0,0,45
2942,Italy,Italy Serie A,Benevento,Juventus,1-1,53,1-1,2,0,Pareggio,1-1,0,NO,0,0,37
2943,Argentina,Argentina Copa de la Liga Profesional,Rosario Central,River Plate,0-1,52,0-1,1,1,Vantaggio ospite,0-2,1,SI,0,1,38
2944,Taiwan,Taiwan Premier League,Taipei City Tatung,Tainan City,1-1,64,2-1,3,1,Vantaggio casa,3-1,1,SI,1,0,26
2945,Kenya,Kenya Premier League,Nairobi City Stars,Nzoia Sugar,2-0,63,2-0,2,2,Vantaggio casa,2-0,0,NO,0,0,27
2946,Russia,Russia Division 1,Veles,Shinnik Yaroslavl,1-1,54,2-1,3,1,Vantaggio casa,4-2,3,SI,2,1,36
2947,Estonia,Estonia Play-Offs,JK Tabasalu,Parnu JK,1-2,54,1-2,3,1,Vantaggio ospite,1-3,1,SI,0,1,36
2948,Portugal,Portugal Segunda Liga,Estoril,Vizela,1-0,62,2-1,3,1,Vantaggio casa,2-2,1,SI,0,1,28
2949,Slovenia,Slovenia Prva Liga,Aluminij Kidricevo,ND Gorica,1-1,61,1-1,2,0,Pareggio,2-1,1,SI,1,0,29
2950,Belgium,Belgium First Division B,Lommel,RWD Molenbeek,1-0,60,2-0,2,2,Vantaggio casa,4-0,2,SI,2,0,30
2951,Denmark,Denmark Superligaen,Sonderjyske,FC Copenhagen,0-2,65,0-2,2,2,Vantaggio ospite,1-3,2,SI,1,1,25
2952,Belgium,Belgium First Division A,KV Kortrijk,KV Oostende,1-1,63,2-1,3,1,Vantaggio casa,3-1,1,SI,1,0,27
2953,AFC,AFC Champions League,Chiangrai Utd,Melbourne Victory,0-2,60,1-2,3,1,Vantaggio ospite,2-2,1,SI,1,0,30
2954,AFC,AFC Champions League,Shanghai Shenhua,Perth Glory,0-1,65,1-2,3,1,Vantaggio ospite,3-3,3,SI,2,1,25
2955,Netherlands,Netherlands Eerste Divisie,FC Utrecht Reserves,Telstar,1-1,65,1-1,2,0,Pareggio,1-2,1,SI,0,1,25
2956,Brazil,Brazil Campeonato de Aspirantes,Gremio U23,Ceara U23,1-0,58,1-0,1,1,Vantaggio casa,3-2,4,SI,2,2,32
2957,Jordan,Jordan Division 1,Ethad Al-Ramtha,Al-Baqa'a,0-2,61,0-2,2,2,Vantaggio ospite,1-2,1,SI,1,0,29
2958,Mauritania,Mauritania Division 1,ASC Snim,ACS Ksar,0-0,54,0-1,1,1,Vantaggio ospite,0-1,0,NO,0,0,36
2959,United Arab Emirates,UAE Premier League,Baniyas SC,Al Ain SCC,3-0,51,3-0,3,3,Vantaggio casa,4-1,2,SI,1,1,39
2960,Singapore,Singapore Premier League,Lion City Sailors FC,Tampines Rovers FC,1-0,63,1-1,2,0,Pareggio,1-1,0,NO,0,0,27
2961,Croatia,Croatia 2.HNL,Dinamo Zagreb II,NK Medimurje Cakovec,2-0,50,3-0,3,3,Vantaggio casa,5-2,4,SI,2,2,40
2962,Peru,Peru Segunda,Alianza Atletico,Santos FC,1-0,54,1-1,2,0,Pareggio,2-1,1,SI,1,0,36
2963,Poland,Poland I Liga,Arka Gdynia,Korona Kielce,1-0,59,1-0,1,1,Vantaggio casa,1-0,0,NO,0,0,31
2964,Bolivia,Bolivia Apertura,Royal Pari FC,Atletico Palmaflor Vinto,2-0,64,2-0,2,2,Vantaggio casa,3-1,2,SI,1,1,26
2965,Chile,Chile Primera Division,Union Espanola,Universidad de Concepcion,1-0,57,1-1,2,0,Pareggio,1-1,0,NO,0,0,33
2966,Australia,Australia South Australia State League 1,South Adelaide,White City,1-0,60,1-1,2,0,Pareggio,1-3,2,SI,0,2,30
2967,Syria,Syria Division 1,Al Karamah,Al Sahel Tartous,1-0,51,1-0,1,1,Vantaggio casa,1-0,0,NO,0,0,39
2968,Kuwait,Kuwait League,Yarmouk,Al Qadsia SC,1-1,63,1-2,3,1,Vantaggio ospite,3-3,3,SI,2,1,27
2969,Turkey,Turkey 1 Lig,Bursaspor,Umraniyespor,0-1,63,0-2,2,2,Vantaggio ospite,1-3,2,SI,1,1,27
2970,Austria,Austria 2. Liga,FC Juniors OO,Austria Klagenfurt,2-1,64,2-1,3,1,Vantaggio casa,2-1,0,NO,0,0,26
2971,Japan,Japan J-League,Shimizu S-Pulse,Kawasaki Frontale,2-1,55,2-1,3,1,Vantaggio casa,2-2,1,SI,0,1,35
2972,Russia,Russia Division 1,Krylia Sovetov,FK Yenisey,3-0,48,3-0,3,3,Vantaggio casa,4-0,1,SI,1,0,42
2973,Slovakia,Slovakia Super Liga,FC Nitra,FK Senica,0-1,47,0-1,1,1,Vantaggio ospite,1-1,1,SI,1,0,43
2974,Netherlands,Netherlands Eerste Divisie,AZ Reserves,Top Oss,0-1,50,0-1,1,1,Vantaggio ospite,0-1,0,NO,0,0,40
2975,Qatar,Qatar U23 League,Al Duhail U23,Al-Arabi Doha U23,0-1,51,0-1,1,1,Vantaggio ospite,1-1,1,SI,1,0,39
2976,Belarus,Belarus Cup,BATE Borisov,Dinamo Brest,2-1,45,2-1,3,1,Vantaggio casa,4-2,3,SI,2,1,45
2977,Hungary,Hungary NB I,Diosgyori VTK,Ferencvarosi TC,1-2,61,1-2,3,1,Vantaggio ospite,1-3,1,SI,0,1,29
2978,Guatemala,Guatemala Liga Nacional,Malacateco,CS Deportivo Sacachispas,1-0,54,1-0,1,1,Vantaggio casa,2-0,1,SI,1,0,36
2979,France,France Ligue 2,Auxerre,Niort,2-0,60,3-0,3,3,Vantaggio casa,6-0,3,SI,3,0,30
2980,South Africa,South Africa Premier,Maritzburg Utd,Mamelodi Sundowns,0-1,49,0-1,1,1,Vantaggio ospite,1-1,1,SI,1,0,41
2982,Uruguay,Uruguay Torneo Intermedio,Club Atletico Progreso,Liverpool Montevideo,0-1,59,0-2,2,2,Vantaggio ospite,1-2,1,SI,1,0,31
2983,Brazil,Brazil Serie B,Sampaio Correa,CRB,2-0,58,3-0,3,3,Vantaggio casa,3-0,0,NO,0,0,32
2984,South Africa,South Africa Reserve League,Mamelodi Sundowns Reserves,Kaizer Chiefs Reserves,1-2,50,1-2,3,1,Vantaggio ospite,2-4,3,SI,1,2,40
2985,Tunisia,Tunisia League 1,Esperance de Tunis,AS Slimane,1-0,63,1-1,2,0,Pareggio,2-2,2,SI,1,1,27
2986,Belgium,Belgium First Division A,KFCO Beerschot Wilrijk,Eupen,0-1,61,0-1,1,1,Vantaggio ospite,0-1,0,NO,0,0,29
2987,Belgium,Belgium First Division B,Westerlo,Lommel,1-0,60,1-1,2,0,Pareggio,2-1,1,SI,1,0,30
2988,Portugal,Portugal Segunda Liga,FC Porto B,Academica,0-2,56,1-2,3,1,Vantaggio ospite,1-2,0,NO,0,0,34
2989,Poland,Poland II Liga,Olimpia Grudziadz,KKS Kalisz,0-1,54,0-1,1,1,Vantaggio ospite,0-1,0,NO,0,0,36
2990,Guatemala,Guatemala Liga Nacional,Santa Lucia FC,CSD Municipal,0-0,64,0-1,1,1,Vantaggio ospite,0-2,1,SI,0,1,26
2991,Uzbekistan,Uzbekistan Cup,Oktepa Tashkent,Navbahor Namangan,0-1,61,0-2,2,2,Vantaggio ospite,0-2,0,NO,0,0,29
2992,Croatia,Croatia Cup,HNK Gorica,NK Lokomotiva Zagreb,1-0,49,1-0,1,1,Vantaggio casa,3-1,3,SI,2,1,41
2993,Argentina,Argentina Regional Cup,Instituto de Parana,CA Social San Benito,0-1,51,0-2,2,2,Vantaggio ospite,1-3,2,SI,1,1,39
2994,Spain,Spain Youth League,Racing Ferrol U19,Celta Vigo U19,0-1,64,0-1,1,1,Vantaggio ospite,0-3,2,SI,0,2,26
2995,Saudi Arabia,Saudi Arabia Division 1,Al Hazm,Al Adalh,0-1,58,0-2,2,2,Vantaggio ospite,1-4,3,SI,1,2,32
2996,Chile,Chile Primera Division,Cobresal,Universidad de Concepcion,1-0,58,1-1,2,0,Pareggio,3-1,2,SI,2,0,32
2997,Wales,Wales Premier League,Cefn Druids,Caernarfon,0-2,57,0-2,2,2,Vantaggio ospite,1-2,1,SI,1,0,33
2998,Japan,Japan J3-League,YSCC,Kagoshima United,0-0,61,0-1,1,1,Vantaggio ospite,0-1,0,NO,0,0,29
2999,Russia,Russia Youth Championship,Zenit St Petersburg U19,FC Ufa U19,1-0,58,3-0,3,3,Vantaggio casa,4-0,1,SI,1,0,32
3000,Hungary,Hungary U19 1st Division,Nyiregyhaza Spartacus U19,Budapest Honved U19,0-1,61,0-3,3,3,Vantaggio ospite,0-5,2,SI,0,2,29
3001,Palestine,Palestine Division 1,Shabab Alobaideya,Hillal Areeha,3-0,60,3-0,3,3,Vantaggio casa,3-0,0,NO,0,0,30
3002,Zambia,Zambia Super League,Prison Leopards FC,Lusaka Dynamos,2-0,56,2-0,2,2,Vantaggio casa,4-2,4,SI,2,2,34
3003,Europa (amichevoli),Europe Friendlies,Flota Swinoujscie,Pogon Szczecin II,1-1,59,1-1,2,0,Pareggio,1-2,1,SI,0,1,31
3004,Switzerland,Switzerland Super League,FC Zurich,St Gallen,1-2,64,1-2,3,1,Vantaggio ospite,1-2,0,NO,0,0,26
3005,Argentina,Argentina Torneo A,Juventud Unida G.,Union Sunchales,0-1,50,0-1,1,1,Vantaggio ospite,2-2,3,SI,2,1,40
3006,Peru,Peru Primera Division,Sporting Cristal,Ayacucho FC,2-0,54,2-0,2,2,Vantaggio casa,2-1,1,SI,0,1,36
3007,Bolivia,Bolivia Apertura,Blooming,Jorge Wilstermann,2-0,63,2-0,2,2,Vantaggio casa,2-1,1,SI,0,1,27
3008,AFC,AFC Champions League,Ulsan Hyundai,Beijing Guoan,2-0,58,2-0,2,2,Vantaggio casa,2-0,0,NO,0,0,32
3009,Chile,Chile Primera B,Santiago Morning,Puerto Montt,0-0,57,1-0,1,1,Vantaggio casa,1-2,2,SI,0,2,33
3010,Georgia,Georgia Erovnuli Liga,Lokomotiv Tbilisi,Dila Gori,0-1,61,1-2,3,1,Vantaggio ospite,1-2,0,NO,0,0,29
3011,Bulgaria,Bulgaria First League,Botev Vratsa,Slavia Sofia,0-1,65,1-2,3,1,Vantaggio ospite,1-2,0,NO,0,0,25
3012,Chile,Chile Primera Division,Everton de Vina,Curico Unido,1-0,64,2-0,2,2,Vantaggio casa,3-1,2,SI,1,1,26
3013,Australia,Australia South Australia Premier League,Adelaide Comets,Campbelltown City,0-2,65,0-3,3,3,Vantaggio ospite,1-3,1,SI,1,0,25
3014,Israel,Israel Liga Bet North,Ironi Nesher,MS Tirat HaCarmel,0-0,60,0-1,1,1,Vantaggio ospite,1-1,1,SI,1,0,30
3015,Croatia,Croatia 2.HNL,NK Sesvete,Inter Zapresic,0-1,61,2-1,3,1,Vantaggio casa,2-1,0,NO,0,0,29
3016,Tanzania,Tanzania Premier League,Mtibwa Sugar,KMC FC,1-0,56,1-0,1,1,Vantaggio casa,1-0,0,NO,0,0,34
3017,Russia,Russia Premier League,FK Khimki,Arsenal Tula,1-0,60,1-0,1,1,Vantaggio casa,1-0,0,NO,0,0,30
3018,Peru,Peru Segunda,Pirata FC,Santos FC,1-0,54,1-0,1,1,Vantaggio casa,1-1,1,SI,0,1,36
3019,Netherlands,Netherlands Eerste Divisie,FC Utrecht Reserves,Excelsior,2-0,65,3-0,3,3,Vantaggio casa,3-2,2,SI,0,2,25
3020,Argentina,Argentina Primera B Metropolitana,CA San Telmo,Fenix,2-1,57,2-1,3,1,Vantaggio casa,2-1,0,NO,0,0,33
3021,Venezuela,Venezuela Primera Division,Caracas,Portuguesa FC,1-0,58,1-0,1,1,Vantaggio casa,2-0,1,SI,1,0,32
3022,Bolivia,Bolivia Apertura,Royal Pari FC,Nacional Potosi,2-0,55,2-0,2,2,Vantaggio casa,4-1,3,SI,2,1,35
3023,Venezuela,Venezuela Primera Division,Gran Valencia,Deportivo Tachira,0-2,58,0-2,2,2,Vantaggio ospite,0-3,1,SI,0,1,32
3024,Israel,Israel Youth League,Ironi Modiin U19,Hapoel Ashkelon U19,1-0,52,1-1,2,0,Pareggio,3-2,3,SI,2,1,38
3025,Denmark,Denmark Division 1,Silkeborg IF,FC Fredericia,1-0,63,1-0,1,1,Vantaggio casa,2-0,1,SI,1,0,27
3026,Poland,Poland II Liga,Motor Lublin,MKP Pogon Siedlce,1-0,59,2-0,2,2,Vantaggio casa,3-3,4,SI,1,3,31
3027,Spain,Spain Youth League,Dos Hermanas U19,Almeria U19,0-0,56,0-1,1,1,Vantaggio ospite,0-2,1,SI,0,1,34
3028,Germany,Germany Regionalliga West,Alemannia Aachen,Bonner SC,0-0,60,1-0,1,1,Vantaggio casa,3-1,3,SI,2,1,30
3029,Uganda,Uganda Premier League,URA,SC Villa,1-1,61,1-1,2,0,Pareggio,2-1,1,SI,1,0,29
3030,Croatia,Croatia 1.HNL,HNK Gorica,NK Osijek,1-0,63,2-1,3,1,Vantaggio casa,4-1,2,SI,2,0,27
3031,Czech Republic,Czech Republic First League,FK Teplice,Sigma Olomouc,0-1,57,1-1,2,0,Pareggio,1-1,0,NO,0,0,33
3032,England,England League 1,Bristol Rovers,Plymouth,2-0,58,2-0,2,2,Vantaggio casa,3-0,1,SI,1,0,32
3033,Egypt,Egypt Division 1,Pyramids FC,Al Ittihad Al Sakandary,1-1,58,1-1,2,0,Pareggio,1-2,1,SI,0,1,32
3034,Austria,Austria Bundesliga,SV Ried,SCR Altach,1-1,64,1-1,2,0,Pareggio,1-4,3,SI,0,3,26
3035,Czech Republic,Czech Republic First League,FK Jablonec,Viktoria Plzen,0-2,61,1-2,3,1,Vantaggio ospite,3-2,2,SI,2,0,29
3036,France,France Ligue 2,Chateauroux,Toulouse,0-1,61,0-1,1,1,Vantaggio ospite,0-3,2,SI,0,2,29
3037,Bolivia,Bolivia Nacional B,Fancesa,CD Torre Fuerte,1-1,48,1-1,2,0,Pareggio,4-2,4,SI,3,1,42
3038,Venezuela,Venezuela Primera Division,Estudiantes Merida,Academia Puerto Cabello,1-1,53,1-1,2,0,Pareggio,1-2,1,SI,0,1,37
3039,Japan,Japan J2-League,Omiya Ardija,Renofa Yamaguchi,2-0,63,3-0,3,3,Vantaggio casa,3-1,1,SI,0,1,27
3040,Italy,Italy Serie A,Cagliari,Inter Milan,1-0,54,1-0,1,1,Vantaggio casa,1-3,3,SI,0,3,36
3041,Slovakia,Slovakia Super Liga,Spartak Trnava,Slovan Bratislava,0-2,61,0-2,2,2,Vantaggio ospite,0-3,1,SI,0,1,29
3042,Slovenia,Slovenia Prva Liga,NS Mura,NK Domzale,1-0,62,1-0,1,1,Vantaggio casa,1-1,1,SI,0,1,28
3043,Croatia,Croatia 1.HNL,HNK Rijeka,Dinamo Zagreb,2-1,64,2-1,3,1,Vantaggio casa,2-2,1,SI,0,1,26
3044,Brazil,Brazil Serie D,AE Altos,Rio Branco AC,1-1,62,1-1,2,0,Pareggio,3-1,2,SI,2,0,28
3045,Argentina,Argentina Torneo A,Sportivo Las Parejas,CA Guemes,0-2,57,0-3,3,3,Vantaggio ospite,2-4,3,SI,2,1,33
3046,Ethiopia,Ethiopia Premier League,Bahir Dar Kenema FC,Sidama Bunna,2-0,54,3-0,3,3,Vantaggio casa,3-1,1,SI,0,1,36
3047,Croatia,Croatia 2.HNL,Dinamo Zagreb II,NK Croatia Zmijavci,1-0,61,1-1,2,0,Pareggio,1-2,1,SI,0,1,29
3048,Malta,Malta Premier League,Valletta,Zejtun Corinthians,0-0,60,1-1,2,0,Pareggio,2-1,1,SI,1,0,30
3049,England,England Premier League 2,Everton U23,West Ham U23,2-1,60,2-1,3,1,Vantaggio casa,2-1,0,NO,0,0,30
3050,Malta,Malta Premier League,St Lucia,Senglea Athletic,0-1,63,2-1,3,1,Vantaggio casa,4-1,2,SI,2,0,27
3051,Portugal,Portugal Cup,Olimpico Montijo,Braga,0-2,54,0-2,2,2,Vantaggio ospite,0-7,5,SI,0,5,36
3052,Uganda,Uganda Premier League,Uganda Police FC,Busoga United FC,2-0,52,2-0,2,2,Vantaggio casa,3-0,1,SI,1,0,38
3053,Chile,Chile Primera B,Magallanes,Deportes Valdivia,0-0,62,1-1,2,0,Pareggio,1-1,0,NO,0,0,28
3054,Portugal,Portugal Campeonato Nacional,Real Sport Clube Queluz,Belenenses B,1-1,57,1-1,2,0,Pareggio,2-1,1,SI,1,0,33
3055,Belgium,Belgium First Division A,Cercle Brugge,Charleroi,2-0,63,2-1,3,1,Vantaggio casa,3-4,4,SI,1,3,27
3056,Spain,Spain Copa del Rey,Ciudad Lucena,Sevilla,0-3,64,0-3,3,3,Vantaggio ospite,0-3,0,NO,0,0,26
3057,Brazil,Brazil Serie B,Cruzeiro,CSA,0-1,61,1-1,2,0,Pareggio,1-1,0,NO,0,0,29
3058,Israel,Israel Liga Alef South,FC Ironi Or Yehuda,Hapoel Azor,2-0,61,3-0,3,3,Vantaggio casa,3-2,2,SI,0,2,29
3059,United Arab Emirates,UAE Premier League,Al Nasr SC,Al Ain SCC,0-1,58,0-2,2,2,Vantaggio ospite,1-2,1,SI,1,0,32
3060,Netherlands,Netherlands Eerste Divisie,NAC,FC Volendam,0-0,56,1-0,1,1,Vantaggio casa,3-0,2,SI,2,0,34
3061,Switzerland,Switzerland Challenge League,Stade Lausanne-Ouchy,Neuchatel Xamax,0-0,64,1-0,1,1,Vantaggio casa,1-0,0,NO,0,0,26
3062,Brazil,Brazil Copa Nordeste U20,Sport Recife U20,Fortaleza U20,1-1,65,1-1,2,0,Pareggio,1-1,0,NO,0,0,25
3063,Romania,Romania Liga I,CS U Craiova,FCSB,0-1,61,0-2,2,2,Vantaggio ospite,0-2,0,NO,0,0,29
3064,Japan,Japan J-League,Sagan Tosu,Oita,0-1,64,1-1,2,0,Pareggio,2-2,2,SI,1,1,26
3065,Algeria,Algeria Youth League,CR Belouizdad U21,NA Hussein Dey U21,2-0,64,2-0,2,2,Vantaggio casa,2-0,0,NO,0,0,26
3066,Algeria,Algeria Youth League,AS Ain M'lila U21,JSM Skikda U21,0-1,63,1-2,3,1,Vantaggio ospite,1-2,0,NO,0,0,27
3067,Thailand,Thailand Division 2,Royal Thai Navy,Nong Bua Pitchaya,0-1,65,0-1,1,1,Vantaggio ospite,0-1,0,NO,0,0,25
3068,Italy,Italy Serie C Group B,Cesena,Sambenedettese,1-0,64,1-0,1,1,Vantaggio casa,2-1,2,SI,1,1,26
3069,Denmark,Denmark Division 1,FC Fredericia,HB Køge,0-1,60,0-1,1,1,Vantaggio ospite,1-1,1,SI,1,0,30
3070,Italy,Italy Serie C Group B,Ravenna,Imolese,2-0,52,3-0,3,3,Vantaggio casa,3-2,2,SI,0,2,38
3071,India,India Super League,FC Goa,Chennaiyin FC,1-1,51,1-1,2,0,Pareggio,1-2,1,SI,0,1,39
3072,Germany,Germany Bundesliga I,Augsburg,Eintracht Frankfurt,0-0,54,0-1,1,1,Vantaggio ospite,0-2,1,SI,0,1,36
3073,England,England Championship,Wycombe,QPR,0-1,61,0-1,1,1,Vantaggio ospite,1-1,1,SI,1,0,29
3074,England,England FA Trophy,Darlington,AFC Telford,1-1,51,1-1,2,0,Pareggio,2-2,2,SI,1,1,39
3075,Jordan,Jordan League,Al Sareeh,Al Faisaly Amman,1-1,51,1-1,2,0,Pareggio,1-1,0,NO,0,0,39
3076,Argentina,Argentina Regional Cup,Centro Don Bosco,Camioneros Entre Ríos,2-1,55,2-1,3,1,Vantaggio casa,2-1,0,NO,0,0,35
3077,Spain,Spain Youth League,Espanyol U19,Barcelona U19,1-0,65,2-0,2,2,Vantaggio casa,2-1,1,SI,0,1,25
3078,Peru,Peru Segunda,Union Huaral,Juan Aurich,1-1,63,1-1,2,0,Pareggio,2-2,2,SI,1,1,27
3079,Ethiopia,Ethiopia Premier League,Jimma Aba Jifar,Fasil Kenema,0-2,61,0-2,2,2,Vantaggio ospite,1-4,3,SI,1,2,29
3080,Israel,Israel Liga Bet South,Roei Heshbon Tel Aviv,Hapoel Qalansawe,1-0,61,1-0,1,1,Vantaggio casa,1-1,1,SI,0,1,29
3081,Bolivia,Bolivia Apertura,Blooming,Guabira,1-1,54,1-1,2,0,Pareggio,1-2,1,SI,0,1,36
3082,Israel,Israel Youth League,SC Haifa Robi Shapira U19,Hapoel Akko U19,1-1,63,1-2,3,1,Vantaggio ospite,1-2,0,NO,0,0,27
3083,Israel,Israel Youth League,AS Ramat Elyahu U19,Sektzia Nes Tziona U19,0-3,48,0-3,3,3,Vantaggio ospite,1-5,3,SI,1,2,42
3084,Thailand,Thailand Premier League,Bangkok United,Muang Thong United,0-0,61,1-1,2,0,Pareggio,2-2,2,SI,1,1,29
3085,Mauritania,Mauritania Division 1,AS Garde Nationale,Nouakchott Kings,0-1,64,0-2,2,2,Vantaggio ospite,1-2,1,SI,1,0,26
3086,England,England Premier League,Aston Villa,Crystal Palace,1-0,49,1-0,1,1,Vantaggio casa,3-0,2,SI,2,0,41
3087,England,England League 2,Oldham,Harrogate Town,1-1,59,1-1,2,0,Pareggio,1-2,1,SI,0,1,31
3088,Brazil,Brazil Serie B,Figueirense,Avai,2-0,59,2-0,2,2,Vantaggio casa,2-0,0,NO,0,0,31
3089,Argentina,Argentina Regional Cup,CA Belgrano Parana,CD Argentino Juniors,2-1,52,2-1,3,1,Vantaggio casa,3-1,1,SI,1,0,38
3090,Algeria,Algeria Youth League,AS Ain M'lila U21,CA Bordj Bou Arreridj U21,1-0,65,1-1,2,0,Pareggio,2-1,1,SI,1,0,25
3091,Spain,Spain Youth League,Cultural Leonesa U19,Atletico de Pinto U19,2-0,57,2-1,3,1,Vantaggio casa,5-2,4,SI,3,1,33
3092,Mauritania,Mauritania Division 1,ACS Ksar,FC Tevragh Zeina,0-3,47,0-3,3,3,Vantaggio ospite,0-4,1,SI,0,1,43
3093,Belgium,Belgium First Division A,KV Mechelen,Royal Excel Mouscron,1-0,60,1-0,1,1,Vantaggio casa,2-1,2,SI,1,1,30
3094,Chile,Chile Primera B,Santiago Morning,Deportes Copiapo,2-0,56,2-1,3,1,Vantaggio casa,2-1,0,NO,0,0,34
3095,England,England National League North,Darlington,Blyth Spartans,3-0,61,3-0,3,3,Vantaggio casa,6-0,3,SI,3,0,29
3096,Argentina,Argentina Primera C Metropolitana,Victoriano Arenas,San Martin De Burzaco,1-1,47,1-2,3,1,Vantaggio ospite,1-2,0,NO,0,0,43
3097,Brazil,Brazil Serie B,Chapecoense,Parana,2-0,60,2-0,2,2,Vantaggio casa,2-0,0,NO,0,0,30
3098,Palestine,Palestine West Bank League,Hillal Areeha,Markaz Askar,0-1,46,0-1,1,1,Vantaggio ospite,1-3,3,SI,1,2,44
3099,Jordan,Jordan League,Ramtha SC,Al-Hussein SC,1-0,62,1-0,1,1,Vantaggio casa,2-1,2,SI,1,1,28
3100,England,England League 2,Barrow,Tranmere,0-1,62,0-1,1,1,Vantaggio ospite,1-1,1,SI,1,0,28
3101,Bangladesh,Bangladesh Federation Cup,Sheikh Jamal,Sheikh Russel KC,0-2,55,1-2,3,1,Vantaggio ospite,2-3,2,SI,1,1,35
3102,United Arab Emirates,UAE Premier League,Al Ain SCC,Al Jazira SC,2-0,63,2-1,3,1,Vantaggio casa,2-2,1,SI,0,1,27
3103,Ethiopia,Ethiopia Premier League,Ethiopia Bunna,Sebeta City,1-1,62,2-1,3,1,Vantaggio casa,3-2,2,SI,1,1,28
3104,Tanzania,Tanzania Premier League,JKT Tanzania,Kagera Sugar,0-0,55,1-0,1,1,Vantaggio casa,1-0,0,NO,0,0,35
3105,England,England Premier League,Man Utd,Aston Villa,1-0,65,2-1,3,1,Vantaggio casa,2-1,0,NO,0,0,25
3106,Thailand,Thailand Division 3,Yasothon FC,Nakhonratchasima United FC,1-0,63,2-0,2,2,Vantaggio casa,2-0,0,NO,0,0,27
3107,Mauritania,Mauritania Division 1,AS Police,ASC Kedia,0-0,62,1-0,1,1,Vantaggio casa,2-0,1,SI,1,0,28
3108,England,England National League,Barnet,Boreham Wood,0-3,46,0-3,3,3,Vantaggio ospite,0-3,0,NO,0,0,44
3109,England,England Premier League,West Brom,Arsenal,0-2,61,0-3,3,3,Vantaggio ospite,0-4,1,SI,0,1,29
3110,Thailand,Thailand Division 3,Surin City FC,Mahasarakham FC,1-1,53,2-1,3,1,Vantaggio casa,2-3,2,SI,0,2,37
3111,Portugal,Portugal Campeonato Nacional,AD Sanjoanense,CF Canelas 2010,1-0,62,1-0,1,1,Vantaggio casa,2-0,1,SI,1,0,28
3112,Mauritania,Mauritania Division 1,JAHE,Medine Trarza,0-1,46,0-1,1,1,Vantaggio ospite,1-3,3,SI,1,2,44
3113,Tunisia,Tunisia League 1,Club Africain,ES Metlaoui,0-1,65,0-1,1,1,Vantaggio ospite,0-1,0,NO,0,0,25
3114,Netherlands,Netherlands Eerste Divisie,AZ Reserves,Roda JC,0-0,59,0-1,1,1,Vantaggio ospite,0-1,0,NO,0,0,31
3115,Chile,Chile Primera Division,Audax Italiano,Union Espanola,0-1,57,1-1,2,0,Pareggio,2-2,2,SI,1,1,33
3116,Jordan,Jordan Division 1,Sama Al Sarhan,Al-Baqa'a,1-0,63,2-1,3,1,Vantaggio casa,2-4,3,SI,0,3,27
3117,Europa (amichevoli),Europe Friendlies,Mlada Boleslav,Pardubice,2-0,61,2-0,2,2,Vantaggio casa,4-1,3,SI,2,1,29
3118,Liberia,Liberia Presidents Cup,Sandi FC,Jubilee FC,1-2,51,1-2,3,1,Vantaggio ospite,1-2,0,NO,0,0,39
3119,Qatar,Qatar League 2,Lusail,Al Waab FC,0-1,62,0-2,2,2,Vantaggio ospite,0-2,0,NO,0,0,28
3120,Brazil,Brazil Campeonato Potiguar 2,Visao Celeste,Alecrim,0-0,64,1-0,1,1,Vantaggio casa,1-0,0,NO,0,0,26
3121,Europa (amichevoli),Europe Friendlies,FC Fastav Zlín,FK Blansko,0-0,64,1-0,1,1,Vantaggio casa,4-1,4,SI,3,1,26
3122,Jordan,Jordan Division 1,Mansheyat,Moghayer Al Sarhan,0-2,53,0-2,2,2,Vantaggio ospite,0-4,2,SI,0,2,37
3123,Turkey,Turkey Super Lig,Genclerbirligi,Hatayspor,1-1,65,2-1,3,1,Vantaggio casa,3-1,1,SI,1,0,25
3124,Italy,Italy Serie D,Varese,Arconatese,0-0,54,0-1,1,1,Vantaggio ospite,1-2,2,SI,1,1,36
3125,Italy,Italy Serie A,Bologna,Udinese,2-1,64,2-1,3,1,Vantaggio casa,2-2,1,SI,0,1,26
3126,Portugal,Portugal Campeonato Nacional,Alcains,UD Leiria,1-2,58,1-2,3,1,Vantaggio ospite,1-4,2,SI,0,2,32
3127,Spain,Spain Primera Liga,Athletic Bilbao,Barcelona,1-2,51,1-2,3,1,Vantaggio ospite,2-3,2,SI,1,1,39
3128,Czech Republic,Czech Republic Tipsport Liga,Sparta Prague B,FK MAS Taborsko,1-0,53,2-1,3,1,Vantaggio casa,3-1,1,SI,1,0,37
3129,Bangladesh,Bangladesh Federation Cup,Bashundhara Kings,Dhaka Abahani,0-1,50,0-1,1,1,Vantaggio ospite,1-1,1,SI,1,0,40
3130,Bahrain,Bahrain Division 2,Al Tadamun Buri,Isa Town,0-1,64,0-2,2,2,Vantaggio ospite,0-2,0,NO,0,0,26
3131,Chile,Chile Primera Division,Huachipato,Union La Calera,1-1,64,2-1,3,1,Vantaggio casa,4-3,4,SI,2,2,26
3132,Chile,Chile Primera Division,Cobresal,Audax Italiano,1-1,60,1-1,2,0,Pareggio,1-2,1,SI,0,1,30
3133,South Africa,South Africa Premier,Stellenbosch FC,Black Leopards,0-1,63,1-1,2,0,Pareggio,1-1,0,NO,0,0,27
3134,England,England League 1,Charlton,Accrington Stanley,0-1,60,0-1,1,1,Vantaggio ospite,0-2,1,SI,0,1,30
3135,Netherlands,Netherlands Eerste Divisie,NAC,Roda JC,1-0,59,1-2,3,1,Vantaggio ospite,2-2,1,SI,1,0,31
3136,Kenya,Kenya Premier League,Zoo Kericho,Bandari FC,0-1,65,1-1,2,0,Pareggio,1-1,0,NO,0,0,25
3137,Europa (amichevoli),Europe Friendlies,SV Ried,SKU Amstetten,2-0,62,2-0,2,2,Vantaggio casa,2-0,0,NO,0,0,28
3138,Italy,Italy Serie B,AC Reggiana 1919,Cittadella,0-1,63,0-1,1,1,Vantaggio ospite,0-2,1,SI,0,1,27
3139,Algeria,Algeria Division 1,Olympique Medea,WA Tlemcen,1-1,46,1-1,2,0,Pareggio,2-1,1,SI,1,0,44
3140,England,England FA Cup,Bristol Rovers,Sheff Utd,1-1,43,1-1,2,0,Pareggio,2-3,3,SI,1,2,47
3141,England,England National League,Hartlepool,Wealdstone,1-0,64,3-0,3,3,Vantaggio casa,3-1,1,SI,0,1,26
3142,Belgium,Belgium First Division A,KV Oostende,Charleroi,1-1,59,2-1,3,1,Vantaggio casa,3-2,2,SI,1,1,31
3143,France,France Ligue 1,PSG,Brest,1-0,60,1-0,1,1,Vantaggio casa,3-0,2,SI,2,0,30
3144,Argentina,Argentina Copa de la Liga Profesional,Lanus,Rosario Central,2-0,63,2-0,2,2,Vantaggio casa,2-0,0,NO,0,0,27
3145,Brazil,Brazil Serie B,America MG,Vitoria,2-0,56,2-0,2,2,Vantaggio casa,4-0,2,SI,2,0,34
3146,Brazil,Brazil Serie B,Botafogo SP,Chapecoense,2-0,47,2-0,2,2,Vantaggio casa,3-0,1,SI,1,0,43
3147,Italy,Italy Serie A,Roma,Inter Milan,1-0,56,1-1,2,0,Pareggio,2-2,2,SI,1,1,34
3148,Zambia,Zambia Super League,Forest Rangers,Kitwe United,1-0,55,3-0,3,3,Vantaggio casa,4-0,1,SI,1,0,35
3149,Europa (amichevoli),Europe Friendlies,MOL Fehervar FC,SK Sturm Graz,0-2,59,0-3,3,3,Vantaggio ospite,1-3,1,SI,1,0,31
3150,Italy,Italy Serie A,Udinese,Napoli,1-1,56,1-1,2,0,Pareggio,1-2,1,SI,0,1,34
3151,Spain,Spain Segunda B Group 1,Zamora CF,Deportivo La Coruna,1-0,62,1-0,1,1,Vantaggio casa,1-0,0,NO,0,0,28
3152,England,England U23 Development League,Coventry U23,Barnsley U23,0-2,61,0-3,3,3,Vantaggio ospite,4-4,5,SI,4,1,29
3153,Syria,Syria Cup,Al Nawras,Tishreen,0-3,35,0-1,1,1,Vantaggio ospite,0-10,9,SI,0,9,55
3154,England,England U23 Development League,Bristol City U23,Colchester U23,3-0,62,3-0,3,3,Vantaggio casa,3-1,1,SI,0,1,28
3155,Chile,Chile Primera Division,O'Higgins,Deportes Iquique,1-1,62,1-1,2,0,Pareggio,2-2,2,SI,1,1,28
3156,Spain,Spain Segunda B Group 3,UE Olot,Espanyol B,0-1,62,0-1,1,1,Vantaggio ospite,1-1,1,SI,1,0,28
3157,Qatar,Qatar Stars League,Al-Sailiya SC,Al-Kharitiyath SC,1-0,58,2-0,2,2,Vantaggio casa,2-0,0,NO,0,0,32
3158,Brazil,Brazil Serie B,Brasil de Pelotas,EC Juventude,2-1,61,2-1,3,1,Vantaggio casa,2-1,0,NO,0,0,29
3159,Sudamerica,Copa Libertadores,Palmeiras,River Plate,0-2,58,0-2,2,2,Vantaggio ospite,0-2,0,NO,0,0,32
3160,Bangladesh,Bangladesh Premier League,Bashundhara Kings,Uttar Baridhara Club,1-0,56,2-0,2,2,Vantaggio casa,2-0,0,NO,0,0,34
3161,Mauritania,Mauritania Division 1,FC Sahel,AS Armee,0-0,60,1-0,1,1,Vantaggio casa,1-0,0,NO,0,0,30
3162,Gambia,Gambia Division 2,Bombada FC,Samger FC,1-0,54,3-0,3,3,Vantaggio casa,3-0,0,NO,0,0,36
3163,Gambia,Gambia Division 2,Kiang West FC,Red Hawks FC,1-1,64,1-1,2,0,Pareggio,3-1,2,SI,2,0,26
3164,Gambia,Gambia Division 2,Latrikunda Utd,Falcons FC,1-1,54,1-1,2,0,Pareggio,2-1,1,SI,1,0,36
3165,Sudamerica,Copa Sudamericana,Lanus,Velez Sarsfield,1-0,64,2-0,2,2,Vantaggio casa,3-0,1,SI,1,0,26
3166,Egypt,Egypt Division 2,El Hammam,Al Olympi,0-1,54,0-1,1,1,Vantaggio ospite,1-3,3,SI,1,2,36
3167,Gambia,Gambia Division 2,Gunjur United,Immigration FC,0-2,64,1-2,3,1,Vantaggio ospite,2-2,1,SI,1,0,26
3168,Gambia,Gambia Division 2,Jam City,SK East BI,1-1,51,1-1,2,0,Pareggio,2-1,1,SI,1,0,39
3169,Netherlands,Netherlands Eredivisie,FC Twente,Ajax,0-1,56,0-1,1,1,Vantaggio ospite,1-3,3,SI,1,2,34
3170,Burundi,Burundi Premier League,Muzinga FC,Athletico Academy,1-1,61,1-1,2,0,Pareggio,1-2,1,SI,0,1,29
3171,Netherlands,Netherlands Eerste Divisie,Helmond Sport,FC Den Bosch,3-0,59,3-0,3,3,Vantaggio casa,4-0,1,SI,1,0,31
3172,Chile,Chile Primera Division,La Serena,Union La Calera,0-1,62,0-2,2,2,Vantaggio ospite,0-3,1,SI,0,1,28
3173,Australia,Australia Friendlies,Hills United FC,Blacktown City,0-2,63,0-3,3,3,Vantaggio ospite,1-4,2,SI,1,1,27
3174,Australia,Australia A-League,Sydney FC,Western Sydney Wanderers,0-0,65,1-0,1,1,Vantaggio casa,1-1,1,SI,0,1,25
3175,Netherlands,Netherlands Eerste Divisie,Top Oss,Telstar,0-2,62,0-3,3,3,Vantaggio ospite,1-4,2,SI,1,1,28
3176,France,France Ligue 2,Troyes,Sochaux,1-0,64,1-1,2,0,Pareggio,2-1,1,SI,1,0,26
3177,Senegal,Senegal Premier League,AS Dakar Sacre Coeur,Generation Foot,1-0,65,1-0,1,1,Vantaggio casa,1-0,0,NO,0,0,25
3178,Gambia,Gambia GFA League,Marimoo,Gambia Armed Force,0-1,65,0-2,2,2,Vantaggio ospite,0-2,0,NO,0,0,25
3179,France,France Ligue 2,AC Ajaccio,Caen,1-0,56,1-0,1,1,Vantaggio casa,1-0,0,NO,0,0,34
3180,Costa Rica,Costa Rica Primera Division,Limon FC,Alajuelense,0-2,59,0-2,2,2,Vantaggio ospite,0-2,0,NO,0,0,31
3181,USA,USA UPSL,Miami United FC,Florida Soccer Soldiers,1-1,61,2-1,3,1,Vantaggio casa,2-2,1,SI,0,1,29
3182,Chile,Chile Primera B,Union San Felipe,Melipilla,0-1,65,1-1,2,0,Pareggio,1-1,0,NO,0,0,25
3183,Italy,Italy Serie C Group A,Pro Sesto,Livorno,0-1,57,1-1,2,0,Pareggio,1-1,0,NO,0,0,33
3184,Spain,Spain Copa del Rey,Navalcarnero,Eibar,1-1,63,2-1,3,1,Vantaggio casa,3-1,1,SI,1,0,27
3185,Gambia,Gambia GFA League,Brikama United,Wallidan FC,1-0,63,1-0,1,1,Vantaggio casa,1-1,1,SI,0,1,27
3186,Europa (amichevoli),Europe Friendlies,SV Kapfenberg,NK Nafta 1903,1-1,46,2-1,3,1,Vantaggio casa,4-1,2,SI,2,0,44
3187,England,England Premier League 2,Fulham U23,Reading U23,0-1,61,0-3,3,3,Vantaggio ospite,0-3,0,NO,0,0,29
3188,Bahrain,Bahrain Premier League,Al-Ahli Manama,Al-Riffa,0-2,63,1-2,3,1,Vantaggio ospite,1-3,1,SI,0,1,27
3189,England,England Premier League 2,Arsenal U23,Brighton U23,3-0,64,3-0,3,3,Vantaggio casa,5-0,2,SI,2,0,26
3190,Netherlands,Netherlands Eerste Divisie,Telstar,AZ Reserves,1-1,52,1-1,2,0,Pareggio,2-2,2,SI,1,1,38
3191,Czech Republic,Czech Republic Tipsport Liga,Sparta Prague B,Dukla Praha,0-1,61,0-3,3,3,Vantaggio ospite,1-4,2,SI,1,1,29
3192,Europa (amichevoli),Europe Friendlies,Kaapo,EIF,1-0,56,1-0,1,1,Vantaggio casa,2-1,2,SI,1,1,34
3193,Greece,Greece Super League 1,Apollon Smyrnis,Aris Salonika,0-1,53,0-1,1,1,Vantaggio ospite,0-1,0,NO,0,0,37
3194,Gambia,Gambia GFA League,Gamtel FC,Real de Banjul,0-0,65,0-1,1,1,Vantaggio ospite,0-1,0,NO,0,0,25
3195,Scotland,Scotland League Cup,St Johnstone,Hibernian,1-0,63,3-0,3,3,Vantaggio casa,3-0,0,NO,0,0,27
3196,Belgium,Belgium First Division A,KV Kortrijk,Cercle Brugge,1-2,59,1-2,3,1,Vantaggio ospite,1-2,0,NO,0,0,31
3197,Brazil,Brazil Serie B,Avai,Guarani SP,1-0,37,1-0,1,1,Vantaggio casa,2-1,2,SI,1,1,53
3198,Netherlands,Netherlands Eerste Divisie,FC Volendam,De Graafschap,0-1,57,0-3,3,3,Vantaggio ospite,1-4,2,SI,1,1,33
3199,Netherlands,Netherlands Eredivisie,Fortuna Sittard,Ajax,0-1,52,1-1,2,0,Pareggio,1-2,1,SI,0,1,38
3200,Germany,Germany Bundesliga II,Darmstadt,Holstein Kiel,0-1,56,0-2,2,2,Vantaggio ospite,0-2,0,NO,0,0,34
3201,Germany,Germany Bundesliga I,Schalke,Bayern Munich,0-1,51,0-1,1,1,Vantaggio ospite,0-4,3,SI,0,3,39
3202,Nigeria,Nigeria Premier League,Dakkada FC,Sunshine Stars FC,0-1,62,0-1,1,1,Vantaggio ospite,1-2,2,SI,1,1,28
3203,Ghana,Ghana Premier League,Dreams FC,Liberty Professionals,2-1,53,2-1,3,1,Vantaggio casa,4-1,2,SI,2,0,37
3204,Ghana,Ghana Premier League,Ebusua Dwarfs,WAFA,0-1,65,1-1,2,0,Pareggio,1-1,0,NO,0,0,25
3205,Netherlands,Netherlands Eerste Divisie,Roda JC,FC Utrecht Reserves,1-1,60,2-1,3,1,Vantaggio casa,2-1,0,NO,0,0,30
3206,Belgium,Belgium First Division A,OH Leuven,Gent,0-1,55,0-3,3,3,Vantaggio ospite,0-3,0,NO,0,0,35
3207,Argentina,Argentina Torneo Regional Amateur,Velez de San Ramon,CA Americo Tesorieri,1-1,56,2-1,3,1,Vantaggio casa,3-2,2,SI,1,1,34
3208,Chile,Chile Primera Division,Universidad de Chile,Deportes Iquique,1-0,56,1-0,1,1,Vantaggio casa,2-2,3,SI,1,2,34
3209,Ethiopia,Ethiopia Premier League,Adama City,Dire Dawa,0-2,64,0-3,3,3,Vantaggio ospite,0-3,0,NO,0,0,26
3210,Turkey,Turkey 1 Lig,Altinordu,Menemenspor,0-0,63,1-2,3,1,Vantaggio ospite,2-4,3,SI,1,2,27
3211,France,France Ligue 2,Sochaux,Toulouse,0-0,61,0-1,1,1,Vantaggio ospite,0-1,0,NO,0,0,29
3212,Mexico,Mexico Liga MX Femenil,Leon Women,Necaxa Women,0-0,63,1-0,1,1,Vantaggio casa,2-1,2,SI,1,1,27
3213,Vietnam,Vietnam U19 Championship,Dong Nai U19,Sai Gon U19,0-2,62,0-2,2,2,Vantaggio ospite,0-3,1,SI,0,1,28
3214,Australia,Australia A-League,Melbourne Victory,Perth Glory,0-0,63,0-1,1,1,Vantaggio ospite,2-1,2,SI,2,0,27
3215,Czech Republic,Czech Republic Tipsport Liga,MFK Skalica,AS Trencin,0-0,64,0-3,3,3,Vantaggio ospite,0-3,0,NO,0,0,26
3216,Mexico,Mexico Liga de Expansion,Cimarrones de Sonora FC,Club Celaya,1-0,63,1-1,2,0,Pareggio,2-2,2,SI,1,1,27
3217,Italy,Italy Campionato Primavera 1,Ascoli U19,Juventus U19,1-1,58,1-2,3,1,Vantaggio ospite,1-3,1,SI,0,1,32
3218,Jordan,Jordan Division 1,Al-Arabi Irbid,Sama Al Sarhan,1-1,61,1-1,2,0,Pareggio,1-2,1,SI,0,1,29
3219,Europa (amichevoli),Europe Friendlies,MSK Zilina,FK Zeleziarne Podbrezova,3-0,55,3-0,3,3,Vantaggio casa,7-2,6,SI,4,2,35
3220,Italy,Italy Serie D,Arconatese,Borgosesia,1-0,58,1-1,2,0,Pareggio,2-1,1,SI,1,0,32
3221,Italy,Italy Serie C Group C,Juve Stabia,Casertana,0-1,57,0-1,1,1,Vantaggio ospite,0-2,1,SI,0,1,33
3222,Senegal,Senegal Premier League,ASC Jaraaf,Mbour Petite Cote,1-0,65,1-0,1,1,Vantaggio casa,1-0,0,NO,0,0,25
3223,Belgium,Belgium First Division A,Charleroi,OH Leuven,0-1,62,1-1,2,0,Pareggio,1-1,0,NO,0,0,28
3224,Mauritania,Mauritania Division 1,ASAC Concorde,AS Garde Nationale,0-1,65,1-1,2,0,Pareggio,1-1,0,NO,0,0,25
3225,Australia,Australia Friendlies,Rockdale City Suns U20,Wollongong Wolves U20,0-0,61,0-1,1,1,Vantaggio ospite,2-1,2,SI,2,0,29
3226,Finland,Finland Kakkosen Cup,TPV,I-Kissat,1-1,51,1-1,2,0,Pareggio,2-2,2,SI,1,1,39
3227,Europa (amichevoli),Europe Friendlies,Polonia Bytom,GKS Katowice,0-1,56,0-1,1,1,Vantaggio ospite,1-3,3,SI,1,2,34
3228,Italy,Italy Campionato Primavera 1,Juventus U19,Lazio U19,2-0,62,2-0,2,2,Vantaggio casa,2-0,0,NO,0,0,28
3229,Europa (amichevoli),Europe Friendlies,Botev Plovdiv,Beroe,2-1,64,2-1,3,1,Vantaggio casa,2-1,0,NO,0,0,26
3230,Kenya,Kenya Premier League,Vihiga United,Sofapaka FC,1-1,61,1-1,2,0,Pareggio,1-1,0,NO,0,0,29
3231,Tunisia,Tunisia League 2,Jendouba Sport,CS Korba,1-1,65,1-1,2,0,Pareggio,1-1,0,NO,0,0,25
3232,Zambia,Zambia Super League,ZESCO United,Lusaka Dynamos,2-0,49,2-0,2,2,Vantaggio casa,2-0,0,NO,0,0,41
3233,Mauritania,Mauritania Division 1,JAHE,FC Inter Nouakchott,2-1,47,2-1,3,1,Vantaggio casa,3-3,3,SI,1,2,43
3234,Croatia,Croatia 1.HNL,NK Osijek,Istra 1961,1-0,64,1-0,1,1,Vantaggio casa,1-0,0,NO,0,0,26
3235,Mauritania,Mauritania Division 1,FC Sahel,ACS Ksar,0-1,60,0-1,1,1,Vantaggio ospite,0-2,1,SI,0,1,30
3236,Portugal,Portugal Segunda Liga,UD Oliveirense,Vizela,0-1,64,0-3,3,3,Vantaggio ospite,0-3,0,NO,0,0,26
3237,Belgium,Belgium First Division A,Eupen,Royal Excel Mouscron,1-0,64,1-0,1,1,Vantaggio casa,1-1,1,SI,0,1,26
3238,Czech Republic,Czech Republic First League,Sparta Prague,Bohemians 1905,0-1,60,0-1,1,1,Vantaggio ospite,0-1,0,NO,0,0,30
3239,Palestine,Palestine Division 1,Al Karmil,Islami Kalkelea,0-0,64,0-1,1,1,Vantaggio ospite,0-2,1,SI,0,1,26
3240,Italy,Italy Serie D,Prato,Bagnolese,1-0,57,1-0,1,1,Vantaggio casa,2-1,2,SI,1,1,33
3241,Italy,Italy Serie C Group B,AC Feralpisalo,Matelica,1-0,38,1-0,1,1,Vantaggio casa,2-1,2,SI,1,1,52
3242,Ghana,Ghana Premier League,Elmina Sharks,Dreams FC,2-1,63,2-1,3,1,Vantaggio casa,2-2,1,SI,0,1,27
3243,Czech Republic,Czech Republic First League,Banik Ostrava,Viktoria Plzen,0-0,65,0-1,1,1,Vantaggio ospite,0-2,1,SI,0,1,25
3244,Portugal,Portugal Segunda Liga,FC Porto B,Varzim,0-1,65,0-1,1,1,Vantaggio ospite,0-1,0,NO,0,0,25
3245,Spain,Spain Youth League,Arenas Club de Getxo U19,Leioa U19,2-1,59,2-1,3,1,Vantaggio casa,2-2,1,SI,0,1,31
3246,Palestine,Palestine Division 1,Shabab Beit Fajjar,Alarabi Beit Safafa,1-0,65,1-1,2,0,Pareggio,1-1,0,NO,0,0,25
3247,Gambia,Gambia GFA League,Elite United,Gambia Ports Authority,1-0,62,1-1,2,0,Pareggio,1-1,0,NO,0,0,28
3248,Turkey,Turkey Super Lig,Besiktas,Trabzonspor,1-1,47,1-1,2,0,Pareggio,1-2,1,SI,0,1,43
3249,Gambia,Gambia GFA League,Gamtel FC,Marimoo,0-0,62,1-0,1,1,Vantaggio casa,2-1,2,SI,1,1,28
3250,Hungary,Hungary NB II,Gyor Eto FC,Pecsi MFC,2-0,59,2-1,3,1,Vantaggio casa,2-1,0,NO,0,0,31
3251,Belgium,Belgium First Division B,Westerlo,Lierse Kempenzonen,2-0,63,2-0,2,2,Vantaggio casa,2-0,0,NO,0,0,27
3252,Argentina,Argentina Torneo Regional Amateur,Club Sportivo Urquiza,Malvinas de Federal,1-0,62,1-0,1,1,Vantaggio casa,1-0,0,NO,0,0,28
3253,Argentina,Argentina Torneo Regional Amateur,Racing de Cordoba,DYC Union Oncativo,2-0,48,2-0,2,2,Vantaggio casa,3-1,2,SI,1,1,42
3254,Argentina,Argentina Torneo Regional Amateur,Juventud de Pergamino,Regatas de San Nicolas,2-0,47,2-1,3,1,Vantaggio casa,3-2,2,SI,1,1,43
3255,Thailand,Thailand Division 3,Nonthaburi United,Bangkok FC,1-2,62,1-2,3,1,Vantaggio ospite,2-6,5,SI,1,4,28
3256,Romania,Romania Liga I,CSM Politehnica Iasi,CS U Craiova,0-2,52,0-2,2,2,Vantaggio ospite,0-3,1,SI,0,1,38
3257,Belgium,Belgium Cup,Lommel,KV Kortrijk,0-1,60,0-1,1,1,Vantaggio ospite,1-3,3,SI,1,2,30
3258,Australia,Australia Friendlies,Mt Druitt Town Rangers,SD Raiders,0-0,65,1-0,1,1,Vantaggio casa,2-0,1,SI,1,0,25
3259,Europa (amichevoli),Europe Friendlies,Arka Gdynia,Chojniczanka Chojnice,3-0,59,3-0,3,3,Vantaggio casa,4-0,1,SI,1,0,31
3260,India,India Super League,Kerala Blasters,Mumbai City FC,1-0,53,1-1,2,0,Pareggio,1-2,1,SI,0,1,37
3261,Gambia,Gambia Division 2,PSV Wellingara,Kiang West FC,1-1,61,1-1,2,0,Pareggio,2-1,1,SI,1,0,29
3262,Europa (amichevoli),Europe Friendlies,KKS Kalisz,MKS Kluczbork,0-0,64,0-1,1,1,Vantaggio ospite,3-1,3,SI,3,0,26
3263,Switzerland,Switzerland Super League,FC Zurich,Young Boys,0-3,58,0-3,3,3,Vantaggio ospite,1-4,2,SI,1,1,32
3264,Belgium,Belgium Cup,Seraing United,Standard Liege,0-2,57,0-2,2,2,Vantaggio ospite,1-4,3,SI,1,2,33
3265,France,France Ligue 1,Dijon,Lyon,0-1,58,0-1,1,1,Vantaggio ospite,0-1,0,NO,0,0,32
3266,Spain,Spain Copa del Rey,Granada,Barcelona,1-0,56,2-0,2,2,Vantaggio casa,2-2,2,SI,0,2,34
3267,Tanzania,Tanzania Premier League,Dodoma Jiji FC,Simba Sports Club,1-1,57,1-1,2,0,Pareggio,1-2,1,SI,0,1,33
3268,Uruguay,Uruguay Clausura,CA River Plate,Danubio,0-3,64,0-3,3,3,Vantaggio ospite,0-4,1,SI,0,1,26
3269,Gambia,Gambia Division 2,Red Hawks FC,Gunjur United,2-1,47,2-1,3,1,Vantaggio casa,3-3,3,SI,1,2,43
3270,Iceland,Iceland U19 Cup,Fram/Úlfarnir U19,IR/Lettir U19,1-1,48,2-1,3,1,Vantaggio casa,5-2,4,SI,3,1,42
3271,Germany,Germany Bundesliga I,Hertha Berlin,Bayern Munich,0-1,59,0-1,1,1,Vantaggio ospite,0-1,0,NO,0,0,31
3272,New Zealand,New Zealand Football Championship,Wellington Phoenix Reserves,Hamilton Wanderers AFC,1-0,64,1-1,2,0,Pareggio,1-2,1,SI,0,1,26
3273,Australia,Australia Friendlies,Heidelberg Utd,Kingston City,1-1,61,2-1,3,1,Vantaggio casa,4-1,2,SI,2,0,29
3274,Thailand,Thailand Division 3,Pluak Daeng United,Lamphun Warrior FC,0-2,58,0-2,2,2,Vantaggio ospite,1-2,1,SI,1,0,32
3275,Australia,Australia Friendlies,Wynnum Wolves,Gold Coast Knights,2-0,56,2-0,2,2,Vantaggio casa,3-3,4,SI,1,3,34
3276,Bangladesh,Bangladesh Premier League,Sheikh Jamal,Sheikh Russel KC,2-0,63,3-0,3,3,Vantaggio casa,4-2,3,SI,1,2,27
3277,Zambia,Zambia Super League,Young Green Eagles,ZESCO United,0-0,51,1-0,1,1,Vantaggio casa,1-0,0,NO,0,0,39
3278,Italy,Italy Campionato Primavera 1,Spal U19,Ascoli U19,1-0,61,3-0,3,3,Vantaggio casa,4-0,1,SI,1,0,29
3279,Scotland,Scotland Premiership,Ross County,Dundee Utd,0-0,65,0-1,1,1,Vantaggio ospite,0-2,1,SI,0,1,25
3280,England,England National League,Wrexham,Dag & Red,1-0,59,2-0,2,2,Vantaggio casa,2-2,2,SI,0,2,31
3281,Spain,Spain Segunda B Group 3,UE Llagostera,Lleida,1-0,59,1-0,1,1,Vantaggio casa,1-0,0,NO,0,0,31
3282,Brazil,Brazil Campeonato Carioca,Americano RJ,Friburguense,1-0,57,1-1,2,0,Pareggio,2-1,1,SI,1,0,33
3283,Costa Rica,Costa Rica Primera Division,AD Grecia,ADR Jicaral,2-0,61,2-0,2,2,Vantaggio casa,2-0,0,NO,0,0,29
3284,New Zealand,New Zealand Football Championship,Auckland City,Team Wellington,0-0,65,1-0,1,1,Vantaggio casa,3-1,3,SI,2,1,25
3285,Thailand,Thailand Premier League,Bangkok United,Samut Prakan City,0-0,50,1-0,1,1,Vantaggio casa,3-0,2,SI,2,0,40
3286,Malta,Malta Premier League,Valletta,Hibernians,1-1,52,1-2,3,1,Vantaggio ospite,1-4,2,SI,0,2,38
3287,Turkey,Turkey 1 Lig,Altinordu,Boluspor,2-1,64,2-1,3,1,Vantaggio casa,2-1,0,NO,0,0,26
3288,Hungary,Hungary NB I,Paksi,Budafoki MTE,2-0,56,3-0,3,3,Vantaggio casa,4-1,2,SI,1,1,34
3289,Italy,Italy Serie D,AC Mestre,US Adriese,2-1,64,2-1,3,1,Vantaggio casa,3-2,2,SI,1,1,26
3290,Italy,Italy Campionato Primavera 1,Empoli U19,Fiorentina U19,0-1,64,0-1,1,1,Vantaggio ospite,3-1,3,SI,3,0,26
3291,Ghana,Ghana Premier League,Karela,Asante Kotoko,0-1,54,0-1,1,1,Vantaggio ospite,0-2,1,SI,0,1,36
3292,FIFA,FIFA Club World Cup,Ulsan Hyundai,Al Duhail,0-1,63,1-1,2,0,Pareggio,1-3,2,SI,0,2,27
3293,England,England National League,York,Gateshead,0-1,64,0-1,1,1,Vantaggio ospite,0-3,2,SI,0,2,26
3294,Niger,Niger Super League,Sahel Niamey,ASN Nigelec,0-1,63,0-1,1,1,Vantaggio ospite,1-1,1,SI,1,0,27
3295,Asia (nazionali),AFF Cup,Cambodia,Brunei,1-1,64,2-1,3,1,Vantaggio casa,5-1,3,SI,3,0,26
3296,Senegal,Senegal Ligue 2,Mbour Petite Cote,ASC Port Autonome,0-1,57,1-1,2,0,Pareggio,1-1,0,NO,0,0,33
3297,Antigua & Barbuda,Antigua & Barbuda Premier Division,Tryum,SAP FC,0-2,65,0-3,3,3,Vantaggio ospite,0-3,0,NO,0,0,25
3298,Australia,Australia A-League,Central Coast Mariners,Melbourne Victory,1-1,65,2-1,3,1,Vantaggio casa,2-1,0,NO,0,0,25
3299,United Arab Emirates,UAE Division 1,Al Hamriyah,Baynounah SC,1-0,61,2-0,2,2,Vantaggio casa,3-0,1,SI,1,0,29
3300,United Arab Emirates,UAE Division 1,Al Dhaid,Gulf Heroes FC,1-1,56,1-1,2,0,Pareggio,1-1,0,NO,0,0,34
3301,England,England National League North,Spennymoor Town,Blyth Spartans,1-1,49,1-1,2,0,Pareggio,2-1,1,SI,1,0,41
3302,Israel,Israel Premier League,Maccabi Haifa,Hapoel Beer Sheva,1-0,61,2-0,2,2,Vantaggio casa,2-0,0,NO,0,0,29
3303,Saudi Arabia,Saudi Arabia Youth League,Al Shabab Riyadh U19,Jeddah Club U19,1-1,56,1-1,2,0,Pareggio,4-2,4,SI,3,1,34
3305,Brazil,Brazil Sao Paulo Youth Cup,Tanabi U20,Portuguesa Desportos U20,0-1,60,2-1,3,1,Vantaggio casa,2-1,0,NO,0,0,30
3306,Israel,Israel Cup,Maccabi Tel Aviv,Bnei Sakhnin,3-0,54,3-0,3,3,Vantaggio casa,5-0,2,SI,2,0,36
3307,Brazil,Brazil Sao Paulo Youth Cup,Mirassol U20,Uniao ABC U20,2-0,62,3-0,3,3,Vantaggio casa,3-1,1,SI,0,1,28
3308,Cameroon,Cameroon Elite Two,Dynamo de Douala,Racing de Bafoussam,0-1,61,0-1,1,1,Vantaggio ospite,1-1,1,SI,1,0,29
3309,Brazil,Brazil Sao Paulo Youth Cup,CA Juventus U20,Sao Caetano U20,1-0,48,1-0,1,1,Vantaggio casa,2-0,1,SI,1,0,42
3310,Brazil,Brazil Sao Paulo Youth Cup,America MG U20,Retro FC Brasil U20,2-1,54,2-1,3,1,Vantaggio casa,3-1,1,SI,1,0,36
3311,Brazil,Brazil Sao Paulo Youth Cup,EC Sao Bernardo U20,CSA U20,2-1,52,2-1,3,1,Vantaggio casa,3-1,1,SI,1,0,38
3312,Turkey,Turkey Super Lig,Adana Demirspor,Istanbulspor,1-0,56,3-0,3,3,Vantaggio casa,6-0,3,SI,3,0,34
3313,Brazil,Brazil Sao Paulo Youth Cup,Juventude U20,Alecrim U20,3-0,58,3-0,3,3,Vantaggio casa,5-1,3,SI,2,1,32
3314,Brazil,Brazil Sao Paulo Youth Cup,Guarani SP U20,Gremio U20,1-2,62,1-2,3,1,Vantaggio ospite,1-3,1,SI,0,1,28
3315,Brazil,Brazil Copa Nordeste,America RN,Moto Club de São Luís,3-0,62,3-0,3,3,Vantaggio casa,5-0,2,SI,2,0,28
3316,Brazil,Brazil Sao Paulo Youth Cup,Gremio Desportivo Sao Carlense U20,Pinheirense EC U20,1-0,55,1-1,2,0,Pareggio,1-4,3,SI,0,3,35
3317,Zambia,Zambia Super League,Green Buffaloes,MUZA FC,0-1,62,0-2,2,2,Vantaggio ospite,1-2,1,SI,1,0,28
3318,Brazil,Brazil Sao Paulo Youth Cup,Uniao Suzano U20,Vitoria da Conquista U20,1-0,60,2-1,3,1,Vantaggio casa,2-1,0,NO,0,0,30
3319,Brazil,Brazil Sao Paulo Youth Cup,Mirassol U20,Inter De Minas U20,1-0,61,2-0,2,2,Vantaggio casa,2-0,0,NO,0,0,29
3320,Brazil,Brazil Sao Paulo Youth Cup,America SP U20,Palmeiras U20,0-1,53,1-2,3,1,Vantaggio ospite,1-3,1,SI,0,1,37
3321,Finland,Finland Veikkausliiga,IFK Mariehamn,HJK Helsinki,0-1,63,0-1,1,1,Vantaggio ospite,0-4,3,SI,0,3,27
3322,USA,USA USL League Two,Hill Country Lobos,Laredo Heat,0-3,63,0-3,3,3,Vantaggio ospite,0-5,2,SI,0,2,27
3323,China,China Division 2,Shanxi Chongde Ronghai,Tai'an Tiankuang,2-0,52,2-0,2,2,Vantaggio casa,3-2,3,SI,1,2,38
3324,France,France Ligue 2,Dijon,St Etienne,1-1,58,2-1,3,1,Vantaggio casa,2-3,2,SI,0,2,32
3325,Iceland,Iceland Premier League,Breidablik,Stjarnan,0-2,57,0-2,2,2,Vantaggio ospite,0-2,0,NO,0,0,33
3326,India,India Mizoram Premier League,Dinthar FC,Saikhamakawn FC,0-0,60,0-2,2,2,Vantaggio ospite,0-3,1,SI,0,1,30
3327,Uganda,Uganda Premier League,NEC FC Bugolobi,Lugazi FC,0-0,61,2-0,2,2,Vantaggio casa,3-1,2,SI,1,1,29
3328,Argentina,Argentina Nacional Reserve League,CA San Miguel Reserves,Nueva Chicago Reserves,1-0,61,1-0,1,1,Vantaggio casa,1-0,0,NO,0,0,29
3329,Slovakia,Slovakia Cup,SK Tomasov,Inter Bratislava,0-0,64,0-1,1,1,Vantaggio ospite,0-1,0,NO,0,0,26
3330,Lithuania,Lithuania Cup,FK Minija,DFK Dainava,0-1,61,1-1,2,0,Pareggio,3-2,3,SI,2,1,29
3331,Israel,Israel Cup,Beitar Haifa Yakov,Hapoel Daliyat Al-Karmel,1-1,53,1-1,2,0,Pareggio,1-2,1,SI,0,1,37
3332,Portugal,Portugal U23 League,Felgueiras 1932 U23,Estoril U23,2-0,64,2-0,2,2,Vantaggio casa,2-2,2,SI,0,2,26
3333,Switzerland,Switzerland Challenge League,FC Rapperswil-Jona,Kriens,0-0,62,0-1,1,1,Vantaggio ospite,1-1,1,SI,1,0,28
3334,Brazil,Brazil Campeonato Gaucho 2,APAFUT,Brasil de Pelotas,0-1,55,0-1,1,1,Vantaggio ospite,1-1,1,SI,1,0,35
3335,England,England League 2,Accrington Stanley,Grimsby,1-2,53,1-2,3,1,Vantaggio ospite,2-2,1,SI,1,0,37
3336,Colombia,Colombia Primera B,Barranquilla FC,Boca Juniors De Cali,1-1,63,2-1,3,1,Vantaggio casa,2-1,0,NO,0,0,27
3337,Argentina,Argentina Youth League,Deportivo Metalurgico U20,Central Ballester U20,1-1,65,1-2,3,1,Vantaggio ospite,2-2,1,SI,1,0,25
3338,Uganda,Uganda Premier League,Ntugasaze FC,Maroons,0-2,51,0-3,3,3,Vantaggio ospite,1-3,1,SI,1,0,39
3339,Czech Republic,Czechia 3. Liga,MFK Vitkovice,SK Unicov,2-1,63,2-1,3,1,Vantaggio casa,3-1,1,SI,1,0,27
3340,Norway,Norway Cup,Brodd,Viking FK,1-0,64,1-2,3,1,Vantaggio ospite,1-3,1,SI,0,1,26
3341,Portugal,Portugal U23 League,Benfica U23,Academico Viseu U23,1-1,60,1-1,2,0,Pareggio,1-2,1,SI,0,1,30
3342,Poland,Poland Cup,Sokol Ostroda,Sokol Kleczew,1-1,60,1-1,2,0,Pareggio,1-2,1,SI,0,1,30
3343,Inghilterra (internazionale),Premier League International Cup,Crystal Palace U21,PSG U21,1-0,63,2-0,2,2,Vantaggio casa,2-1,1,SI,0,1,27
3344,Netherlands,Netherlands Cup,RKSV Groene Ster,VV Heerjansdam,1-1,57,1-1,2,0,Pareggio,2-1,1,SI,1,0,33
3345,Switzerland,Switzerland Super League,Grasshoppers,St Gallen,1-0,65,1-0,1,1,Vantaggio casa,2-0,1,SI,1,0,25
3346,Mozambique,Mozambique Mocambola,CD Maxaquene,Ferroviario Beira,1-0,63,1-1,2,0,Pareggio,1-2,1,SI,0,1,27
3347,Uganda,Uganda Premier League,Kataka FC,BUL FC,1-2,65,1-2,3,1,Vantaggio ospite,1-4,2,SI,0,2,25
3348,Argentina,Argentina Nacional Reserve League,CA Colegiales Reserves,Defensores de Belgrano Reserves,0-1,62,0-2,2,2,Vantaggio ospite,0-5,3,SI,0,3,28
3349,Argentina,Argentina Nacional Reserve League,Agropecuario Reserves,Temperley Reserves,1-0,52,1-1,2,0,Pareggio,3-1,2,SI,2,0,38
3350,Finland,Finland Kolmonen,HooGee,LoPa,0-1,65,1-1,2,0,Pareggio,3-1,2,SI,2,0,25
3351,Iceland,Iceland 4 Deild,Hafnir,Vaengir Jupiters,0-2,57,1-2,3,1,Vantaggio ospite,1-3,1,SI,0,1,33
3352,Japan,Japan University Championship,Toin Yokohama University,Hosei University,0-2,64,1-2,3,1,Vantaggio ospite,2-2,1,SI,1,0,26
3353,Mondo (amichevoli),World Club Friendlies,BA FC,Nadi FC,1-0,65,1-0,1,1,Vantaggio casa,1-0,0,NO,0,0,25
3354,Portugal,Portugal Campeonato Nacional,Salgueiros,AD Machico,0-1,63,1-1,2,0,Pareggio,1-1,0,NO,0,0,27
3355,England,England Development League 2,Sheff Wed U21,Wigan U21,2-0,60,3-0,3,3,Vantaggio casa,4-1,2,SI,1,1,30
3356,Finland,Finland Kakkonen Group B,NJS,MuSa,1-0,63,3-0,3,3,Vantaggio casa,4-0,1,SI,1,0,27
3357,Serbia,Serbia U19 League,Vojvodina U19,Mladost Lucani U19,0-1,58,0-1,1,1,Vantaggio ospite,3-1,3,SI,3,0,32
3358,Norway,Norway Eliteserien,Aalesund,IK Start,2-0,57,2-0,2,2,Vantaggio casa,2-0,0,NO,0,0,33
3359,Austria,Austria Regionalliga Ost,Favoritner AC,SV Leobendorf,1-0,63,1-0,1,1,Vantaggio casa,3-0,2,SI,2,0,27
3360,Belgium,Belgium Reserve League,RWDM Brussels Reserves,Hasselt Reserves,1-0,60,1-0,1,1,Vantaggio casa,2-0,1,SI,1,0,30
3361,Netherlands,Netherlands Eredivisie,Sparta Rotterdam,PEC Zwolle,1-1,62,1-1,2,0,Pareggio,2-2,2,SI,1,1,28
3362,Italy,Italy Campionato Primavera 2,Pisa U19,Perugia U19,1-2,46,1-2,3,1,Vantaggio ospite,2-3,2,SI,1,1,44
3363,Bulgaria,Bulgaria First League,Arda Kardzhali,Botev Plovdiv,0-2,64,0-3,3,3,Vantaggio ospite,2-3,2,SI,2,0,26
3364,Wales,Wales Premier League,Briton Ferry,Airbus UK,0-1,65,0-2,2,2,Vantaggio ospite,0-2,0,NO,0,0,25
3365,England,England Premier League,Ipswich,Liverpool,0-2,61,0-2,2,2,Vantaggio ospite,0-2,0,NO,0,0,29
3366,Australia,Australia NPL Victoria,Avondale,Preston Lions,2-0,62,2-0,2,2,Vantaggio casa,2-0,0,NO,0,0,28
3367,Japan,Japan Football League,FC Tiamo Hirakata,Maruyasu Okazaki,0-3,54,0-3,3,3,Vantaggio ospite,1-3,1,SI,1,0,36
3368,Australia,Australia South Australia State League 1,Modbury Jets,Adelaide Olympic,2-0,65,3-0,3,3,Vantaggio casa,6-0,3,SI,3,0,25
3369,Slovakia,Slovakia Youth League,Spartak Trnava U19,Slovan Bratislava U19,1-1,50,1-1,2,0,Pareggio,1-3,2,SI,0,2,40
3370,Cambodia,Cambodia Premier League,Phnom Penh Crown,Naga World FC,1-2,58,1-2,3,1,Vantaggio ospite,2-2,1,SI,1,0,32
3371,Thailand,Thailand Premier League,Rasi Salai United,Port FC,1-1,60,1-1,2,0,Pareggio,1-2,1,SI,0,1,30
3372,Poland,Poland IV Liga,Radunia Stezyca,Chojniczanka Chojnice II,0-0,58,1-1,2,0,Pareggio,5-2,5,SI,4,1,32
3373,Sweden,Sweden Damallsvenskan,Vittsjö GIK (W),IK Uppsala (W),1-0,60,2-0,2,2,Vantaggio casa,5-0,3,SI,3,0,30
3374,Scotland,Scotland Championship,Queen's Park,Morton,1-1,65,2-1,3,1,Vantaggio casa,2-1,0,NO,0,0,25
3375,England,England National League North,Oxford City,Chorley,2-0,64,3-0,3,3,Vantaggio casa,4-0,1,SI,1,0,26
3376,Moldova,Moldova Divizia Nationala,FC Politehnica Chisinau,Dacia Buiucani,1-0,62,1-1,2,0,Pareggio,2-1,1,SI,1,0,28
3377,England,England League 2,Crewe,York,1-1,64,1-1,2,0,Pareggio,1-1,0,NO,0,0,26
3378,England,England Championship,Portsmouth,Cardiff,1-0,59,2-0,2,2,Vantaggio casa,2-0,0,NO,0,0,31
3379,Norway,Norway Division 1,Haugesund,Sogndal,1-0,59,1-0,1,1,Vantaggio casa,2-0,1,SI,1,0,31
3380,Israel,Israel Youth League,Hapoel Kfar Saba U19,Beitar Jerusalem U19,0-0,63,1-0,1,1,Vantaggio casa,1-0,0,NO,0,0,27
3381,Spain,Spain Youth League,Merida U19,Getafe U19,0-3,59,0-3,3,3,Vantaggio ospite,0-5,2,SI,0,2,31
3382,Austria,Austria Landesliga,SC Pinkafeld,ASK Klingenbach,1-0,57,1-0,1,1,Vantaggio casa,1-0,0,NO,0,0,33
3383,Spain,Spain Youth League,CD Mosquito U19,Marbella FC U19,1-1,49,1-2,3,1,Vantaggio ospite,3-3,3,SI,2,1,41
3384,Israel,Israel Youth League,Hapoel Raanana U19,Maccabi Petah Tikva U19,0-2,55,0-2,2,2,Vantaggio ospite,0-4,2,SI,0,2,35
3385,Switzerland,Switzerland 1.Liga Promotion,Basel II,SC Bruhl,0-0,54,1-0,1,1,Vantaggio casa,3-0,2,SI,2,0,36
3386,Brazil,Brazil Campeonato Carioca U20,Volta Redonda U20,Fluminense U20,0-1,62,0-1,1,1,Vantaggio ospite,0-1,0,NO,0,0,28
3387,Serbia,Serbia Super Liga,Mladost Lucani,Radnicki Nis,1-0,60,1-0,1,1,Vantaggio casa,1-0,0,NO,0,0,30
3388,Belgium,Belgium First Division B,Genk II,Hasselt,2-0,61,3-0,3,3,Vantaggio casa,3-0,0,NO,0,0,29
3389,Chile,Chile Primera B,San Luis Quillota,Cobreloa,2-0,54,3-0,3,3,Vantaggio casa,4-2,3,SI,1,2,36
3390,Mexico,Mexico Primera Premier,Cordobes Futbol Club,Irapuato,0-2,54,0-2,2,2,Vantaggio ospite,0-3,1,SI,0,1,36
3391,Costa Rica,Costa Rica Primera Division,Alajuelense,Deportivo Saprissa,0-1,49,0-1,1,1,Vantaggio ospite,0-2,1,SI,0,1,41
3392,Cambodia,Cambodia Premier League,Kirivong Sok Sen Chey,Svay Rieng FC,0-3,59,0-3,3,3,Vantaggio ospite,0-3,0,NO,0,0,31
3393,England,England FA WSL 2,Durham (W),Southampton (W),0-0,57,0-2,2,2,Vantaggio ospite,1-3,2,SI,1,1,33
3394,China,China Super League,Yunnan Yukun,Liaoning Ironman,2-0,65,3-0,3,3,Vantaggio casa,5-0,2,SI,2,0,25
3395,Georgia,Georgia First League,Odishi 1919 Zugdidi,FC Gori,1-1,64,1-2,3,1,Vantaggio ospite,2-3,2,SI,1,1,26
3396,Sweden,Sweden 2.div Norra Svealand,Viggbyholms IK,Falu BS FK,0-2,65,0-2,2,2,Vantaggio ospite,0-2,0,NO,0,0,25
3397,Kosovo,Kosovo Superliga,KF Malisheva,KF Gjilani,1-1,64,1-1,2,0,Pareggio,3-1,2,SI,2,0,26
3398,Turkey,Türkiye Super Lig,Kasimpasa,Amed SK,1-0,64,2-1,3,1,Vantaggio casa,2-2,1,SI,0,1,26
3399,Czech Republic,Czechia 4. Liga,FK Kozlovice,SK Prostejov B,3-0,60,3-0,3,3,Vantaggio casa,4-1,2,SI,1,1,30
3400,Italy,Italy Serie D,Atletico Lodigiani,Albalonga,2-1,54,2-1,3,1,Vantaggio casa,2-3,2,SI,0,2,36
3401,Portugal,Portugal Liga 3,Atletico CP Lisbon,UD Oliveirense,2-0,61,2-1,3,1,Vantaggio casa,3-1,1,SI,1,0,29
3402,Nigeria,Nigeria Premier League,Nasarawa United,Bendel Insurance,0-0,60,1-0,1,1,Vantaggio casa,1-0,0,NO,0,0,30
3403,Finland,Finland Kakkonen Group C,FF Jaro II,VPS-J,1-1,64,1-2,3,1,Vantaggio ospite,1-4,2,SI,0,2,26
3404,Portugal,Portugal Campeonato Nacional,AD Sanjoanense,FC Alpendorada,2-1,57,2-1,3,1,Vantaggio casa,3-1,1,SI,1,0,33
3405,Bulgaria,Bulgaria First League,Lokomotiv Plovdiv,Cherno More Varna,1-0,61,1-0,1,1,Vantaggio casa,1-0,0,NO,0,0,29
3406,Turkey,Türkiye Super Lig,Trabzonspor,Genclerbirligi,3-0,57,3-0,3,3,Vantaggio casa,5-0,2,SI,2,0,33
3407,Brazil,Brazil Campeonato Gaucho 2,Passo Fundo,Brasil de Farroupilha,0-1,62,0-1,1,1,Vantaggio ospite,0-1,0,NO,0,0,28
3408,Colombia,Colombia Primera B,Boca Juniors De Cali,Envigado FC,1-2,46,1-2,3,1,Vantaggio ospite,2-2,1,SI,1,0,44
3409,Paraguay,Paraguay Division Profesional,Sportivo Luqueno,Sportivo Ameliano,0-1,59,0-2,2,2,Vantaggio ospite,1-2,1,SI,1,0,31
3410,Costa Rica,Costa Rica Primera Division,Puntarenas,Cartagines,1-1,56,1-1,2,0,Pareggio,1-3,2,SI,0,2,34
3411,Slovakia,Slovakia 2. Liga,MSK Zilina B,Slovan Bratislava B,2-0,53,2-0,2,2,Vantaggio casa,2-0,0,NO,0,0,37
3412,Bulgaria,Bulgaria Second League,Spartak Pleven,FC Hebar Pazardzhik,1-1,60,1-1,2,0,Pareggio,3-2,3,SI,2,1,30
3413,Argentina,Argentina Youth League,Chacarita Juniors U20,Almagro U20,3-0,54,3-0,3,3,Vantaggio casa,3-1,1,SI,0,1,36
3414,Netherlands,Netherlands Eerste Divisie,PSV Reserves,FC Den Bosch,0-0,63,3-0,3,3,Vantaggio casa,3-1,1,SI,0,1,27
3415,England,England U21 Premier League Cup,Luton U21,Peterborough U21,0-1,47,0-1,1,1,Vantaggio ospite,0-4,3,SI,0,3,43
3416,Italy,Italy Serie C Group C,AZ Picerno ASD,Inter Milan U23,2-0,54,2-0,2,2,Vantaggio casa,4-1,3,SI,2,1,36
3417,Honduras,Honduras Reserve League,CD Choloma Reserves,CD Platense Reserves,1-1,61,1-1,2,0,Pareggio,1-1,0,NO,0,0,29
3418,Colombia,Colombia Cup,Atletico Nacional,Deportivo Cali,1-0,62,2-0,2,2,Vantaggio casa,3-0,1,SI,1,0,28
3419,Italy,Italy Campionato Primavera 2,Palermo U19,Pescara U19,0-1,58,1-1,2,0,Pareggio,3-1,2,SI,2,0,32
3420,Paraguay,Paraguay Division Intermedia,Paraguari AC,Guairena FC,1-0,65,2-0,2,2,Vantaggio casa,3-1,2,SI,1,1,25
3421,Estonia,Estonia Meistriliiga,JK Nomme Kalju,JK Nomme United,0-2,42,0-2,2,2,Vantaggio ospite,1-2,1,SI,1,0,48
3422,Uruguay,Uruguay Reserve League,Club Atletico Progreso Reserves,La Luz Reserves,0-2,53,0-2,2,2,Vantaggio ospite,0-4,2,SI,0,2,37
3423,Argentina,Argentina Liga Profesional Reserves,Quilmes Reserves,Ferro Carril Oeste Reserves,0-0,65,1-1,2,0,Pareggio,2-1,1,SI,1,0,25
3424,Scotland,Scotland League Challenge Cup,Cowdenbeath,Kilmarnock B,0-1,56,0-1,1,1,Vantaggio ospite,1-2,2,SI,1,1,34
3425,England,England National League South,Hampton & Richmond,Farnborough,1-0,52,1-0,1,1,Vantaggio casa,2-0,1,SI,1,0,38
3426,England,England National League North,Spennymoor Town,Spalding Utd,1-0,61,1-0,1,1,Vantaggio casa,1-3,3,SI,0,3,29
3427,UEFA,UEFA Champions League,Real Madrid,Inter Milan,2-0,65,2-0,2,2,Vantaggio casa,2-1,1,SI,0,1,25
3428,USA,USA MLS Next Pro League,Toronto FC II,Columbus Crew II,3-0,60,3-0,3,3,Vantaggio casa,4-2,3,SI,1,2,30
3429,India,India Mizoram Premier League,Ramthar Veng FC,Chanmari FC,1-2,62,1-2,3,1,Vantaggio ospite,2-2,1,SI,1,0,28
3430,Hong Kong,Hong Kong U22 League,Tai Po U22,Lee Man FC U22,3-0,62,3-0,3,3,Vantaggio casa,4-0,1,SI,1,0,28
3431,Japan,Japan J-League Cup,Matsumoto Y FC,Shonan Bellmare,1-1,62,2-1,3,1,Vantaggio casa,3-3,3,SI,1,2,28
3432,Paraguay,Paraguay Primera B,Atletico Colegiales,River Plate Asuncion,0-2,61,0-2,2,2,Vantaggio ospite,1-3,2,SI,1,1,29
3433,Croatia,Croatia Cup,NK Zagora,NK Varazdin,0-1,37,0-1,1,1,Vantaggio ospite,0-4,3,SI,0,3,53
3434,Estonia,Estonia Meistriliiga,FC Levadia Tallinn,FC Kuressaare,2-0,58,2-0,2,2,Vantaggio casa,4-0,2,SI,2,0,32
3435,Italy,Italy Serie C Cup,Grosseto,US Latina Calcio,0-2,57,0-3,3,3,Vantaggio ospite,1-4,2,SI,1,1,33
3436,Spain,Spain Copa De La Reina,Burgos (W),Bizkerre (W),2-1,58,2-1,3,1,Vantaggio casa,2-1,0,NO,0,0,32
3437,Paraguay,Paraguay Primera B,3 de Febrero FBC,Presidente Hayes,0-1,62,1-1,2,0,Pareggio,2-1,1,SI,1,0,28
3438,Venezuela,Venezuela Cup,Real Frontera,Zamora,0-2,52,0-2,2,2,Vantaggio ospite,0-2,0,NO,0,0,38
3439,Colombia,Colombia Liga Femenina,America de Cali (W),Orsomarso (W),1-0,53,1-0,1,1,Vantaggio casa,3-1,3,SI,2,1,37
3441,USA,USA MLS Next Pro League,The Town,Ventura County FC,1-1,45,1-1,2,0,Pareggio,1-3,2,SI,0,2,45
3442,India,India Shillong Premier League,Rangdajied United FC,Laitkor SC,0-1,64,2-1,3,1,Vantaggio casa,3-1,1,SI,1,0,26
3443,Azerbaijan,Azerbaijan Division 1,Sabail FC,Energetik Mingechevir,2-0,62,2-1,3,1,Vantaggio casa,2-1,0,NO,0,0,28
3444,Estonia,Estonia Esiliiga,JK Nomme United II,JK Tallinna Kalev,1-1,50,1-1,2,0,Pareggio,2-1,1,SI,1,0,40
3445,Finland,Finland Kolmonen,TP-T,NoPS,1-2,62,1-2,3,1,Vantaggio ospite,1-5,3,SI,0,3,28
3446,Israel,Israel Leumit Liga,Hapoel Kfar Saba,Maccabi Kiryat Gat,2-0,59,2-0,2,2,Vantaggio casa,2-0,0,NO,0,0,31
3447,Finland,Finland Kolmonen,PPJ/Lauttasaari,VJS Vantaa II,2-1,60,2-1,3,1,Vantaggio casa,3-1,1,SI,1,0,30
3448,Argentina,Argentina Liga Profesional Reserves,Deportivo Riestra Reserves,Lanus Reserves,3-0,60,3-0,3,3,Vantaggio casa,4-1,2,SI,1,1,30
3449,India,India Shillong Premier League,Nongkseh SS & CC,Meghalaya Police,3-0,53,3-0,3,3,Vantaggio casa,7-1,5,SI,4,1,37
3450,Australia,Australia South Australia Premier League,Adelaide City,West Torrens Birkalla,0-2,64,0-2,2,2,Vantaggio ospite,2-2,2,SI,2,0,26
3451,ASEAN,ASEAN Championship Qualifying,Ezra FC,Shan Utd,1-1,55,2-1,3,1,Vantaggio casa,3-2,2,SI,1,1,35
3452,Thailand,Thailand Division 2,Pattaya United,Police Tero FC,0-1,50,0-2,2,2,Vantaggio ospite,0-3,1,SI,0,1,40
3453,Egypt,Egypt Division 2,Maleyet El Zayiat,La Viena FC,2-0,60,2-1,3,1,Vantaggio casa,2-1,0,NO,0,0,30
3454,United Arab Emirates,UAE Pro League,Hatta Dubai,Al Dhafra SCC,1-0,61,1-1,2,0,Pareggio,1-2,1,SI,0,1,29
3455,Estonia,Estonia Esiliiga B,JK Tallinna Kalev II,JK Tabasalu,2-1,60,2-1,3,1,Vantaggio casa,4-1,2,SI,2,0,30
3456,Finland,Finland Kolmonen,JPS,FC Metso,1-1,61,2-1,3,1,Vantaggio casa,2-1,0,NO,0,0,29
3457,Czech Republic,Czechia 2. Liga,FK Usti nad Labem,Vysocina Jihlava,1-2,59,1-2,3,1,Vantaggio ospite,1-2,0,NO,0,0,31
3458,Republic of Ireland,Republic of Ireland Premier Division,Waterford FC,Dundalk,1-1,52,1-1,2,0,Pareggio,1-1,0,NO,0,0,38
3459,Republic of Ireland,Republic of Ireland Premier Division,Galway United,Bohemians Dublin,1-0,64,2-0,2,2,Vantaggio casa,2-3,3,SI,0,3,26
3460,France,France Ligue 1,Rennes,Marseille,0-0,63,1-0,1,1,Vantaggio casa,1-0,0,NO,0,0,27
3461,England,England Isthmian Division One North,Lowestoft Town,Felixstowe & Walton Utd,1-0,52,1-0,1,1,Vantaggio casa,2-0,1,SI,1,0,38
3462,India,India Bangalore Super Division,Megt & Centre,HAL SC Bangalore,2-0,60,3-0,3,3,Vantaggio casa,4-3,4,SI,1,3,30
3463,Spain,Spain Youth League,Real Murcia U19,Elche U19,1-1,59,1-2,3,1,Vantaggio ospite,1-4,2,SI,0,2,31
3464,Czech Republic,Czechia 4. Liga,Banik Sokolov,Hvezda Cheb,1-1,65,1-1,2,0,Pareggio,3-1,2,SI,2,0,25
3465,Slovakia,Slovakia Youth League,FC Tatran Presov U19,Spartak Trnava U19,1-1,59,1-2,3,1,Vantaggio ospite,1-2,0,NO,0,0,31
3466,Serbia,Serbia U19 League,OFK Belgrade U19,FK Usce Novi Beograd U19,1-1,55,1-1,2,0,Pareggio,2-4,4,SI,1,3,35
3467,Germany,Germany Bundesliga II,Magdeburg,Kaiserslautern,2-0,65,3-0,3,3,Vantaggio casa,3-0,0,NO,0,0,25
3468,England,England National League,Worthing,Barrow,0-2,54,1-2,3,1,Vantaggio ospite,2-2,1,SI,1,0,36
3469,Singapore,Singapore Premier League,Hougang United FC,Lion City Sailors FC,2-1,58,2-1,3,1,Vantaggio casa,2-2,1,SI,0,1,32
3470,Germany,Germany 3. Liga,Verl,SV Meppen,0-1,49,0-1,1,1,Vantaggio ospite,2-1,2,SI,2,0,41
3471,Lithuania,Lithuania 1 Lyga,DFK Dainava,FK Minija,0-1,58,0-1,1,1,Vantaggio ospite,0-3,2,SI,0,2,32
3472,Hungary,Hungary Cup,Kazincbarcika SC,Paksi,1-1,60,1-2,3,1,Vantaggio ospite,1-2,0,NO,0,0,30
3473,Paraguay,Paraguay Division Intermedia,Resistencia FC,3 de Noviembre,1-2,60,1-2,3,1,Vantaggio ospite,1-2,0,NO,0,0,30
3474,Norway,Norway Division 2 Group 1,Vidar,Bjarg,0-0,58,1-0,1,1,Vantaggio casa,1-4,4,SI,0,4,32
3475,Netherlands,Netherlands Tweede Divisie,Sparta Rotterdam Reserves,Katwijk,2-0,55,2-0,2,2,Vantaggio casa,2-2,2,SI,0,2,35
3476,Estonia,Estonia Meistriliiga,JK Nomme United,FC Flora Tallinn,1-0,60,1-0,1,1,Vantaggio casa,2-3,4,SI,1,3,30
3477,Iceland,Iceland 2 Deild,Kari,Haukar,2-0,57,2-0,2,2,Vantaggio casa,4-0,2,SI,2,0,33
3478,England,England National League,Solihull Moors,Aldershot,1-0,59,1-0,1,1,Vantaggio casa,1-2,2,SI,0,2,31
3479,Botswana,Botswana Premier League,Enesia FC,Matebele FC,0-0,64,1-0,1,1,Vantaggio casa,1-0,0,NO,0,0,26
3480,Belgium,Belgium First Division B,RFC Seraing,Hasselt,1-1,55,1-1,2,0,Pareggio,1-2,1,SI,0,1,35
3481,England,England Southern Premier League Central,Banbury,Leiston,1-1,62,1-2,3,1,Vantaggio ospite,1-2,0,NO,0,0,28
3482,Croatia,Croatia 1.NL,HNK Segesta,NK Dugopolje,2-1,61,2-1,3,1,Vantaggio casa,2-1,0,NO,0,0,29
3483,Croatia,Croatia HNL,NK Osijek,Dinamo Zagreb,2-0,60,3-0,3,3,Vantaggio casa,4-2,3,SI,1,2,30
3484,Switzerland,Switzerland Challenge League,Aarau,Kriens,1-2,59,1-2,3,1,Vantaggio ospite,2-2,1,SI,1,0,31
3485,Italy,Italy Serie C Group C,Sorrento,AZ Picerno ASD,1-0,61,1-0,1,1,Vantaggio casa,1-0,0,NO,0,0,29
3486,Serbia,Serbia Prva Liga,Jedinstvo UB,Smederevo,1-0,57,1-0,1,1,Vantaggio casa,2-1,2,SI,1,1,33
3487,Argentina,Argentina Primera B Metropolitana,Talleres Remedios,Deportivo Liniers,0-2,44,0-2,2,2,Vantaggio ospite,0-2,0,NO,0,0,46
3488,Netherlands,Netherlands Eredivisie,Fortuna Sittard,Ajax,0-1,62,1-2,3,1,Vantaggio ospite,1-5,3,SI,0,3,28
3489,Mexico,Mexico Liga MX Femenil,Chivas Guadalajara (W),Monterrey (W),0-3,57,0-3,3,3,Vantaggio ospite,2-3,2,SI,2,0,33
3490,USA,USA MLS,Orlando City,Toronto FC,1-0,64,1-0,1,1,Vantaggio casa,3-0,2,SI,2,0,26
3491,Colombia,Colombia Liga Femenina,Atletico Nacional (W),Internacional FC de Palmira (W),1-1,59,2-1,3,1,Vantaggio casa,3-1,1,SI,1,0,31
3492,Mexico,Mexico Primera Premier,Lobos ULM,Los Cabos United,0-0,63,1-1,2,0,Pareggio,1-2,1,SI,0,1,27
3493,Hong Kong,Hong Kong 2nd Division,Yau Tsim Mong,Tsun Tat Kwok Keung,0-1,62,0-3,3,3,Vantaggio ospite,0-3,0,NO,0,0,28
3494,Australia,Australia New South Wales Premier League,Apia L Tigers,Sydney United 58,0-2,52,0-2,2,2,Vantaggio ospite,1-3,2,SI,1,1,38
3495,South Korea,South Korea K3 League,Yangpyeong FC,Pocheon Citizen FC,0-1,55,0-1,1,1,Vantaggio ospite,0-2,1,SI,0,1,35
3496,Serbia,Serbia U19 League,TSC U19,Crvena Zvezda U19,1-1,61,2-1,3,1,Vantaggio casa,3-1,1,SI,1,0,29
3497,Austria,Austria 2. Liga,FC Liefering,St Polten,0-1,61,0-1,1,1,Vantaggio ospite,1-3,3,SI,1,2,29
3498,Slovakia,Slovakia 3. Liga,Slavia TU Kosice,FK Poprad,1-1,59,2-1,3,1,Vantaggio casa,3-2,2,SI,1,1,31
3499,Myanmar,Myanmar U20 League,Sagaing United FC U20,Yangon City U20,0-0,60,0-2,2,2,Vantaggio ospite,0-2,0,NO,0,0,30
3500,Estonia,Estonia Esiliiga B,Parnu JK Vaprus II,FA Kalev Tartu,0-3,54,0-3,3,3,Vantaggio ospite,0-4,1,SI,0,1,36
3501,Hong Kong,Hong Kong 2nd Division,Wanchai,Tsuen Wan,2-0,65,3-0,3,3,Vantaggio casa,3-1,1,SI,0,1,25
3502,Australia,Australia Capital Territory Premier League,Canberra Croatia FC,Tigers FC,0-1,57,0-1,1,1,Vantaggio ospite,0-3,2,SI,0,2,33
3503,Spain,Spain Segunda Division RFEF Group 4,Atletico Sanluqueno,UD Tamaraceite,0-0,63,1-0,1,1,Vantaggio casa,1-0,0,NO,0,0,27
3504,Denmark,Denmark Division 3,Hørsholm-Usserød IK,Holbæk,1-0,64,3-0,3,3,Vantaggio casa,3-1,1,SI,0,1,26
3505,Switzerland,Switzerland 1.Liga Classic,FC Widnau,Winterthur II,0-0,56,1-0,1,1,Vantaggio casa,1-0,0,NO,0,0,34
3506,Denmark,Denmark Superligaen,Silkeborg IF,Viborg,1-0,57,1-1,2,0,Pareggio,1-1,0,NO,0,0,33
3507,Sweden,Sweden 2.div Norra Götaland,Ahlafors IF,Husqvarna FF,0-0,63,2-0,2,2,Vantaggio casa,2-0,0,NO,0,0,27
3508,Croatia,Croatia 1.NL,NK Croatia Zmijavci,Vukovar 1991,1-1,56,1-1,2,0,Pareggio,2-3,3,SI,1,2,34
3509,Iceland,Iceland Premier League,KR Reykjavik,IA Akranes,3-0,48,3-0,3,3,Vantaggio casa,5-1,3,SI,2,1,42
3510,Turkey,Türkiye 1 Lig,Sivasspor,Muglaspor,1-1,56,1-1,2,0,Pareggio,1-1,0,NO,0,0,34
3511,Slovakia,Slovakia 3. Liga,FK Podkonice,Banik Kalinovo,1-1,48,1-1,2,0,Pareggio,3-2,3,SI,2,1,42
3512,Portugal,Portugal Campeonato Nacional,UD Sousense,Uniao de Lamas,2-0,64,2-1,3,1,Vantaggio casa,3-3,3,SI,1,2,26
3513,Austria,Austria Bundesliga,SK Sturm Graz,LASK Linz,1-1,64,2-1,3,1,Vantaggio casa,2-1,0,NO,0,0,26
