League,"Home Team Name","Away Team Name","Half-Time Result","Full-Time Result","Picked Minute","Picked Score"
"Argentina Reserve League","Defensa y Justicia Reserves","CA Independiente Reserves","0 - 3","1 - 3",65,"0 - 3"
"Bangladesh Premier League","Abahani Limited","Sheikh Jamal","2 - 0","4 - 1",61,"3 - 1"
"Campeonato Brasileiro Serie B",Coritiba,"Botafogo SP","2 - 2","3 - 2",48,"2 - 2"
"Ukraine Reserve League","PFC Oleksandria Reserves","Shakhtar Donetsk Reserves","1 - 1","1 - 2",53,"1 - 1"
"World Club Friendlies","Al Wasl SC",Kayserispor,"1 - 1","1 - 3",63,"1 - 2"
"Germany 3.Liga","KFC Uerdingen 05",Unterhaching,"2 - 2","2 - 2",59,"2 - 2"
"Elite Club Friendlies","St Gallen","Borussia Dortmund","1 - 3","1 - 4",61,"1 - 3"
"Elite Club Friendlies","Bayern Munich",Fenerbahce,"5 - 0","6 - 1",65,"6 - 1"
"Europe Friendlies",Lebrijana,"Atletico Sanluqueno","1 - 0","2 - 2",39,"1 - 0"
"Iceland 1 Deild","Throttur Reykjavik",Haukar,"4 - 2","4 - 2",49,"4 - 2"
"Brazil Serie B",Bragantino,Cuiaba,"2 - 1","2 - 2",46,"2 - 1"
"Europe Friendlies","Leganes B",Toledo,"2 - 0","3 - 1",64,"3 - 1"
"Elite Club Friendlies","Real Madrid",Fenerbahce,"2 - 2","5 - 3",64,"4 - 3"
"Germany 3.Liga",Magdeburg,"Waldhof Mannheim","1 - 1","1 - 1",64,"1 - 1"
"Germany 3.Liga",Chemnitzer,"SV Meppen","1 - 0","2 - 4",52,"1 - 1"
"Brazil U20 League","Vasco Da Gama U20","Atletico Paranaense U20","2 - 1","5 - 2",57,"2 - 2"
"Finland Kolmonen","VPV Pallo-Veikot",KaIK,"1 - 3","3 - 6",62,"2 - 4"
"Australia Victoria U20 League","Dandenong City U20","Bentleigh Greens U20","1 - 0","1 - 2",61,"1 - 0"
"Russia U20 League","Spartak Moscow U20","Dinamo Moscow U20","0 - 1","0 - 4",58,"0 - 1"
"Argentina Reserve League","Huracan Reserves","Colon Reserves","2 - 0","5 - 2",65,"4 - 0"
"Lithuania 1 Lyga","FC Kupiškis",Nevezis,"0 - 2","0 - 3",61,"0 - 2"
"Finland Kolmonen","Edustus IPS",PeKa,"0 - 0","1 - 2",62,"1 - 1"
"Germany Oberliga Bayern South","TSV Schwabmünchen","TSV Dachau 1865","3 - 0","6 - 1",64,"4 - 0"
"Germany Regionalliga Bayern","Viktoria Aschaffenburg","Greuther Furth II","0 - 2","0 - 2",51,"0 - 2"
"Europe Friendlies","Las Palmas",Almeria,"1 - 1","1 - 1",60,"1 - 1"
"Romania Liga I","Dinamo Bucuresti","FC Academica Clinceni","0 - 0","4 - 2",65,"2 - 0"
"Austria 2. Liga","Grazer AK","FC Blau Weiss Linz","2 - 0","2 - 0",53,"2 - 0"
"Elite Club Friendlies",Bournemouth,Lazio,"2 - 1","3 - 4",51,"2 - 2"
"West Asian Championship",Lebanon,Syria,"0 - 0","2 - 1",52,"0 - 1"
"Mexico Liga de Ascenso Apertura","Potros UAEM",Correcaminos,"3 - 0","4 - 0",62,"3 - 0"
"USA USL Championship","Atlanta United II","Loudoun United FC","2 - 2","4 - 2",58,"2 - 2"
"Australia SA Premier League Reserves","Adelaide Blue Eagles Reserves","Metrostars Reserves","1 - 1","2 - 5",61,"1 - 2"
"Mongolia Premier League","Khangarid Klub","Khaan Khuns","4 - 1","6 - 3",61,"4 - 1"
"Australia Victoria U20 League","Dandenong Thunder U20","Pascoe Vale U20","0 - 2","1 - 4",64,"1 - 2"
"Australia NPL Queensland","Brisbane Roar FC U21","Brisbane Strikers","0 - 3","1 - 4",45,"0 - 3"
"Russia U20 League","Zenit St Petersburg U20","Krasnodar U20","0 - 1","0 - 2",61,"0 - 2"
"Australia New South Wales Premier League","Sydney FC U21","Sutherland Sharks","0 - 3","0 - 4",58,"0 - 3"
"Estonia Esiliiga B","Vandra JK Vaprus","Tabasalu FC Charma","0 - 0","4 - 1",52,"2 - 0"
"Denmark Series Group 2",Greve,GVI,"0 - 1","2 - 4",62,"0 - 1"
"Germany Regionalliga South West","SSV Ulm 1846",Elversberg,"0 - 0","1 - 2",65,"0 - 1"
"Europe Friendlies","HHC Hardenberg","FC Twente Reserves","3 - 0","3 - 2",61,"3 - 1"
"Uzbekistan Cup","FC Bunyodkor","Qizilqum Zarafshon","1 - 1","3 - 1",65,"3 - 0"
"Malawi Super League","Mzuzu University","Mlatho Mponela FC","1 - 0","1 - 0",57,"1 - 0"
"Norway Division 3 Group 4",Stord,Lysekloster,"1 - 1","3 - 4",57,"1 - 1"
"Finland Kakkonen Group A",Sudet,Kiffen,"1 - 3","1 - 4",61,"1 - 3"
"England National League","Harrogate Town","Solihull Moors","0 - 1","2 - 2",58,"0 - 1"
"Switzerland Challenge League",Winterthur,"Lausanne Sports","0 - 2","0 - 6",47,"0 - 3"
"Estonia Esiliiga","FC Flora Tallinn II","Tallinna JK Legion","2 - 1","4 - 3",54,"3 - 1"
"Slovakia Super Liga","MSK Zilina","AS Trencin","1 - 0","2 - 1",56,"1 - 0"
"Elite Club Friendlies","Atletico San Luis","Atletico Madrid","1 - 0","1 - 2",64,"1 - 0"
"Bulgaria First League",Beroe,"Dunav Ruse","2 - 0","2 - 0",54,"2 - 0"
"Cambodia Premier League","Asia Euro University","Phnom Penh Crown","2 - 4","3 - 4",51,"2 - 4"
"Europe Friendlies","TSV Havelse U19","SV Rodinghausen U19","1 - 0","4 - 1",65,"4 - 1"
"Vietnam V-League 2","Binh Dinh","CLB Bong da Hue","1 - 1","3 - 2",48,"1 - 1"
"Japan J2-League","V-Varen Nagasaki","FC Gifu","1 - 1","1 - 3",58,"1 - 3"
"China Super League Reserves","Shanghai SIPG Reserves","Tianjin Tianhai Reserves","1 - 1","3 - 1",65,"1 - 1"
"Denmark Superligaen","Randers FC","FC Nordsjaelland","3 - 0","3 - 1",55,"3 - 0"
"Japan J2-League","Ehime FC","Fagiano Okayama","2 - 0","2 - 0",57,"2 - 0"
"Japan J3-League","Thespa Kusatsu",YSCC,"1 - 1","3 - 2",63,"3 - 2"
"South Korea K-League 1","Suwon Bluewings","Pohang Steelers","0 - 1","0 - 2",55,"0 - 1"
"China Division 1","Shijiazhuang Ever Bright","Beijing Sport University FC","0 - 3","0 - 5",65,"0 - 5"
"Germany Regionalliga North","VfB Oldenburg","Wolfsburg II","0 - 1","0 - 3",60,"0 - 1"
"Brazil Paulista Serie B","AD Guarulhos",Marilia,"1 - 1","2 - 2",49,"2 - 1"
"Germany Oberliga Rheinland-Pfalz/Saar","Hassia Bingen","SV Rochling Volklingen","0 - 0","0 - 1",55,"0 - 1"
"Germany Bundesliga II","Erzgebirge Aue","Wehen SV","2 - 1","3 - 2",56,"2 - 1"
"Switzerland Challenge League","Stade Lausanne-Ouchy","FC Vaduz","2 - 3","3 - 3",65,"3 - 3"
"Denmark Superligaen",Brondby,"AC Horsens","1 - 1","1 - 2",60,"1 - 2"
"Brazil Campeonato Carioca B2","Juventus RJ","Rio Sao Paulo","0 - 1","0 - 3",45,"0 - 1"
"World Club Friendlies",Bugesera,"Gasogi Utd","1 - 0","1 - 0",65,"1 - 0"
"Holland Eredivisie","ADO Den Haag","FC Utrecht","2 - 2","2 - 4",63,"2 - 4"
"Lithuania 1 Lyga","Lietava Jonava","FK Vilnius","0 - 1","0 - 3",65,"0 - 2"
"Romania Liga I","AFC Hermannstadt","CS U Craiova","0 - 1","2 - 1",55,"2 - 1"
"Austria 2. Liga","Austria Klagenfurt","FC Liefering","1 - 2","4 - 4",52,"2 - 3"
"Lithuania A Lyga","Atlantas Klaipeda","FK Zalgiris Vilnius","1 - 1","1 - 3",49,"1 - 1"
"Estonia Esiliiga","Tartu JK Welco","FC Levadia Tallinn U21","0 - 1","0 - 2",65,"0 - 1"
"Hungary NB I","MOL Vidi FC","Kaposvari Rakoczi","3 - 2","4 - 2",65,"4 - 2"
"Chile Primera Division","Universidad de Concepcion","Universidad Catolica","0 - 1","0 - 3",47,"0 - 1"
"Hungary NB II","Csakvari Tk","MTK Budapest","3 - 1","3 - 2",46,"3 - 1"
"Guatemala Primera Division",Suchitepequez,"Deportivo Reu","2 - 0","2 - 1",59,"2 - 1"
"Croatia 1.HNL","NK Osijek","Inter Zapresic","0 - 1","3 - 1",65,"0 - 1"
"Brazil Campeonato Carioca B2","Queimados RJ","Mageense FC","2 - 0","4 - 3",55,"3 - 0"
"Bolivia Clausura","The Strongest","Nacional Potosi","1 - 1","3 - 2",64,"1 - 2"
"Guatemala Primera Division","CD Sansare","CD Achuapa","1 - 0","1 - 0",57,"1 - 0"
"Paraguay Division Profesional","Cerro Porteno","Guarani Asuncion","0 - 0","2 - 2",64,"1 - 1"
"Bolivia Clausura",Blooming,"Oriente Petrolero","0 - 0","2 - 1",65,"1 - 0"
"USA MLS","DC United","Philadelphia Union","0 - 2","1 - 5",55,"1 - 3"
"Norway Division 3 Group 6","Lillestrøm 2","Ullensaker/Kisa 2","6 - 0","8 - 0",65,"8 - 0"
"Europe Friendlies","Malaga B",Melilla,"2 - 2","3 - 3",63,"2 - 2"
"Australia Brisbane Premier League","North Pine","Centenary Stormers","1 - 3","2 - 4",51,"1 - 3"
"Australia New South Wales League 2","Western Sydney Wanderers U21","Bonnyrigg White Eagles","1 - 2","2 - 4",55,"2 - 2"
"England National League North","Bradford P A",Guiseley,"0 - 3","0 - 5",64,"0 - 4"
"Brazil Serie B","America MG",Londrina,"1 - 2","4 - 3",51,"1 - 2"
"New Zealand Central Premier League","Wellington Olympic","Wairarapa United","3 - 1","5 - 3",58,"3 - 1"
"Australia FFA Cup","Brisbane Strikers","Wellington Phoenix","1 - 0","2 - 2",58,"2 - 1"
"Poland Cup","Gryf Wejherowo","Siarka Tarnobrzeg","3 - 2","3 - 2",57,"3 - 2"
"Germany Landespokal","SV Dringenberg","Sportfreunde Lotte","1 - 1","1 - 5",63,"1 - 2"
"Hungary NB II","MTK Budapest","Budaorsi SC","0 - 1","1 - 1",60,"1 - 1"
"Europe Friendlies","Gimnastica Segoviana","Valladolid B","2 - 1","4 - 2",65,"3 - 1"
"Brazil U20 League","Gremio RS U20","America MG U20","1 - 1","2 - 3",48,"1 - 1"
"Europe Friendlies","Xerez Deportivo FC","San Fernando CD","0 - 0","1 - 2",65,"1 - 2"
"Elite Club Friendlies",Barcelona,Napoli,"1 - 1","2 - 1",62,"1 - 1"
"Chile Cup","Universidad Catolica","Santiago Morning","1 - 1","3 - 1",62,"1 - 1"
"Indonesia Liga 1","Persela Lamongan","Persib Bandung","1 - 2","2 - 2",64,"2 - 2"
"Russia Division 2","Akron Tolyatti","FK Lada Tolyatti","2 - 0","3 - 1",52,"3 - 1"
"Estonia Esiliiga","Rakvere JK Tarvas","Tartu JK Welco","1 - 1","1 - 1",59,"1 - 1"
"UEFA Europa League Qualifying","FK Ventspils",Guimaraes,"0 - 1","0 - 3",58,"0 - 2"
"Switzerland Challenge League","FC Chiasso",Aarau,"1 - 2","4 - 2",65,"3 - 2"
"UEFA Europa League Qualifying",Midtjylland,Rangers,"0 - 1","2 - 4",65,"2 - 3"
"Iceland 4 Deild",Berserkir,Alafoss,"1 - 2","5 - 4",44,"1 - 2"
"Bolivia Clausura","Oriente Petrolero","San Jose","1 - 0","1 - 0",53,"1 - 0"
"Czech Republic Youth League","FK Pribram U19","FC Zbrojovka Brno U19","1 - 2","3 - 2",63,"2 - 2"
"Russia Division 2","Rodina Moscow","FC Murom","0 - 1","0 - 2",56,"0 - 1"
"Georgia Erovnuli Liga 2","FC Tskhinvali","FC Merani Tbilisi","0 - 3","1 - 4",43,"0 - 2"
"Armenia Premier League","Ararat Yerevan",Shirak,"0 - 0","2 - 1",58,"1 - 1"
"Europe Friendlies",Altinordu,"Menemen Belediye Spor","0 - 2","0 - 3",58,"0 - 3"
"Germany Regionalliga South West","TSV Steinbach",Alzenau,"1 - 0","4 - 1",58,"1 - 0"
"Germany Regionalliga West",Wuppertaler,"Borussia Dortmund II","1 - 0","1 - 0",60,"1 - 0"
"France Ligue 2",Niort,Chateauroux,"1 - 0","3 - 0",60,"2 - 0"
"Iceland 4 Deild",Isbjörninn,Arborg,"1 - 1","2 - 3",41,"0 - 1"
"Australia Western Australia U20 League","Cockburn City U20","Armadale U20","3 - 0","6 - 0",56,"3 - 0"
"Australia Western Australia U20 League","Perth SC U20","Balcatta U20","0 - 1","2 - 3",62,"1 - 1"
"Australia South Australia Premier League","Adelaide Comets","Campbelltown City","3 - 1","4 - 1",64,"4 - 1"
"Australia Western Australia Premier League","Perth SC",Balcatta,"1 - 0","3 - 0",62,"2 - 0"
"Czech Republic Youth League","Meteor Praha VIII U19","Slavia Prague U19","0 - 4","0 - 9",56,"0 - 5"
"Japan J2-League","JEF Utd Chiba","Ehime FC","2 - 0","2 - 3",55,"2 - 0"
"Germany Bundesliga U19","Union Berlin U19","Hannover 96 U19","2 - 2","4 - 3",48,"3 - 2"
"Estonia Esiliiga B","Nomme United","Viimsi JK","1 - 0","4 - 1",52,"1 - 0"
"Russia Division 1","FK Yenisey","Neftekhimik Nizhnekamsk","1 - 2","2 - 2",53,"2 - 2"
"Cambodia Premier League","Phnom Penh Crown","Naga World FC","1 - 0","2 - 2",60,"2 - 1"
"Lithuania 1 Lyga","Hegelmann Litauen","FK Atmosfera","3 - 1","5 - 2",58,"4 - 1"
"Germany Oberliga Schleswig-Holstein","TSV Bordesholm","Weiche Flensburg 08 II","1 - 1","1 - 2",63,"1 - 1"
"U19 Tournament","Afghanistan U19","Uzbekistan U19","0 - 2","2 - 2",61,"1 - 2"
"Romania Liga II","Rapid Bucuresti","CS Concordia Chiajna","0 - 0","1 - 0",65,"3 - 1"
"Ukraine Reserve League","Kolos Kovalivka Reserves","Zorya Reserves","0 - 2","1 - 2",63,"1 - 2"
"Norway Division 3 Group 2",LynToppf,"IF Ready","0 - 1","1 - 3",56,"1 - 1"
"Hungary NB I","Kaposvari Rakoczi","Mezokovesd Zsory","1 - 2","1 - 2",59,"1 - 2"
"Montenegro Prva Liga","FK Kom Podgorica","OFK Petrovac","1 - 1","3 - 2",57,"1 - 1"
"Slovakia Super Liga","MFK Ruzomberok","MSK Zilina","0 - 1","0 - 1",55,"1 - 3"
"Portugal U19 League","Amora FC U19","Estoril U19","0 - 2","2 - 4",54,"0 - 3"
"Portugal U19 League","Sacavenense U19","Tondela U19","0 - 2","1 - 2",62,"0 - 2"
"Finland U20 League","TPS/2 U20","HJS U20","4 - 2","4 - 2",51,"4 - 2"
"Poland II Liga","Gornik Polkowice","Gornik Leczna","0 - 1","1 - 1",63,"0 - 1"
"Republic of Ireland FAI Cup","Crumlin United","Malahide Utd","3 - 1","3 - 1",63,"3 - 1"
"Europe Friendlies",Sivasspor,Fenerbahce,"2 - 0","2 - 1",55,"2 - 1"
"Brazil Paulista Cup","EC Sao Bernardo","GE Osasco","2 - 0","2 - 0",51,"2 - 0"
"Uruguay Torneo Intermedio","Liverpool Montevideo","Montevideo Wanderers","2 - 0","3 - 1",62,"2 - 1"
"Slovenia Prva Liga","NK Maribor","Tabor Sezana","1 - 1","4 - 2",55,"2 - 1"
"Elite Club Friendlies",Parma,Sampdoria,"1 - 1","2 - 1",60,"1 - 1"
"Elite Club Friendlies",Bologna,Villarreal,"1 - 1","3 - 4",59,"1 - 1"
"Colombia Primera B",Orsomarso,"Deportivo Pereira","0 - 1","1 - 1",61,"1 - 1"
"USA USL Championship","Pittsburgh Riverhounds","Swope Park Rangers","1 - 1","3 - 2",52,"3 - 1"
"Brazil Serie A","Atletico Mineiro",Fluminense,"1 - 0","2 - 1",56,"2 - 0"
"Australia New South Wales U20 League","Hakoah Sydney City East U20","Blacktown City U20","1 - 1","1 - 1",62,"1 - 1"
"Australia New South Wales U20 League","Rockdale City Suns U20","Sutherland Sharks U20","1 - 0","1 - 1",64,"1 - 0"
"Australia Queensland U20 League","Sunshine Coast U20","Peninsula Power U20","0 - 2","1 - 6",58,"0 - 2"
"Australia Northern NSW Premier League","Hamilton Olympic","Broadmeadow Magic","3 - 1","3 - 2",63,"3 - 2"
"Czech Republic 3. Ligy","FK Admira Praha","Slavia Prague B","1 - 3","2 - 7",52,"1 - 4"
"Slovakia 2. Liga","MFK Ruzomberok II","MFK Dubnica","2 - 3","2 - 4",55,"2 - 4"
"Germany Bundesliga U19","Wuppertaler U19","Borussia Dortmund U19","1 - 5","2 - 9",60,"1 - 7"
"Germany Bundesliga U19","SC Freiburg U19","Eintracht Frankfurt U19","2 - 1","2 - 2",63,"2 - 2"
"Japan J-League","Cerezo Osaka","Sagan Tosu","1 - 0","1 - 2",58,"1 - 0"
"Finland U20 League","Atlantis U20","KuPS Kuopio U20","0 - 0","0 - 3",55,"0 - 1"
"Germany Bundesliga U19","Bayern Munich U19","Augsburg U19","0 - 0","3 - 2",60,"0 - 1"
"Estonia Meistriliiga","JK Viljandi Tulevik","Paide Linnameeskond","0 - 1","1 - 2",48,"0 - 1"
"Thailand Division 2","Ayutthaya United","Lampang FC","3 - 1","3 - 4",65,"3 - 3"
"Germany Oberliga Hessen","Rot-Weiss Walldorf","Viktoria Griesheim","3 - 1","6 - 2",59,"3 - 2"
"Germany Oberliga Niederrhein","VfB Hilden","FC Monheim","1 - 1","1 - 1",59,"1 - 1"
"Brazil U20 League","America RJ U20","Fluminense U20","0 - 1","0 - 2",59,"0 - 2"
"Germany DFB Pokal",Oberneuland,Darmstadt,"0 - 3","1 - 6",64,"1 - 4"
"Germany DFB Pokal","VfL Osnabruck","RB Leipzig","1 - 3","2 - 3",57,"1 - 3"
"Kazakhstan Premier League","Irtysh Pavlodar","Tobol Kostanay","0 - 0","0 - 2",60,"0 - 1"
"Sweden 1.div Södra","IK Oddevold","Atvidabergs FF","2 - 0","3 - 1",51,"2 - 0"
"Poland III Liga","Stal Krasnik","Motor Lublin","2 - 1","2 - 1",57,"2 - 1"
"Poland Ekstraklasa","Cracovia Krakow","Korona Kielce","1 - 0","1 - 0",59,"1 - 0"
"Hungary NB II","Szeged 2011","Szombathelyi Haladas","1 - 0","1 - 1",59,"1 - 0"
"Sweden Superettan",GAIS,"Mjallby AIF","0 - 0","1 - 2",64,"1 - 1"
"Hungary NB I","Debreceni VSC","Kisvarda FC","2 - 1","4 - 1",51,"2 - 1"
"Elite Club Friendlies",Roma,"Real Madrid","2 - 2","2 - 2",54,"2 - 2"
"Brazil Campeonato Paulista U20","Sao Caetano U20","Desportivo Brasil U20","2 - 0","4 - 0",61,"3 - 0"
"Coppa Italia",Frosinone,Carrarese,"2 - 0","4 - 0",59,"3 - 0"
"Brazil Serie A",Botafogo,"Atletico Paranaense","1 - 1","2 - 1",62,"2 - 1"
"Colombia Primera A","Atletico Huila",Millonarios,"1 - 0","1 - 1",51,"1 - 0"
"Lithuania A Lyga",Panevezys,"FK Palanga","0 - 1","3 - 1",49,"0 - 1"
"Germany DFB Pokal","Hallescher FC",Wolfsburg,"1 - 1","3 - 5",64,"2 - 2"
"Holland Eerste Divisie","PSV Reserves","FC Den Bosch","2 - 1","2 - 2",61,"2 - 2"
"England Southern Premier League Central",Stourbridge,"Stratford Town","1 - 0","3 - 1",64,"3 - 0"
"AFC Champions League","Zob Ahan","Al Ittihad Jeddah","0 - 1","3 - 4",64,"1 - 2"
"Australia Western Australia U20 League","Sorrento U20","Bayswater City U20","0 - 2","0 - 3",61,"0 - 3"
"Burundi Premier League","Athletico Olympic","Ngozi City FC","2 - 0","4 - 0",53,"2 - 0"
"Georgia Erovnuli Liga 2","FC Merani Tbilisi","FC Shukura","2 - 1","5 - 1",56,"3 - 1"
"Czech Republic Cup","SK Kladno",Stechovice,"1 - 0","1 - 2",46,"1 - 0"
"Holland Reserve League","Dordrecht Reserves","FC Den Bosch Reserves","0 - 1","2 - 2",53,"1 - 1"
"Denmark Cup","Fårvang IF",Viby,"1 - 1","2 - 3",59,"1 - 2"
"Germany Oberliga Rheinland-Pfalz/Saar",Engers,"FV Diefflen","0 - 2","1 - 3",55,"0 - 3"
"UEFA Champions League Qualifying",Rosenborg,"NK Maribor","0 - 1","3 - 1",61,"2 - 1"
"UEFA Champions League Qualifying","Ferencvarosi TC","Dinamo Zagreb","0 - 1","0 - 4",50,"0 - 2"
"England EFL Cup","Salford City",Leeds,"0 - 1","0 - 3",59,"0 - 3"
"England National League",Stockport,Barrow,"0 - 1","3 - 2",64,"2 - 1"
"England National League North","Hereford FC","AFC Telford","0 - 0","1 - 0",56,"1 - 0"
"England National League North",Altrincham,"Alfreton Town","2 - 1","3 - 2",63,"2 - 2"
"Brazil Serie B",Coritiba,"Brasil de Pelotas","0 - 0","2 - 0",65,"1 - 0"
"Australia Queensland U20 League","Peninsula Power U20","Olympic FC U20","3 - 1","3 - 1",54,"3 - 1"
"Japan Cup","Omiya Ardija","Vissel Kobe","0 - 1","0 - 4",63,"0 - 3"
"Czech Republic Cup","FK Admira Praha","Aritma Praha","1 - 0","1 - 0",64,"1 - 0"
"Germany Regionalliga Bayern","Augsburg II","FV Illertissen","0 - 1","3 - 3",62,"1 - 1"
"Europe Friendlies","Cultural Leonesa","Real Madrid Castilla","2 - 0","3 - 0",61,"3 - 0"
"Europe Friendlies",Ourense,Coruxo,"1 - 3","4 - 3",61,"1 - 3"
"Brazil Campeonato Paulista U20","Fernandopolis U20","Jose Bonifacio EC U20","3 - 1","4 - 2",54,"3 - 1"
"Europe Friendlies","CD Utrera","Real Betis B","0 - 1","0 - 2",58,"0 - 1"
"Brazil U20 League","Sao Paulo U20","Santos U20","3 - 0","3 - 1",47,"3 - 0"
"Bolivia Clausura","Royal Pari FC","Always Ready","1 - 1","1 - 1",55,"1 - 1"
"Austria Regionalliga Tirol","SVG Reichenau","Wacker Innsbruck II","4 - 1","6 - 3",55,"4 - 1"
"Poland III Liga","Avia Swidnik","Hetman Zamosc","1 - 0","1 - 0",60,"1 - 0"
"Estonia Esiliiga B","Tabasalu FC Charma","Paide Linnameeskond II","1 - 1","4 - 1",57,"1 - 1"
"UEFA Europa League Qualifying",AIK,"Sheriff Tiraspol","0 - 0","1 - 1",62,"1 - 0"
"UEFA Europa League Qualifying","Apollon Limassol","FK Austria Vienna","1 - 1","3 - 1",65,"2 - 1"
"UEFA Europa League Qualifying",Valletta,"FC Astana","0 - 2","0 - 4",57,"0 - 2"
"UEFA Europa League Qualifying","Eintracht Frankfurt","FC Vaduz","1 - 0","1 - 0",59,"1 - 0"
"UEFA Europa League Qualifying",Rangers,Midtjylland,"2 - 0","3 - 1",65,"3 - 0"
"Australia Tasmania Premier League","Kingborough Lions","Hobart Zebras","0 - 0","3 - 2",59,"2 - 1"
"Ukraine Reserve League","Desna Chernihiv Reserves","Kolos Kovalivka Reserves","2 - 0","4 - 0",61,"3 - 0"
"Russia Division 2","FK Dolgoprudny","Rodina Moscow","2 - 0","2 - 0",62,"2 - 0"
"Czech Republic 3. Ligy","SFK Vrchovina","Dolni Benesov","1 - 1","3 - 1",54,"2 - 1"
"Estonia Esiliiga B","Keila JK","Nomme United","0 - 1","3 - 1",60,"0 - 6"
"Austria Regionalliga Mitte","ATSV Wolfsberg","SC Weiz","1 - 2","1 - 2",65,"1 - 2"
"Sweden Superettan","IK Frej","Jonkopings Sodra","0 - 0","1 - 3",58,"0 - 1"
"Austria Regionalliga Mitte","Sturm Graz II","WAC St Andra II","1 - 0","2 - 1",62,"1 - 1"
"Austria 2. Liga","SV Kapfenberg","Austria Klagenfurt","0 - 2","1 - 2",43,"0 - 2"
"Poland I Liga","Stal Mielec","Olimpia Grudziadz","2 - 0","2 - 0",45,"2 - 0"
"France Ligue 2",Valenciennes,"Rodez Aveyron","0 - 0","1 - 0",64,"1 - 0"
"Croatia 1.HNL","Inter Zapresic","Dinamo Zagreb","1 - 1","1 - 2",51,"1 - 2"
"Brazil Campeonato Paulista U20","Gremio Novorizontino U20","EC Sao Bernardo U20","0 - 1","4 - 1",57,"0 - 1"
"Czech Republic 2. Liga","FC Brno","MFK Vitkovice","1 - 0","1 - 0",60,"1 - 0"
"UAE Cup","Al Ain SCC","Shabab Al Ahli Dubai","1 - 0","2 - 2",62,"1 - 0"
"France Ligue 2",Rodez,"US Orleans 45","1 - 1","3 - 3",61,"2 - 1"
"Switzerland Challenge League",Grasshoppers,Winterthur,"0 - 1","2 - 2",49,"0 - 1"
"Malta Premier League",Birkirkara,Floriana,"0 - 1","0 - 1",56,"0 - 1"
"England FA Cup Qualification",Aveley,Barking,"0 - 1","1 - 2",61,"1 - 2"
"Iceland 1 Deild","Grotta Seltjarnarnes","Fram Reykjavik","1 - 0","3 - 1",57,"1 - 0"
"Argentina Nacional B","Atletico Rafaela","CA Tigre","0 - 1","1 - 2",61,"0 - 2"
"Mexico Apertura","Santos Laguna",Monterrey,"2 - 0","2 - 1",58,"2 - 0"
"Australia Tasmania Championship",Taroona,"Beachside FC","1 - 2","2 - 2",62,"1 - 2"
"Japan J2-League","Mito Hollyhock","Tokyo Verdy","0 - 2","1 - 2",53,"0 - 2"
"Japan J-League","Nagoya Grampus","Yokohama F-Marinos","0 - 2","1 - 5",60,"0 - 3"
"Estonia Esiliiga B","Paide Linnameeskond II","Pohja-Tallinna JK Volta","0 - 2","1 - 2",50,"0 - 2"
"Norway Division 3 Group 1","Molde 2",Lørenskog,"0 - 1","1 - 2",62,"1 - 1"
"Japan J2-League","Albirex Niigata","Zweigen Kanazawa","1 - 1","2 - 3",65,"1 - 2"
"Portugal U19 League","Benfica U19","Estoril U19","3 - 0","4 - 0",62,"4 - 0"
"Hungary U19 1st Division","Puskas Academy U19","Debreceni VSC U19","1 - 1","1 - 2",64,"1 - 2"
"Norway Division 3 Group 1",Årvoll,"SK Traeff","2 - 1","2 - 1",49,"2 - 1"
"England Premier League",Norwich,Chelsea,"2 - 2","2 - 3",61,"2 - 2"
"Denmark 2. Division Group 1","FA 2000",Slagelse,"2 - 3","5 - 3",65,"2 - 3"
"Finland Kolmonen",Ri-Pa,SiU,"2 - 2","3 - 3",52,"2 - 2"
"Thailand Division 2","Rayong FC","Ayutthaya United","0 - 1","2 - 1",50,"0 - 1"
"Sweden Superettan","Syrianska FC","Västerås SK FK","0 - 1","1 - 2",49,"0 - 1"
"England National League",Halifax,"AFC Fylde","2 - 1","4 - 1",45,"2 - 1"
"England National League North",Gateshead,"Farsley Celtic","0 - 0","0 - 3",65,"0 - 1"
"Russia Division 2","Salyut Belgorod",Khimik-Arsenal,"1 - 0","2 - 1",53,"1 - 1"
"Bulgaria First League","Botev Plovdiv","FK Vitosha","1 - 1","2 - 1",50,"1 - 1"
"Poland Ekstraklasa","Lechia Gdansk","Slask Wroclaw","0 - 1","1 - 1",58,"1 - 1"
"Austria 2. Liga","FC Dornbirn 1913","SV Kapfenberg","3 - 0","6 - 1",63,"3 - 0"
"Hungary NB I","Budapest Honved","Debreceni VSC","1 - 1","2 - 3",64,"1 - 1"
"Spain Segunda",Oviedo,Lugo,"1 - 0","1 - 1",62,"1 - 0"
"Guatemala Liga Nacional","Siquinala FC","CSD Comunicaciones","0 - 1","0 - 2",48,"0 - 1"
"Italy Serie A",Fiorentina,Napoli,"1 - 2","3 - 4",63,"2 - 3"
"Mexico Segunda Division","Mineros de Fresnillo","Alacranes de Durango","0 - 2","0 - 3",62,"0 - 3"
"Panama LPF","San Francisco FC","Sporting San Miguelito","2 - 0","2 - 1",62,"2 - 1"
"Australia Northern NSW Premier League","Valentine Phoenix","Hamilton Olympic","0 - 1","0 - 4",65,"0 - 2"
"Czech Republic 3. Ligy","Hradec Kralove B","FK Prepere","1 - 2","3 - 2",65,"1 - 2"
"Germany Bundesliga U19","TSG Hoffenheim U19","Bayern Munich U19","0 - 1","2 - 2",43,"0 - 1"
"Germany Bundesliga U19","Bochum U19","Wuppertaler U19","0 - 0","3 - 1",60,"2 - 0"
"South Korea K-League 1","Pohang Steelers","Incheon Utd","2 - 1","5 - 3",63,"3 - 2"
"Japan J2-League","Ehime FC","Omiya Ardija","2 - 1","5 - 1",52,"3 - 1"
"South Africa Diski Challenge","Amazulu Reserves","Bloem Celtic Reserves","1 - 2","3 - 4",56,"1 - 2"
"Portugal Segunda Liga","SC Farense","FC Porto B","0 - 1","1 - 3",65,"0 - 1"
"Germany Bundesliga U19","Eintracht Frankfurt U19","VfB Stuttgart U19","2 - 1","2 - 4",64,"2 - 3"
"Germany 3.Liga","Waldhof Mannheim","MSV Duisburg","2 - 2","4 - 3",62,"2 - 3"
"Russia Division 2","Dynamo Barnaul","FC Novosibirsk","1 - 1","1 - 2",63,"1 - 2"
"Republic of Ireland FAI Cup","Crumlin United","Lucan United","3 - 0","3 - 1",51,"3 - 0"
"Germany Oberliga Rheinland-Pfalz/Saar","Elversberg II","FV Dudenhofen","1 - 0","6 - 1",65,"4 - 0"
"Czech Republic 3. Ligy",Hostoun,Stechovice,"0 - 0","1 - 1",64,"0 - 1"
"Slovenia Prva Liga","NK Triglav Kranj","NK Celje","0 - 3","0 - 6",64,"0 - 4"
"Argentina Superliga","Godoy Cruz","Estudiantes LP","0 - 1","2 - 1",58,"1 - 1"
"Brazil U20 League","Palmeiras U20","Cruzeiro U20","2 - 1","3 - 1",58,"3 - 1"
"Czech Republic First League","Mlada Boleslav","Ceske Budejovice","2 - 2","4 - 2",58,"3 - 2"
"Lithuania A Lyga","FK Palanga","Atlantas Klaipeda","0 - 0","0 - 2",60,"0 - 1"
"Hungary NB II",Soroksar,"Dunakanyar Vac","1 - 0","1 - 0",59,"1 - 0"
"Poland Ekstraklasa","LKS Lodz","Legia Warsaw","1 - 0","2 - 3",51,"1 - 1"
"Luxembourg Division Nationale","UNA Strassen","FC 03 Differdange","0 - 1","1 - 3",61,"1 - 1"
"Poland I Liga","Chojniczanka Chojnice","MKS Puszcza Niepolomice","0 - 1","0 - 1",60,"0 - 1"
"Peru Primera Division","CD Universidad San Martin","Pirata FC","1 - 0","2 - 2",65,"2 - 1"
"Hungary NB II","Csakvari Tk","Szombathelyi Haladas","1 - 1","3 - 1",55,"2 - 1"
"Brazil Campeonato Paulista U20","Santos U20","Primavera SP U20","2 - 0","3 - 0",56,"3 - 0"
"Italy Serie A",Spal,Atalanta,"2 - 1","2 - 3",49,"2 - 1"
"Italy Serie A",Sampdoria,Lazio,"0 - 1","0 - 3",53,"0 - 1"
"Italy Serie A",Torino,Sassuolo,"1 - 0","2 - 1",59,"2 - 0"
"Italy Serie A",Roma,Genoa,"2 - 2","3 - 3",63,"3 - 2"
"Chile Primera Division","Universidad de Chile","Universidad Catolica","0 - 1","1 - 1",63,"0 - 1"
"Uruguay Torneo Intermedio","Defensor Sporting",Danubio,"2 - 1","3 - 1",56,"2 - 1"
"Chile Primera Division",Huachipato,"CD Antofagasta","1 - 1","4 - 3",62,"2 - 1"
"Russia U20 League","Ural U20","FC Sochi U20","3 - 3","5 - 3",61,"4 - 3"
"Georgia Erovnuli Liga 2","Kolkheti Poti","FC Telavi","1 - 2","2 - 5",61,"1 - 3"
"England Northern Premier League",Hyde,Buxton,"2 - 1","3 - 1",53,"2 - 1"
"Serbia Prva Liga","Buducnost Dobanovci","FK Graficar Beograd","1 - 1","2 - 2",65,"2 - 1"
"Russia Division 2","Akron Tolyatti","Kamaz Nab Chelny","1 - 3","4 - 4",53,"1 - 3"
"UAE Cup","Hatta Dubai","Al Wasl SC","2 - 1","3 - 4",63,"2 - 2"
"Croatia 2.HNL","NK Osijek II","Bijelo Brdo","4 - 0","6 - 0",62,"5 - 0"
"Norway Division 3 Group 2","FK Tønsberg","Mjondalen 2","2 - 0","4 - 2",62,"4 - 1"
"Mali Premiere Division","Black Star","Club Olympique de Bamako","1 - 3","2 - 3",65,"1 - 3"
"Estonia U19 League","JK Nomme United U19","JK Tabasalu U19","1 - 1","3 - 1",50,"1 - 1"
"Slovakia Youth League","Spartak Trnava U19","Dukla Banska Bystrica U19","1 - 0","1 - 0",53,"1 - 0"
"England EFL Cup",Crewe,"Aston Villa","0 - 3","1 - 6",65,"0 - 3"
"Northern Ireland Cup","Bangor FC","Carrick Rangers","0 - 1","5 - 3",60,"1 - 1"
"Czech Republic Youth League","Meteor Praha VIII U19","Sparta Prague U19","0 - 4","0 - 6",63,"0 - 5"
"Australia Tasmania Premier League","South Hobart","Kingborough Lions","0 - 1","1 - 1",64,"0 - 1"
"Hungary U19 1st Division","Debreceni VSC U19","MTK Budapest U19","0 - 2","0 - 4",52,"0 - 2"
"Croatia Cup","NK Maksimir","NK Varazdin","0 - 2","2 - 6",62,"0 - 3"
"Czech Republic Cup","SK Unicov","FC Fastav Zlín","0 - 2","1 - 4",50,"0 - 3"
"Denmark Cup","Kjellerup IF","Vendsyssel FF","0 - 6","0 - 9",43,"0 - 6"
"Estonia Meistriliiga","Maardu Linnameeskond","JK Viljandi Tulevik","1 - 1","2 - 2",51,"2 - 1"
"Finland Kolmonen","Kultsu FC",Virky,"1 - 1","3 - 1",64,"2 - 1"
"Switzerland 1.Liga Promotion","AC Bellinzona","FC Zurich II","0 - 1","2 - 1",63,"1 - 1"
"Scotland Lowland League","Gala Fairydean","East Stirlingshire","0 - 3","0 - 3",62,"0 - 3"
"England EFL Cup","Lincoln City",Everton,"1 - 1","2 - 4",60,"1 - 2"
"Copa Libertadores",Internacional,Flamengo,"0 - 0","1 - 1",63,"1 - 0"
"Indonesia Liga 2","Persita Tangerang","PSCS Cilacap","0 - 1","3 - 1",56,"0 - 1"
"Israel Cup","Hapoel Beit Shean Mesilot","Maccabi Bnei Raina","1 - 2","3 - 4",59,"1 - 3"
"Finland Kolmonen","FC Kiisto","VPV Pallo-Veikot","5 - 2","7 - 2",65,"5 - 2"
"UEFA Europa League Qualifying","Hapoel Beer Sheva",Feyenoord,"0 - 0","0 - 3",61,"0 - 2"
"CONCACAF League","Tauro FC","Alianza FC San Salvador","1 - 0","1 - 0",62,"1 - 0"
"Argentina Reserve League","Defensa y Justicia Reserves","Banfield Reserves","1 - 0","1 - 1",58,"1 - 1"
"Uganda Premier League",URA,Maroons,"1 - 0","3 - 0",65,"2 - 0"
"Uganda Premier League","Bright Stars","Vipers SC","1 - 0","1 - 3",65,"1 - 2"
"Croatia U19 League","Hrvatski Dragovoljac U19","Hajduk Split U19","0 - 1","1 - 4",62,"0 - 3"
"Ukraine Persha Liga","Chernomorets Odessa","FK Prykarpattya Ivano-Frankivsk","2 - 0","3 - 2",58,"2 - 1"
"Finland Kolmonen","FC Peltirumpu",KyPa,"0 - 3","1 - 5",56,"0 - 5"
"Sweden 2.div Västra Götaland","Eslövs BK","Hittarps IK","2 - 1","4 - 2",54,"3 - 1"
"Austria 2. Liga","SV Kapfenberg","SV Ried","0 - 2","2 - 3",61,"1 - 2"
"Germany Oberliga Rheinland-Pfalz/Saar","SV Gonsenheim","TSG Pfeddersheim","3 - 1","4 - 2",42,"3 - 1"
"Germany Oberliga Hamburg","TuS Osdorf","Niendorfer TSV","0 - 1","1 - 2",56,"1 - 1"
"France Ligue 2","US Orleans 45",Niort,"0 - 0","0 - 1",65,"0 - 1"
"Scotland Championship","Inverness CT",Morton,"1 - 0","5 - 0",63,"2 - 0"
"Scotland Championship","Dundee Utd",Dundee,"4 - 1","6 - 2",53,"5 - 1"
"Republic of Ireland Premier Division","Cork City","Sligo Rovers","1 - 2","2 - 4",47,"1 - 2"
"Northern Ireland Championship",Ards,Portadown,"2 - 0","2 - 4",63,"2 - 2"
"Northern Ireland Premier",Glenavon,Coleraine,"0 - 1","0 - 4",58,"0 - 2"
"Paraguay Division Profesional","Sportivo Luqueno","Libertad Asuncion","0 - 2","1 - 5",61,"1 - 2"
"Chile Primera B",Barnechea,"San Luis Quillota","2 - 1","3 - 2",53,"2 - 2"
"Australia Tasmania Championship","Nelson Eastern Suburbs","South East United FC","0 - 1","2 - 3",64,"0 - 1"
"Greece Super League U19","Larissa U19","Olympiakos U19","0 - 2","1 - 4",63,"0 - 3"
"Croatia U19 League","NK Sesvete U19","NK Lokomotiva Zagreb U19","0 - 3","1 - 5",52,"0 - 4"
"Australia NPL Queensland","Lions FC","Sunshine Coast","4 - 0","7 - 1",48,"4 - 0"
"Australia NPL Queensland","Brisbane Roar FC U21","Magpies Crusaders","0 - 0","1 - 1",58,"0 - 1"
"Russia U20 League","Spartak Moscow U20","Zenit St Petersburg U20","2 - 3","3 - 4",65,"3 - 4"
"Portugal U23 League","Feirense U23","Cova de Piedade U23","0 - 1","1 - 1",56,"1 - 1"
"Japan J3-League","Cerezo Osaka U23","Roasso Kumamoto","0 - 0","0 - 1",65,"0 - 1"
"Japan J2-League","Kashiwa Reysol","Albirex Niigata","0 - 1","1 - 1",57,"0 - 1"
"Czech Republic Youth League","Sparta Prague U19","Sigma Olomouc U19","1 - 2","1 - 2",59,"1 - 2"
"Germany U19 Cup","SSV Ulm U19","TSG Hoffenheim U19","0 - 0","4 - 2",60,"0 - 1"
"Hungary U19 1st Division","MTK Budapest U19","Haladas U19","3 - 1","4 - 4",62,"4 - 2"
"Germany Regionalliga Bayern","Augsburg II","Greuther Furth II","1 - 0","2 - 2",56,"1 - 0"
"Belarus Premier League","Slavia Mozyr","Dinamo Brest","1 - 2","2 - 4",63,"2 - 3"
"Germany Oberliga Hessen","Viktoria Griesheim","TSV Eintracht Stadtallendorf","0 - 2","0 - 4",65,"0 - 2"
"Botswana Premier League","Prisons XI Gaborone","BR Highlanders","2 - 0","2 - 1",49,"2 - 0"
"Sweden 2.div Västra Götaland","IS Halmia","Ullareds IK","1 - 2","5 - 2",63,"3 - 2"
"Northern Ireland Premier",Crusaders,"Dungannon Swifts","2 - 0","3 - 0",65,"3 - 0"
"Spain Segunda B Group 2","Arenas Club de Getxo",Tudelano,"0 - 0","1 - 1",63,"0 - 1"
"Russia Division 1","Tekstilshchik Ivanovo","Fakel Voronezh","0 - 1","1 - 4",62,"0 - 2"
"Argentina Primera C Metropolitana","Victoriano Arenas","Deportivo Espanol","0 - 2","1 - 4",62,"0 - 2"
"Sweden 1.div Södra","IFK Varnamo","IK Oddevold","1 - 0","1 - 0",63,"1 - 0"
"Czech Republic 2. Liga","SK Lisen","Viktoria Zizkov","1 - 1","3 - 3",39,"1 - 1"
"Italy Serie B",Benevento,Cittadella,"1 - 0","4 - 1",60,"3 - 0"
"Portugal U19 League","Vizela U19","Braga U19","1 - 1","1 - 2",65,"1 - 1"
"Germany Oberliga Hessen","FC Hanau 93","KSV Hessen Kassel","2 - 0","2 - 2",62,"2 - 0"
"Israel Premier League","Maccabi Netanya","Sektzia Nes Tziona","2 - 0","3 - 0",64,"3 - 0"
"England National League",Chorley,"Boreham Wood","0 - 2","1 - 3",63,"0 - 3"
"Hungary NB I","MOL Fehervar FC","Kisvarda FC","1 - 0","3 - 0",62,"2 - 0"
"Mauritania Division 1","ASAC Concorde","ACS Ksar","2 - 1","3 - 1",51,"2 - 1"
"Bolivia Nacional B","CD Torre Fuerte","Vaca Diez","0 - 1","0 - 1",54,"0 - 1"
"Venezuela Primera Division","Llaneros De Guanare",Carabobo,"0 - 3","1 - 3",50,"0 - 3"
"Brazil Serie B",Bragantino,"Brasil de Pelotas","1 - 1","2 - 1",64,"2 - 1"
"Brazil U20 League","Ferroviario do Cabo U20","Ipojuca AC U20","1 - 0","2 - 0",64,"2 - 0"
"Guatemala Primera Division","Deportivo Catocha","CSD Comunicaciones II","1 - 1","2 - 1",64,"2 - 1"
"Mexico Liga de Ascenso Apertura",Dorados,"Universidad Guadalajara","0 - 1","2 - 3",62,"0 - 2"
"Australia New South Wales League 2","Bonnyrigg White Eagles","Northern Tigers","1 - 1","4 - 2",64,"1 - 1"
"Croatia U19 League","Slaven Koprivnica U19","NK Varazdin U19","0 - 1","0 - 4",64,"0 - 1"
"Slovakia 2. Liga","MSK Zilina B","STK Samorin","1 - 0","3 - 1",56,"1 - 1"
"Croatia 3.HNL","NK Trnje","NK Maksimir","1 - 3","4 - 3",62,"3 - 3"
"Lithuania 1 Lyga","FK Riteriai II","FK Vilnius","1 - 0","2 - 0",54,"1 - 0"
"Japan J3-League","Gamba Osaka U23","Fukushima Utd","1 - 0","6 - 0",63,"4 - 0"
"Sweden Superettan","Jonkopings Sodra","Orgryte IS","2 - 2","5 - 2",56,"2 - 2"
"Germany Oberliga Westfalen","1.FC Kaan-Marienborn","Rot Weiss Ahlen","1 - 1","1 - 3",63,"1 - 2"
"Germany Oberliga Hessen","VfB Ginsheim",Baunatal,"1 - 1","6 - 2",57,"2 - 1"
"Italy Serie C Group B",Sudtirol,Carpi,"0 - 1","2 - 3",62,"1 - 2"
"Botswana Premier League","BDF XI",Miscellaneous,"0 - 0","1 - 0",47,"1 - 0"
"Russia Premier League","Arsenal Tula","CSKA Moscow","1 - 1","1 - 2",55,"1 - 1"
"Germany Oberliga Mittelrhein","FC Pesch 1956","Siegburger SV 04","2 - 0","4 - 0",54,"2 - 0"
"Sweden 1.div Södra","Ljungskile SK","Oskarshamns AIK","3 - 0","9 - 0",59,"5 - 0"
"Italy Serie D",Nocerina,"Grumentum Valdagri","0 - 1","3 - 1",64,"1 - 1"
"Switzerland Super League",Basel,Lugano,"1 - 0","2 - 1",60,"2 - 0"
"Argentina Superliga",Colon,"Rosario Central","1 - 1","1 - 1",63,"1 - 1"
"Czech Republic First League",Opava,"Slavia Prague","0 - 1","1 - 1",61,"0 - 1"
"Norway Division 1",Tromsdalen,Ham-Kam,"0 - 1","2 - 5",60,"1 - 2"
"Austria Bundesliga","FK Austria Vienna","Rapid Vienna","1 - 1","1 - 3",55,"1 - 2"
"Portugal Campeonato Nacional","SC Espinho","SC Vila Real","2 - 0","5 - 0",59,"3 - 0"
"Turkey Super Lig",Genclerbirligi,"Istanbul Basaksehir","1 - 0","1 - 2",65,"1 - 0"
"Mauritania Division 1","Nouakchott Kings","ASC Police","0 - 0","1 - 1",64,"1 - 0"
"Guatemala Liga Nacional","Deportivo Sanarate FC","CSD Municipal","0 - 1","0 - 1",62,"0 - 1"
"Serbia Super Liga","Mladost Lucani","Javor Ivanjica","1 - 1","3 - 3",65,"2 - 1"
"Bosnia & Herzegovina Premier Liga","Borac Banja Luka","NK Celik Zenica","2 - 1","3 - 1",61,"2 - 1"
"Poland Ekstraklasa","Legia Warsaw","Rakow Czestochowa","2 - 0","3 - 1",63,"3 - 0"
"Brazil Campeonato Pernambucano A2","Ibis SC","Retro FC Brasil","0 - 2","0 - 2",61,"0 - 2"
"Slovenia Prva Liga","NK Domzale","NK Maribor","0 - 1","0 - 1",63,"0 - 1"
"Italy Serie A",Atalanta,Torino,"1 - 1","2 - 3",65,"2 - 2"
"Turkey Super Lig","Yeni Malatyaspor",Alanyaspor,"0 - 3","2 - 3",62,"2 - 3"
"Mauritania Division 1",JAHE,"ASC Medine","0 - 0","0 - 2",48,"0 - 1"
"Iceland Premier League",Breidablik,"Fylkir Reykjavik","3 - 0","4 - 3",58,"4 - 0"
"Guatemala Primera Division","CD Sansare",Petapa,"2 - 2","3 - 2",64,"3 - 2"
"Chile Primera Division","Colo Colo",Cobresal,"0 - 1","0 - 2",64,"0 - 1"
"Israel Premier League","Hapoel Ironi Kiryat Shmona","Hapoel Kfar Saba","0 - 2","1 - 3",63,"1 - 2"
"Sweden Folksam U21","Osters IF U21","Jonkopings Sodra U21","2 - 0","3 - 0",56,"2 - 0"
"Denmark Cup","Herstedøster IC",HIK,"1 - 3","4 - 7",57,"1 - 5"
"England National League South","St Albans",Wealdstone,"1 - 1","2 - 3",62,"1 - 2"
"England National League North","AFC Telford","Gloucester City","1 - 2","4 - 3",55,"1 - 2"
"Australia Tasmania Championship","South East United FC","Beachside FC","1 - 4","1 - 9",58,"1 - 6"
"Ukraine Persha Liga","FK Minai","Balkany Zorya","2 - 0","2 - 1",56,"2 - 0"
"Czech Republic 3. Ligy","Hanacka Slavia Kromeriz","Frydek Mistek","3 - 0","4 - 2",52,"3 - 0"
"Czech Republic Cup",Hostoun,"Vysocina Jihlava","1 - 4","1 - 6",55,"1 - 5"
"Venezuela Cup","Llaneros De Guanare","CD Lara","1 - 1","1 - 1",61,"1 - 1"
"U20 International","Germany U20","Czech Rep U20","1 - 0","4 - 2",60,"1 - 0"
"Sweden 3.div Nordvästra Götaland","Kållered SK","Landvetter IS","1 - 2","1 - 2",63,"1 - 2"
"Australia Friendlies","Dandenong Thunder","Melbourne Victory","1 - 2","1 - 6",64,"1 - 2"
"Russia Division 2","FK Leningradets","Torpedo Vladimir","0 - 1","2 - 4",55,"0 - 2"
"Czech Republic 3. Ligy","Kraluv Dvur","SK Rakovnik","1 - 0","3 - 1",58,"1 - 0"
"Denmark Series Group 3","Kolding B","Varde IF","2 - 2","3 - 5",48,"2 - 2"
"Europe Friendlies","ASK Mannersdorf","FK Austria Vienna","0 - 3","0 - 8",45,"0 - 3"
"European U21 Championship Qual","Azerbaijan U21","Slovakia U21","1 - 0","2 - 1",56,"1 - 0"
"Europe Friendlies","Vasas SC",Ujpest,"3 - 2","4 - 3",51,"3 - 2"
"Germany Oberliga Baden-Wuerttemberg","FC Nottingen","FSV 08 Bissingen","1 - 0","2 - 2",60,"1 - 1"
"Euro 2020 Qualifying",Slovakia,Croatia,"0 - 1","0 - 4",55,"0 - 2"
"USA College Championship","Michigan State",Washington,"1 - 0","1 - 1",35,"1 - 1"
"Australia Tasmania Premier League","Kingborough Lions","Glenorchy Knights FC","2 - 1","3 - 2",59,"2 - 1"
"Australia Tasmania Championship","New Town Eagles","Hobart United","1 - 2","2 - 4",51,"1 - 2"
"Australia Victoria Premier League 2","Werribee City","Ballarat City FC","0 - 2","2 - 2",46,"0 - 2"
"South Africa Diski Challenge","Polokwane City Reserves","Cape Town City FC Reserves","1 - 2","2 - 3",46,"1 - 2"
"Kenya Super League","Kibera Black Stars","Modern Coast Rangers FC","1 - 1","1 - 1",52,"1 - 1"
"Hungary U19 1st Division","Gyor Eto FC U19","Budapest Honved U19","2 - 0","4 - 0",64,"3 - 0"
"Japan J2-League","Yokohama FC","Ventforet Kofu","1 - 1","3 - 2",55,"2 - 1"
"Japan J3-League","Gainare Tottori","Blaublitz Akita","0 - 4","1 - 4",65,"0 - 4"
"Kenya Super League","Administration Police FC","St Josephs Youth","1 - 1","1 - 1",60,"1 - 1"
"Sweden Damallsvenskan","Eskilstuna Utd Women","Kopparbergs/Göteborg Women","0 - 1","2 - 1",61,"1 - 1"
"Denmark 2. Division Group 1",Frem,Brønshøj,"1 - 0","3 - 2",63,"1 - 0"
"Germany Regionalliga West","Sportfreunde Lotte","Rot-Weiss Oberhausen","0 - 0","0 - 2",64,"0 - 1"
"Slovakia 2. Liga","Tatran Liptovsky Mikulas","KFC Komarno","4 - 1","4 - 1",52,"4 - 1"
"Sweden 2.div Västra Götaland","Onsala BK","IFK Malmö FK","1 - 1","3 - 1",59,"2 - 1"
"Czech Republic 3. Ligy","Slovan Rosice","SK Unicov","2 - 0","3 - 1",63,"3 - 1"
"Germany Regionalliga North","SSV Jeddeloh","Holstein Kiel II","3 - 1","4 - 2",62,"3 - 1"
"England FA Cup Qualification","Nantwich Town",Grantham,"1 - 1","3 - 1",63,"2 - 1"
"England National League North","Spennymoor Town","Kings Lynn Town","1 - 0","2 - 2",65,"2 - 1"
"England National League",Halifax,Yeovil,"0 - 1","0 - 2",47,"0 - 1"
"Norway Division 3 Group 3","Viking 2",Vindbjart,"3 - 2","5 - 2",51,"3 - 2"
"France National 2","St Pryve St Hilaire","Blois Foot 41","1 - 0","2 - 1",65,"1 - 0"
"Russia Division 1","FC Chayka","Rotor Volgograd","2 - 0","2 - 1",63,"2 - 1"
"Spain Segunda B Group 1","Marino de Luanco","Getafe B","1 - 1","2 - 3",63,"2 - 2"
"Austria Landesliga","SV Lafnitz II","Weinland Gamlitz","1 - 1","1 - 2",63,"1 - 1"
"Algeria Division 2","MC El Eulma","JSM Skikda","1 - 1","1 - 1",53,"1 - 1"
"Brazil Paulista Serie B","Maua FC",Itapirense,"1 - 1","3 - 3",64,"2 - 3"
"Belgium First Division B","OH Leuven",Roeselare,"3 - 0","4 - 0",58,"3 - 0"
"Holland Eerste Divisie","Go Ahead Eagles",Excelsior,"1 - 0","2 - 2",55,"1 - 1"
"Bolivia Nacional B","Deportivo FATIC","Virgen de Chijipata","2 - 0","5 - 0",57,"2 - 0"
"USA USL Championship","Hartford Athletic","Loudoun United FC","5 - 1","5 - 1",55,"5 - 1"
"Argentina Cup",Lanus,"Argentinos Jrs","2 - 1","4 - 1",65,"3 - 1"
"Hong Kong 1st Division","Central & Western","Hoi King","1 - 0","1 - 1",64,"1 - 1"
"South Africa Diski Challenge","Stellenbosch FC Reserves","Baroka FC Reserves","0 - 2","1 - 3",51,"1 - 2"
"Australia NPL Queensland","Gold Coast Knights","Peninsula Power","2 - 0","2 - 1",54,"2 - 0"
"Norway Division 3 Group 2","Vålerenga 2","Mjondalen 2","0 - 0","2 - 0",58,"1 - 0"
"Germany Oberliga Hessen","Bad Vilbel","FC Eddersheim","1 - 2","1 - 4",57,"1 - 3"
"Sweden Damallsvenskan","FC Rosengard Women","Djurgardens Women","2 - 0","3 - 1",52,"2 - 0"
"Poland III Liga","Radunia Stezyca","Baltyk Gdynia","0 - 0","1 - 0",54,"1 - 0"
"Brazil Paulista Serie B","Flamengo SP","Rio Branco SP","1 - 0","3 - 1",64,"3 - 0"
"Iceland 2 Deild",Kari,"Leiknir Faskrudsfjordur","0 - 1","0 - 2",65,"0 - 1"
"Poland III Liga","KS Polonia Sroda Wlkp","Sokol Kleczew","2 - 0","2 - 3",63,"2 - 1"
"Argentina Primera B Metropolitana","CA San Telmo",Fenix,"2 - 1","4 - 2",48,"2 - 1"
"Spain Segunda B Group 1",Coruxo,"Racing Ferrol","2 - 0","2 - 0",65,"2 - 0"
"Guatemala Primera Division",Suchitepequez,"Chimaltenango FC","2 - 1","4 - 2",60,"2 - 1"
"Bolivia Nacional B","Stormer's Sporting Club","Real Tomayapo","1 - 1","1 - 4",51,"1 - 1"
"Venezuela Primera Division","Llaneros De Guanare","Portuguesa FC","1 - 0","1 - 0",61,"1 - 0"
"El Salvador Apertura","Municipal Limeno","Independiente San Vicente","1 - 0","2 - 3",53,"1 - 1"
"Colombia Primera A","Independiente Medellin","Atletico Nacional Medellin","0 - 3","1 - 4",65,"0 - 3"
"Europe Friendlies","FC West Armenia","Sevan FC","0 - 2","3 - 4",59,"1 - 2"
"Finland Division 1",KTP,"FF Jaro","0 - 1","3 - 1",56,"0 - 1"
"Euro 2020 Qualifying",Azerbaijan,Croatia,"0 - 1","1 - 1",60,"0 - 1"
"Sweden 1.div Södra","IK Oddevold","Utsiktens BK","1 - 1","1 - 1",65,"1 - 1"
"Jamaica Premier League","Harbour View FC",Cavalier,"0 - 0","3 - 0",64,"1 - 0"
"Australia Western Australia U20 League","Perth SC U20","Cockburn City U20","1 - 0","3 - 1",59,"2 - 0"
"Slovakia Cup","TJ Velke Lovce","FC Nitra","0 - 5","0 - 7",56,"0 - 5"
"Estonia U19 League","FC Flora Tallinn U19","FCI Tallinn U19","0 - 1","2 - 2",65,"1 - 2"
"Denmark Cup","Varde IF","Thisted FC","1 - 1","3 - 4",60,"1 - 1"
"European U21 Championship Qual","Liechtenstein U21","Switzerland U21","0 - 1","0 - 5",61,"0 - 2"
"European U21 Championship Qual","Sweden U21","Rep Of Ireland U21","1 - 0","1 - 3",48,"1 - 0"
"Austria Amateur Cup","SVH Waldbach","FC Gleisdorf 09","1 - 1","2 - 3",61,"1 - 1"
"Republic of Ireland Munster Senior League","Blarney United",Ballinhassig,"2 - 1","3 - 2",51,"2 - 1"
"Euro 2020 Qualifying",Lithuania,Portugal,"1 - 1","1 - 5",61,"1 - 1"
"Brazil Serie B",CRB,"Brasil de Pelotas","2 - 0","3 - 1",61,"2 - 0"
"Europe Friendlies",Chertanovo,"FK Spartaks","3 - 0","0 - 0",16,"4 - 1"
"Italy Serie D","US Adriese",Este,"0 - 0","1 - 0",64,"1 - 0"
"Slovenia Cup","NK Nafta 1903","NK Krsko","1 - 0","2 - 0",58,"1 - 0"
"Germany Regionalliga North East","Babelsberg 03","Wacker Nordhausen","0 - 1","2 - 2",57,"2 - 1"
"Germany Regionalliga North East",Halberstadt,"BSG Chemie Leipzig","3 - 0","3 - 3",41,"3 - 0"
"Germany Landespokal","Delbrucker SC","Sportfreunde Lotte","0 - 1","0 - 4",54,"0 - 1"
"Northern Ireland Reserve League","Glenavon Reserves","Carrick Rangers Reserves","2 - 2","2 - 3",57,"2 - 2"
"Estonia Esiliiga","Parnu JK Vaprus","Levadia Tallinn II","1 - 3","1 - 6",60,"1 - 4"
"Paraguay Cup","Ovetense FC","Deportivo Capiata","0 - 0","0 - 1",54,"0 - 1"
"Ukraine Reserve League","Shakhtar Donetsk Reserves","Zorya Reserves","1 - 0","3 - 0",62,"2 - 0"
"Israel Liga Bet South","Shimshon Tel Aviv","Hapoel Mahane Yehuda","0 - 1","0 - 1",56,"0 - 1"
"China Super League","Shandong Luneng","Shanghai SIPG","3 - 1","3 - 1",64,"3 - 1"
"Azerbaijan Division 1","Sabail FC II","Sabah FK II","2 - 0","3 - 1",65,"3 - 1"
"Israel Liga Bet South","SC Bnei Yaffo Ortodoxim","Beitar Petah Tikva","2 - 2","2 - 2",65,"2 - 2"
"Macedonia First League","Akademija Pandev","FK Renova","1 - 0","2 - 0",62,"1 - 0"
"Romania Liga III","FC Ozana Targu Neamt","CSM Ceahlaul Piatra Neamt","1 - 2","1 - 2",64,"1 - 2"
"Austria 2. Liga","SKU Amstetten","Vorwarts Steyr","1 - 0","2 - 1",46,"1 - 0"
"Austria Regionalliga Mitte","SC Weiz","SV Ried II","4 - 0","5 - 0",60,"4 - 0"
"Austria Regionalliga Mitte","SV Allerheiligen","SK Sturm Graz II","1 - 0","1 - 1",55,"1 - 0"
"Sweden 2.div Norra Svealand","IFK Lidingo","Täby FK","1 - 1","2 - 4",59,"2 - 2"
"Turkey Super Lig",Galatasaray,Kasimpasa,"1 - 0","1 - 0",62,"1 - 1"
"Germany Oberliga Hamburg","FC Süderelbe","Hamburger SV III","3 - 3","4 - 3",63,"3 - 3"
"Holland Eerste Divisie","De Graafschap","Ajax Reserves","0 - 2","3 - 2",64,"2 - 2"
"Holland Eerste Divisie","PSV Reserves","AZ Reserves","0 - 2","3 - 2",48,"0 - 2"
"Argentina Primera B Metropolitana","Tristan Suarez","CA Colegiales","1 - 1","3 - 1",54,"1 - 1"
"Brazil U20 Cup","Aparecidense U20","Trindade U20","0 - 0","2 - 0",61,"2 - 0"
"Ecuador Campeonato Nacional","Deportivo Cuenca",Olmedo,"2 - 0","2 - 1",61,"2 - 0"
"Hong Kong Premier League",R&F,"Eastern Long Lions","0 - 1","0 - 4",61,"0 - 1"
"Mongolia Premier League","Khangarid Klub",Erchim,"3 - 1","3 - 5",53,"3 - 1"
"Greece Super League U19","Xanthi U19","Asteras Tripolis U19","2 - 1","4 - 2",61,"3 - 2"
"Romania Liga II","Dunarea Calarasi","Universitatea Cluj","2 - 1","3 - 2",61,"2 - 2"
"Slovakia Youth League","AS Trencin U19","MSK Zilina U19","0 - 0","2 - 1",62,"1 - 1"
"Germany Bundesliga U19","FC Viktoria Köln U19","Borussia Dortmund U19","0 - 0","0 - 2",64,"0 - 1"
"Australia South Australia Premier League","Campbelltown City","Adelaide Comets","2 - 0","3 - 0",65,"3 - 0"
"Germany Bundesliga U19","Eintracht Frankfurt U19","Karlsruher U19","1 - 0","3 - 0",62,"2 - 0"
"Kazakhstan Division 1","FK Kyran","Zhetysu II","1 - 0","1 - 1",53,"1 - 0"
"Denmark 2. Division Group 1","FA 2000",Hillerød,"3 - 1","3 - 1",62,"3 - 1"
"Germany Regionalliga South West",Pirmasens,Elversberg,"0 - 3","1 - 3",59,"0 - 3"
"Germany 3.Liga","SG Sonnenhof Grossaspach","Bayern Munich II","0 - 2","2 - 2",57,"0 - 2"
"Germany 3.Liga","Waldhof Mannheim","Wurzburger Kickers","1 - 1","1 - 2",48,"1 - 1"
"Germany 3.Liga","1860 Munich","Carl Zeiss Jena","2 - 0","3 - 1",51,"2 - 0"
"Sweden 1.div Södra","Utsiktens BK","FC Trollhattan","2 - 0","4 - 0",58,"2 - 0"
"Portugal U23 League","CD Aves U23","Leixoes U23","1 - 0","3 - 1",53,"1 - 0"
"Uzbekistan PFL",AGMK,"Dinamo Samarqand","1 - 0","3 - 1",65,"1 - 0"
"Northern Ireland Premier","Warrenpoint Town","Carrick Rangers","0 - 2","0 - 3",64,"0 - 3"
"Ukraine Vyscha Liga","Shakhtar Donetsk",Zorya,"1 - 2","4 - 3",64,"3 - 2"
"England National League",Chesterfield,Torquay,"1 - 0","1 - 0",63,"1 - 0"
"Italy Campionato Primavera 1","Sampdoria U19","Atalanta U19","1 - 3","2 - 3",55,"1 - 3"
"Austria Bundesliga","FC Salzburg",Hartberg,"2 - 1","7 - 2",51,"3 - 1"
"Hungary NB I","Puskas Academy","Kaposvari Rakoczi","0 - 0","2 - 0",64,"2 - 0"
"Switzerland Cup","FC Freienbach","Young Boys","0 - 5","2 - 11",54,"0 - 6"
"Poland Ekstraklasa","Lechia Gdansk","Lech Poznan","2 - 1","2 - 1",63,"2 - 1"
"France National 2",Vitre,"Saint Malo","0 - 1","0 - 2",64,"0 - 1"
"Azerbaijan Premier League",Sabah,"FK Qabala","0 - 0","0 - 1",65,"0 - 1"
"Germany Bundesliga I","RB Leipzig","Bayern Munich","1 - 1","1 - 1",62,"1 - 1"
"USA MLS","New York City FC","San Jose Earthquakes","2 - 1","2 - 1",61,"2 - 1"
"Poland II Liga","Gornik Polkowice","MKP Pogon Siedlce","1 - 1","1 - 1",60,"1 - 1"
"Poland I Liga","Termalica BB Nieciecza","Warta Poznan","0 - 0","1 - 1",60,"1 - 0"
"Serbia Super Liga","FK Vozdovac","FK Cukaricki","0 - 1","2 - 2",53,"0 - 1"
"Brazil Campeonato Carioca B","Duque de Caxias FC","Goncalense FC","1 - 0","2 - 0",65,"1 - 0"
"Dominican Republic Liga","Atletico Vega Real","Cibao FC","0 - 1","1 - 2",54,"0 - 1"
"Peru Primera Division","UTC Cajamarca","Alianza Lima","1 - 1","1 - 1",64,"1 - 1"
"Brazil Serie A",Chapecoense,"Vasco da Gama","0 - 1","1 - 2",52,"0 - 1"
"Paraguay Division Profesional","Sol de America","Guarani Asuncion","0 - 1","0 - 1",65,"0 - 1"
"USA USL Championship","Hartford Athletic","Louisville City FC","0 - 0","0 - 1",63,"0 - 1"
"USA MLS","Orlando City SC","New England Revolution","1 - 3","3 - 3",64,"3 - 3"
"Hong Kong 1st Division","Citizen AA","Hong Kong Sapling","2 - 1","3 - 2",58,"3 - 1"
"Hong Kong 1st Division","Eastern District","Hoi King","0 - 0","2 - 0",49,"1 - 0"
"Czech Republic 3. Ligy","Banik Ostrava B","Velke Mezirici","3 - 1","4 - 2",65,"3 - 2"
"Czech Republic 3. Ligy","FC Fastav Zlín II","Dolni Benesov","3 - 0","6 - 3",50,"3 - 1"
"Croatia 3.HNL","Gaj Mace","NK Vinogradar","0 - 0","1 - 2",65,"1 - 2"
"Germany Bundesliga U19","Kickers Offenbach U19","Augsburg U19","1 - 1","2 - 2",52,"1 - 1"
"Portugal U19 League","Feirense U19","FC Porto U19","1 - 1","1 - 1",58,"1 - 1"
"Russia Division 2","FK Lada Tolyatti","FK Tyumen","1 - 0","1 - 1",62,"1 - 1"
"Italy Serie A",Brescia,Bologna,"3 - 1","3 - 4",62,"3 - 3"
"Italy Serie C Group B",Sudtirol,"Reggio Audace FC","0 - 1","0 - 3",55,"0 - 2"
"Germany Oberliga Hessen","VfB Ginsheim","KSV Hessen Kassel","2 - 1","3 - 1",54,"2 - 1"
"Switzerland Cup",Aarau,"FC Sion","1 - 1","1 - 2",65,"1 - 1"
"Italy Campionato Primavera 1","Fiorentina U19","Bologna U19","2 - 1","6 - 3",63,"4 - 2"
"Poland II Liga","Gryf Wejherowo","Olimpia Elblag","1 - 1","1 - 4",51,"1 - 2"
"Venezuela Primera Division",Caracas,Monagas,"0 - 0","1 - 0",65,"1 - 0"
"Italy Serie C Group C","Bisceglie 1913",Potenza,"0 - 2","0 - 3",61,"0 - 3"
"Saudi Arabia Premier League","Al Hazm","Al Ittifaq Dammam","0 - 3","0 - 6",61,"0 - 4"
"Hungary NB II","Szeged 2011","Csakvari Tk","3 - 0","5 - 3",58,"3 - 1"
"Germany Bundesliga I",Paderborn,Schalke,"1 - 1","1 - 5",59,"1 - 2"
"Denmark Superligaen",Brondby,"FC Nordsjaelland","2 - 0","4 - 2",64,"3 - 2"
"Spain Segunda","Real Zaragoza",Extremadura,"1 - 0","3 - 1",54,"1 - 0"
"Spain Segunda B Group 4","Real Murcia","San Fernando CD","0 - 1","1 - 2",64,"0 - 2"
"Brazil Campeonato Paulista U20","Santos U20","CA Juventus U20","2 - 0","3 - 2",56,"2 - 1"
"Guatemala Liga Nacional","Deportivo Iztapa","Deportivo Mixco","1 - 0","2 - 1",56,"1 - 1"
"Chile Segunda","Independiente de Cauquenes","San Antonio Unido","0 - 0","1 - 0",57,"1 - 1"
"Canada Premier League","York 9 FC","Valour FC","1 - 2","2 - 4",58,"1 - 3"
"Argentina Reserve League","Boca Juniors Reserves","Estudiantes LP Reserves","0 - 1","1 - 2",62,"0 - 2"
"Guatemala Primera Division","CSD Comunicaciones II","CD Achuapa","1 - 1","2 - 3",64,"1 - 1"
"Venezuela Primera Division","Deportivo Tachira",Carabobo,"1 - 1","2 - 2",48,"1 - 1"
"Paraguay Division Profesional","Olimpia Asuncion","Sportivo San Lorenzo","2 - 1","4 - 1",58,"3 - 1"
"USA College Championship",Seattle,Washington,"0 - 0","1 - 1",27,"1 - 0"
"USA MLS","LA Galaxy","Sporting Kansas City","1 - 1","7 - 2",57,"3 - 1"
"Czech Republic 3. Ligy","Mladá Boleslav B","FK Teplice B","2 - 2","2 - 2",56,"2 - 2"
"Armenia First League","Ararat Yerevan II","FC West Armenia","1 - 1","4 - 5",53,"1 - 1"
"Norway Division 3 Group 5",Kolstad,"Rosenborg 2","1 - 1","1 - 4",54,"1 - 1"
"Norway Division 3 Group 4","Brann 2","Sogndal 2","0 - 1","1 - 1",62,"0 - 1"
"Poland Ekstraklasa","Cracovia Krakow","Piast Gliwice","1 - 0","2 - 0",52,"2 - 0"
"Holland Reserve League","Heerenveen Reserves","Cambuur Leeuwarden Reserves","4 - 1","7 - 3",59,"4 - 2"
"Germany 3.Liga",Unterhaching,Chemnitzer,"1 - 0","2 - 1",61,"2 - 1"
"Holland Eerste Divisie","FC Utrecht Reserves","FC Den Bosch","3 - 0","5 - 1",45,"3 - 0"
"Romania Liga I","Viitorul Constanta","Gaz Metan Medias","1 - 0","4 - 1",51,"1 - 0"
"Brazil Campeonato Paulista U20","AD Guarulhos U20","Maua FC U20","2 - 0","4 - 0",60,"3 - 0"
"Argentina Primera C Metropolitana","Victoriano Arenas","Sportivo Italiano","2 - 0","2 - 1",64,"2 - 0"
"Argentina Primera B Metropolitana","UAI Urquiza","Los Andes","0 - 1","1 - 2",59,"0 - 1"
"Iceland Premier League",Breidablik,Stjarnan,"0 - 1","1 - 1",44,"0 - 1"
"Brazil Serie B","Operario PR","Ponte Preta","0 - 0","2 - 1",52,"1 - 1"
"Ecuador Campeonato Nacional","El Nacional","Tecnico Universitario","1 - 1","1 - 2",60,"1 - 2"
"Czech Republic Youth League","FK Pribram U19","Sparta Prague U19","0 - 2","2 - 3",62,"0 - 2"
"Taiwan Premier League","Hang Yuen","Tainan City","1 - 0","5 - 4",64,"2 - 0"
"Norway Division 3 Group 2",Ullern,"Vålerenga 2","0 - 1","0 - 2",58,"0 - 2"
"England Northern League Challenge Cup","Cleethorpes Town",Grantham,"0 - 2","1 - 4",65,"1 - 3"
"Argentina Nacional B","Chacarita Juniors","San Martin de Tucuman","1 - 1","2 - 2",55,"1 - 1"
"Australia FFA Cup","Brisbane Strikers","Moreland Zebras","2 - 0","3 - 2",50,"2 - 0"
"Japan Cup","Sagan Tosu","Cerezo Osaka","1 - 0","4 - 2",63,"2 - 1"
"UEFA Youth League","Atletico Madrid U19","Juventus U19","0 - 2","0 - 4",56,"0 - 2"
"Hong Kong Reserve Division","Yuen Long Reserves","Eastern Long Lions Reserves","3 - 2","4 - 3",51,"3 - 2"
"Kenya Super League","FC Talanta","Coast Stima","2 - 0","3 - 0",63,"2 - 0"
"Norway Division 1",Tromsdalen,"Sandnes Ulf","0 - 1","1 - 4",64,"1 - 2"
"Iceland Premier League","FH Hafnarfjordur","IBV Vestmannaeyjar","4 - 1","6 - 4",55,"5 - 1"
"Poland I Liga","Olimpia Grudziadz","Termalica BB Nieciecza","1 - 0","1 - 0",40,"1 - 0"
"Germany Landespokal","SC Hardt","1. FC Bocholt","1 - 1","2 - 3",65,"1 - 3"
"Germany Landespokal","TuS Marienborn","FC Speyer","2 - 1","3 - 2",61,"3 - 2"
"Brazil U20 Cup","Canedense U20","Abadia U20","1 - 0","1 - 0",46,"1 - 0"
"Honduras Liga Nacional",Motagua,"Honduras Progreso","2 - 0","2 - 1",54,"2 - 0"
"Russia U20 League","FC Ufa U20","Spartak Moscow U20","1 - 1","1 - 2",64,"1 - 1"
"UEFA Europa League","Ludogorets Razgrad","CSKA Moscow","0 - 1","5 - 1",65,"3 - 1"
"Argentina Reserve League","Atletico Tucuman Reserves","CA Independiente Reserves","0 - 0","0 - 1",61,"0 - 1"
"Qatar Stars League","Al-Sadd SC","Umm Salal","2 - 1","2 - 1",51,"2 - 1"
"Romania Liga III","FC Voluntari II","AFC Astra II","0 - 4","0 - 4",57,"0 - 4"
"Czech Republic 3. Ligy","Kraluv Dvur","FK Loko Vltavin","2 - 0","2 - 0",54,"2 - 0"
"Germany Oberliga NOFV Sud",Eilenburg,Grimma,"1 - 0","2 - 4",61,"1 - 2"
"Germany Regionalliga West","Rot-Weiss Essen","Bonner SC","1 - 1","4 - 1",52,"2 - 1"
"Holland Eerste Divisie","De Graafschap","FC Eindhoven","2 - 0","4 - 0",64,"3 - 0"
"Guatemala Primera Division",Petapa,"CD Achuapa","1 - 1","1 - 2",57,"1 - 2"
"USA USL Championship","Portland Timbers II","Tacoma Defiance","4 - 1","6 - 3",55,"5 - 2"
"Australia NPL Finals","Maitland FC","Devonport City","2 - 1","3 - 2",62,"2 - 1"
"Czech Republic 3. Ligy","FK Jablonec B","Mladá Boleslav B","2 - 1","3 - 1",59,"2 - 1"
"Malaysia Liga M3","Armed Forces FC","DDM FC","2 - 0","3 - 1",58,"2 - 0"
"Italy Campionato Primavera 2","Salernitana U19","Livorno U19","1 - 2","1 - 2",65,"1 - 2"
"Russia Division 2","FK Olimp Khimki","Zenit St Petersburg II","0 - 1","2 - 5",51,"0 - 2"
"Zambia Super League",Nkwazi,"Zanaco FC","2 - 0","3 - 2",65,"3 - 1"
"Iran Div 1","Navad Urmia","Qashqai Shiraz","1 - 0","1 - 0",65,"1 - 0"
"Croatia 2.HNL","HNK Cibalia","Hajduk Split II","0 - 1","0 - 4",62,"0 - 3"
"Hungary Cup",Putnok,"Paksi Se","0 - 4","0 - 5",57,"0 - 4"
"Hungary Cup","Dunaharaszti MTK","Budapest Honved","0 - 5","1 - 7",53,"0 - 5"
"Hungary Cup","Heviz FC","Mezokovesd Zsory","0 - 6","0 - 6",63,"0 - 6"
"Russia Division 1","Spartak Moscow II","Neftekhimik Nizhnekamsk","0 - 3","0 - 3",64,"0 - 3"
"Italy Serie B",Cremonese,Crotone,"2 - 1","2 - 1",64,"2 - 1"
"Italy Serie B","Juve Stabia",Ascoli,"0 - 0","1 - 5",64,"1 - 2"
"England FA Cup Qualification","Biggleswade Town",Ware,"1 - 1","1 - 2",65,"1 - 2"
"Portugal Segunda Liga",Chaves,"Sporting Covilha","1 - 1","2 - 3",62,"1 - 2"
"Saudi Arabia Premier League","Al Ittifaq Dammam","Al Faisaly Harmah","0 - 0","0 - 1",57,"0 - 1"
"Switzerland Challenge League",Aarau,"FC Schaffhausen","2 - 1","3 - 1",65,"3 - 1"
"Saudi Arabia Premier League","Al Ittihad Jeddah","Al Hilal Riyadh","1 - 2","1 - 3",62,"1 - 2"
"Poland Ekstraklasa","Slask Wroclaw","Zaglebie Lubin","2 - 2","4 - 4",58,"2 - 2"
"Brazil U20 League","Sport Recife U20","Sao Paulo U20","1 - 1","2 - 2",51,"1 - 1"
"Algeria Division 2","WA Tlemcen","ASM Oran","2 - 0","2 - 0",58,"2 - 0"
"Peru Primera Division","Unión Comercio","Academia Deportiva Cantolao","1 - 1","5 - 2",54,"2 - 1"
"Republic of Ireland First Division",Shelbourne,Limerick,"2 - 0","7 - 0",64,"5 - 0"
"Holland Eredivisie",Vitesse,"Fortuna Sittard","0 - 1","4 - 2",63,"1 - 2"
"Italy Serie A","AC Milan","Inter Milan","0 - 0","0 - 2",59,"0 - 1"
"Bolivia Clausura","Always Ready","The Strongest","0 - 2","2 - 2",65,"1 - 2"
"Bolivia Nacional B","Stormer's Sporting Club","Wilstermann Cooperativa","2 - 1","3 - 1",62,"3 - 1"
"Mexico Segunda Division","Aguacateros CDU","Deportivo Dongu","0 - 0","2 - 0",55,"1 - 0"
"Mexico Segunda Division","Ciervos FC","Calor de San Pedro","2 - 1","2 - 2",61,"2 - 1"
"Panama LPF","Plaza Amador","Costa Del Este","0 - 0","1 - 1",58,"1 - 0"
"Uruguay Clausura","Defensor Sporting","Rampla Juniors","1 - 0","1 - 0",63,"1 - 0"
"Guatemala Primera Division",Sacachispas,Aurora,"0 - 0","1 - 0",61,"1 - 0"
"Japan J2-League","Kashiwa Reysol","Ehime FC","0 - 1","2 - 1",59,"0 - 1"
"Hong Kong 1st Division","Resources Capital FC","Hong Kong Sapling","3 - 1","3 - 2",62,"3 - 1"
"Greece Super League U19","Volos Nps U19","OFI Crete U19","0 - 1","1 - 2",61,"0 - 1"
"Czech Republic 3. Ligy","Slovan Liberec B","FK Prepere","1 - 2","1 - 4",53,"1 - 2"
"Czech Republic 3. Ligy","FK Pribram B","FC Pisek","2 - 1","2 - 2",61,"2 - 1"
"Vietnam V-League 2","Dong Thap","Phu Dong FC","2 - 1","2 - 2",63,"2 - 1"
"China Super League","Tianjin Tianhai","Beijing Guoan","0 - 2","0 - 3",64,"0 - 2"
"Scotland Premiership","St Johnstone",Rangers,"0 - 0","0 - 4",65,"0 - 2"
"Germany 3.Liga","Bayern Munchen II","FC Ingolstadt","1 - 1","2 - 1",65,"2 - 1"
"Kazakhstan Premier League","Ordabasy Shymkent","FK Aktobe","2 - 0","4 - 1",62,"2 - 0"
"Slovenia Prva Liga","NK Rudar Velenje","NK Domzale","0 - 3","2 - 3",60,"0 - 3"
"Norway Division 1",Ham-Kam,"IK Start","2 - 0","4 - 0",62,"3 - 0"
"Germany Oberliga Schleswig-Holstein","Eckernförder SV","TSB Flensburg","1 - 2","2 - 3",65,"2 - 2"
"Italy Serie C Group B","Virtus Verona",Triestina,"3 - 1","3 - 2",47,"3 - 1"
"Czech Republic First League","Mlada Boleslav","Banik Ostrava","1 - 0","2 - 0",63,"2 - 0"
"Germany Oberliga Mittelrhein","Fortuna Cologne II","Siegburger SV 04","0 - 1","1 - 2",64,"0 - 1"
"Germany Regionalliga North","Altona 93","Wolfsburg II","0 - 1","4 - 1",55,"1 - 1"
"Ukraine Vyscha Liga","Vorskla Poltava","Dynamo Kiev","0 - 3","0 - 5",61,"0 - 4"
"Romania Liga I","FC Botosani","Chindia Targoviste","0 - 2","0 - 3",62,"0 - 2"
"Finland Kakkonen Group A",MiPK,Kiffen,"1 - 0","4 - 1",56,"2 - 0"
"Slovakia Super Liga","AS Trencin","Slovan Bratislava","1 - 2","2 - 4",60,"2 - 3"
"Spain Segunda",Numancia,Elche,"1 - 1","1 - 1",46,"1 - 1"
"Spain Segunda B Group 2","Real Sociedad B",Leioa,"1 - 2","4 - 3",65,"3 - 3"
"Ecuador Campeonato Nacional","LDU Quito","Mushuc Runa","1 - 0","4 - 0",65,"1 - 0"
"Argentina Reserve League","Racing Club Reserves","Arsenal de Sarandi Reserves","3 - 0","3 - 0",51,"3 - 0"
"Brazil Copa Gaucho","CE Aimore","Internacional B","3 - 1","4 - 1",60,"3 - 1"
"Uruguay Clausura","Atletico Fenix Montevideo","Montevideo Wanderers","3 - 1","3 - 3",39,"3 - 1"
"Bolivia Clausura","Real Potosi","Nacional Potosi","0 - 2","1 - 4",57,"0 - 3"
"Brazil Serie A",CSA,Ceara,"0 - 0","1 - 0",65,"1 - 0"
"Mexico Liga MX Femenil","Queretaro Women","Club America Women","0 - 3","0 - 5",45,"0 - 3"
"Japan J2-League","FC Ryukyu","Montedio Yamagata","1 - 0","3 - 3",57,"1 - 1"
"Kenya Super League","Nairobi Stima","Fortune Sacco","2 - 0","2 - 0",62,"2 - 0"
"Algeria Division 1","NA Hussein Dey","ES Setif","3 - 0","4 - 3",62,"3 - 3"
"Cyprus Division 1","Enosis Paralimni","Apoel Nicosia","0 - 1","2 - 3",62,"0 - 1"
"Holland Reserve League","Excelsior Reserves","Willem II Reserves","0 - 1","0 - 2",54,"0 - 1"
"Romania Liga I","Viitorul Constanta","CSM Politehnica Iasi","0 - 1","2 - 1",47,"0 - 1"
"Belgium Reserve League","KV Mechelen Reserves","Sint Truidense Reserves","3 - 0","6 - 1",65,"5 - 0"
"Argentina Primera B Metropolitana","Villa San Carlos","Argentino Quilmes","1 - 0","2 - 0",59,"1 - 0"
"Northern Ireland Premier","Carrick Rangers",Linfield,"0 - 1","0 - 3",62,"0 - 1"
"Ecuador Campeonato Nacional","Universidad Catolica del Ecuador","Deportivo Cuenca","1 - 0","2 - 0",65,"2 - 0"
"Hong Kong Sapling Cup","HK Rangers FC","Eastern Long Lions","1 - 1","1 - 1",56,"1 - 1"
"Croatia Cup",Karlovac,"Dinamo Zagreb","0 - 4","0 - 7",45,"0 - 4"
"Croatia Cup","NK Vuteks Sloga","NK Osijek","0 - 2","0 - 8",53,"0 - 4"
"Romania Cup","ACS Flacara Horezu","Astra Giurgiu","0 - 1","0 - 2",57,"0 - 1"
"Poland Cup","Gryf Wejherowo","Lechia Gdansk","2 - 0","2 - 3",50,"2 - 0"
"Lithuania A Lyga","FK Panevezys","Suduva Marijampole","1 - 3","2 - 7",49,"2 - 3"
"Israel Cup","Ironi Nesher","Maccabi Umm al-Fahm","1 - 0","2 - 1",62,"1 - 1"
"Estonia Meistriliiga","JK Tallinna Kalev","JK Nomme Kalju","1 - 0","2 - 3",44,"1 - 0"
"Austria Cup","Grazer AK","FC Wacker Innsbruck","0 - 2","1 - 2",61,"0 - 2"
"Portugal U23 League","Vitoria Setubal U23","Benfica U23","1 - 1","1 - 1",58,"1 - 1"
"Germany Regionalliga West","Bonner SC","Sportfreunde Lotte","0 - 0","4 - 1",61,"2 - 0"
"England FA Cup Qualification",Worthing,"St Albans","0 - 3","1 - 3",65,"0 - 3"
"England Northern Premier League","Stalybridge Celtic",Grantham,"1 - 1","3 - 2",62,"2 - 1"
"Italy Serie A",Brescia,Juventus,"1 - 1","1 - 2",65,"1 - 2"
"Brazil Serie B",Figueirense,Bragantino,"0 - 2","0 - 3",63,"0 - 3"
"Italy Primavera Cup","Juve Stabia U19","Lecce U19","0 - 0","1 - 1",59,"1 - 1"
"Singapore Cup","Albirex Niigata Singapore","Hougang United FC","1 - 1","1 - 2",62,"1 - 1"
"Thailand Division 2","Customs United","Air Force Utd","1 - 1","1 - 2",51,"1 - 1"
"Czech Republic Cup","Slovan Liberec","SK Prostejov","2 - 0","3 - 1",59,"3 - 0"
"Denmark Cup",Marienlyst,Esbjerg,"1 - 1","2 - 5",64,"1 - 3"
"Italy Serie C Group C",Paganese,Rende,"1 - 1","5 - 1",52,"2 - 1"
"Poland Cup","MKP Pogon Siedlce","Podbeskidzie Bielsko Biala","1 - 0","1 - 0",55,"1 - 0"
"Belarus Premier League","Dinamo Brest","BATE Borisov","0 - 0","1 - 1",50,"1 - 0"
"Slovenia Prva Liga","NK Maribor","NK Rudar Velenje","3 - 0","5 - 0",53,"4 - 0"
"Brazil U20 League","Flamengo RJ U20","Vasco Da Gama U20","0 - 1","0 - 2",64,"0 - 1"
"USA MLS","Minnesota United","Sporting Kansas City","0 - 1","2 - 1",55,"0 - 1"
"Burundi Premier League","Lydia Ludic Burundi","Olympic Star","2 - 0","2 - 0",47,"2 - 0"
"Romania Cup","FC Ripensia Timisoara","ACS Sepsi","1 - 3","1 - 4",65,"1 - 3"
"Brazilian Matches","Caucaia U19","Guarany de Sobral U19","2 - 1","3 - 1",65,"3 - 1"
"Brazil Serie A",Palmeiras,CSA,"4 - 0","6 - 2",60,"4 - 1"
"Portugal U23 League","Estoril U23","Vitoria Setubal U23","3 - 0","3 - 2",60,"3 - 1"
"Belarus Premier League","FC Minsk","Energetik-BGU Minsk","1 - 2","1 - 6",59,"1 - 3"
"Estonia Esiliiga","Levadia Tallinn II","JK Tammeka Tartu II","3 - 0","7 - 1",61,"4 - 0"
"Slovakia 3. Liga","MSK Senec","SK Bahon","2 - 2","2 - 3",65,"2 - 2"
"Germany Regionalliga Bayern","Augsburg II","SV Heimstetten","1 - 1","2 - 3",63,"1 - 2"
"Germany Regionalliga South West","TSV Steinbach","FC 08 Homburg","0 - 1","1 - 2",47,"0 - 1"
"Germany Regionalliga Bayern","TSV 1860 Rosenheim","VfR Garching","1 - 1","2 - 1",62,"1 - 1"
"Austria 2. Liga","SV Horn","Austria Lustenau","0 - 2","2 - 4",55,"0 - 3"
"Romania Liga I","Dinamo Bucharest","FC Voluntari","0 - 0","2 - 1",60,"1 - 0"
"Brazil U20 League","Marilia AC U20","Brasilis FC U20","0 - 1","1 - 1",59,"0 - 1"
"Republic of Ireland Munster Senior Cup","St Marys AFC","Bandon AFC","2 - 0","2 - 3",59,"2 - 1"
"Spain Primera Liga",Villarreal,"Real Betis","1 - 0","5 - 1",63,"1 - 1"
"Italy Serie B",Pescara,Crotone,"0 - 1","0 - 3",45,"0 - 1"
"Peru Primera Division","Real Garcilaso","Sport Boys","1 - 0","4 - 0",64,"2 - 0"
"Mongolia Premier League","Khaan Khuns","Deren FC","0 - 3","0 - 5",48,"0 - 3"
"Japan J3-League","Fujieda MYFC","Gamba Osaka U23","2 - 1","2 - 1",61,"2 - 1"
"China Division 2","Beijing Institute","Qingdao Red Lions","0 - 0","2 - 0",63,"1 - 0"
"Algeria Youth League","USM Annaba U21","OM Arzew U21","1 - 1","2 - 1",56,"2 - 1"
"South Africa Diski Challenge","Highlands Park Reserves","Chippa United Reserves","0 - 1","1 - 1",47,"0 - 1"
"Germany Bundesliga U19","FC Ingolstadt U19","TSG Hoffenheim U19","0 - 3","0 - 3",62,"0 - 3"
"Kazakhstan Premier League","Irtysh Pavlodar","Shakhter Karagandy","0 - 2","4 - 2",62,"0 - 2"
"Estonia Meistriliiga","JK Tallinna Kalev","FC Levadia Tallinn","0 - 1","0 - 1",65,"0 - 1"
"Estonia Esiliiga B","Vandra JK Vaprus","Paide Linnameeskond II","0 - 1","2 - 1",62,"2 - 1"
"Russia Division 2","FK Kaluga","FC Ararat Moscow","0 - 1","1 - 2",64,"0 - 1"
"Sweden 2.div Västra Götaland","Vinbergs IF","IS Halmia","1 - 0","2 - 0",61,"2 - 0"
"Georgia Erovnuli Liga","FC Saburtalo Tbilisi","Lokomotiv Tbilisi","2 - 0","4 - 0",64,"4 - 0"
"Austria 2. Liga","FC Wacker Innsbruck","SV Lafnitz","0 - 1","0 - 3",64,"0 - 1"
"Azerbaijan Premier League","FK Qabala","Neftchi Baku","0 - 0","0 - 3",65,"0 - 1"
"Burundi Premier League","Athletico Olympic","Musongati FC","1 - 1","1 - 2",55,"1 - 1"
"South Africa Premier","Orlando Pirates","Cape Town City","2 - 2","3 - 3",50,"2 - 2"
"Norway Division 1","IK Start","Sandnes Ulf","0 - 1","3 - 2",64,"2 - 1"
"Iceland Premier League","Valur Reykjavik","HK Kopavogur","2 - 0","2 - 0",51,"2 - 0"
"Algeria Youth League","USM Bel Abbes U21","JS Kabylie U21","0 - 1","0 - 2",51,"0 - 1"
"Hungary NB I","Zalaegerszegi TE","Paksi Se","2 - 1","3 - 1",60,"2 - 1"
"Hungary NB I","Debreceni VSC","Puskas Academy","0 - 2","1 - 2",61,"0 - 2"
"Austria Bundesliga","St Polten","LASK Linz","0 - 2","0 - 3",60,"0 - 3"
"Spain Segunda B Group 1","Real Madrid B","Rayo Majadahonda","3 - 0","3 - 1",51,"3 - 1"
"Switzerland Challenge League","Stade Lausanne-Ouchy",Kriens,"2 - 1","2 - 1",58,"2 - 1"
"Malta Premier League",Sirens,"Santa Lucia FC","1 - 1","3 - 1",64,"2 - 1"
"South Africa Premier","Kaizer Chiefs","Baroka FC","1 - 0","1 - 0",60,"1 - 0"
"Mexico Segunda Division","Dorados de Sinaloa II","Aguacateros CDU","1 - 1","1 - 1",64,"1 - 1"
"Switzerland Super League","Young Boys","FC Sion","2 - 1","3 - 2",65,"3 - 2"
"Bolivia Nacional B","Virgen de Chijipata","EM Huanuni","0 - 1","1 - 4",48,"0 - 1"
"Saudi Arabia Premier League","Al Raed","Al Feiha","1 - 0","2 - 0",52,"1 - 0"
"Brazil Campeonato Carioca B","Bonsucesso FC","America RJ","0 - 2","1 - 2",60,"0 - 2"
"Bolivia Nacional B","Arauco Prado FC","Deportivo FATIC","0 - 3","0 - 6",48,"0 - 3"
"Peru Primera Division","UTC Cajamarca","Sporting Cristal","0 - 0","1 - 1",65,"0 - 1"
"Brazil Serie B",CRB,"Sao Bento","0 - 0","1 - 1",58,"1 - 0"
"Mongolia Premier League","Khangarid Klub","Anduud City FC","3 - 0","6 - 1",52,"3 - 0"
"Hong Kong 1st Division","North District","Central & Western","1 - 0","2 - 2",64,"1 - 0"
"Romania Liga III","FC Hunedoara","FC U Craiova 1948","0 - 1","2 - 4",65,"1 - 3"
"Czech Republic 3. Ligy","Sparta Prague B","FK MAS Taborsko","0 - 1","0 - 1",45,"0 - 1"
"Austria 2. Liga","Austria Klagenfurt","Vorwarts Steyr","1 - 0","1 - 1",57,"1 - 0"
"Thailand Division 2","Samut Sakhon","Udon Thani FC","2 - 0","3 - 2",63,"2 - 1"
"Germany Bundesliga U19","Kickers Offenbach U19","Mainz U19","1 - 0","1 - 1",62,"1 - 0"
"Burundi Premier League","Rukinzo FC","Bujumbura City","1 - 0","3 - 2",65,"1 - 0"
"Iran Cup","Qashqai Shiraz","Sanat Naft Abadan","1 - 1","1 - 2",57,"1 - 1"
"Germany Oberliga NOFV Sud","FSV Martinroda",Plauen,"0 - 0","2 - 3",65,"1 - 2"
"Russia Division 1","Shinnik Yaroslavl","Spartak Moscow II","2 - 2","3 - 2",62,"2 - 2"
"Holland Eredivisie","PEC Zwolle",PSV,"0 - 1","0 - 4",58,"0 - 1"
"Sweden Superettan",Halmstad,"Varbergs BoIS FC","2 - 0","3 - 2",64,"3 - 1"
"Turkey Super Lig",Ankaragucu,Genclerbirligi,"0 - 0","2 - 1",61,"1 - 0"
"Norway Division 2 Group 2",Elverum,Fram,"1 - 1","1 - 2",58,"1 - 2"
"Croatia 2.HNL","Dinamo Zagreb II","HNK Cibalia","1 - 0","2 - 0",56,"1 - 0"
"Argentina Superliga",Banfield,"San Lorenzo","0 - 1","0 - 1",60,"0 - 1"
"Hungary NB II","Csakvari Tk","Gyor Eto FC","3 - 1","3 - 2",55,"3 - 2"
"Slovenia Prva Liga","NK Rudar Velenje","NK Triglav Kranj","1 - 0","1 - 1",55,"1 - 0"
"CAF Confederations Cup","Enugu Rangers Intl FC","AS Pelican","1 - 1","3 - 1",64,"3 - 1"
"Austria Bundesliga","Rapid Vienna",Hartberg,"1 - 1","3 - 3",57,"1 - 2"
"Poland I Liga","Chojniczanka Chojnice","GKS Jastrzebie","1 - 1","3 - 1",49,"1 - 1"
"Serbia Super Liga","FK Vozdovac","FK Indija","1 - 0","4 - 1",64,"3 - 1"
"Chile Primera Division","Audax Italiano","Colo Colo","1 - 2","2 - 4",49,"1 - 3"
"Bolivia Nacional B","Wilstermann Cooperativa","Independiente Petrolero","0 - 3","0 - 4",49,"0 - 3"
"Paraguay Division Profesional","Libertad Asuncion","Sportivo San Lorenzo","2 - 0","3 - 0",59,"2 - 0"
"India Shillong Premier League","Nangkiew Irat","Ryntih SC","1 - 0","2 - 1",48,"1 - 0"
"Denmark Reserve League","Brondby Reserves","FC Nordsjaelland Reserves","4 - 1","7 - 1",64,"5 - 1"
"Serbia Prva Liga","FK Zlatibor",Smederevo,"1 - 0","2 - 1",57,"2 - 1"
"Poland Ekstraklasa","Zaglebie Lubin","LKS Lodz","2 - 0","3 - 1",49,"2 - 0"
"Russia Premier League","PFC Sochi","FC Akhmat Grozny","1 - 0","2 - 0",65,"1 - 0"
"Holland Reserve League","Vitesse Reserves","PEC Zwolle Reserves","0 - 2","0 - 2",55,"0 - 2"
"Norway Division 3 Group 6","Lillestrøm 2",Honefoss,"1 - 0","6 - 1",51,"2 - 0"
"Germany Regionalliga West","Borussia Dortmund II","Rot-Weiss Oberhausen","1 - 0","2 - 0",62,"1 - 0"
"Northern Ireland Reserve League","Glentoran Reserves","Crusaders Reserves","2 - 3","2 - 7",61,"2 - 3"
"Italy Serie A",Parma,Torino,"2 - 2","3 - 2",63,"2 - 2"
"Uzbekistan PFL","Qizilqum Zarafshon","Lokomotiv Tashkent","0 - 0","1 - 1",62,"1 - 0"
"Croatia Cup","NK Buje","HNK Rijeka","0 - 5","0 - 11",52,"0 - 5"
"Czech Republic Cup","Sigma Olomouc","SK Lisen","2 - 0","4 - 2",53,"3 - 0"
"AFC Champions League","Al-Sadd SC","Al Hilal Riyadh","1 - 2","1 - 4",51,"1 - 2"
"Estonia Meistriliiga","Maardu Linnameeskond","JK Nomme Kalju","1 - 2","1 - 4",62,"1 - 4"
"Saudi Arabia Premier League","Al Ittihad Jeddah","Al Taawon Buraidah","2 - 0","3 - 1",59,"3 - 0"
"Spain Segunda","Rayo Vallecano",Alcorcon,"1 - 0","1 - 1",65,"1 - 0"
"Mongolia Premier League","Khoromkhon Club","FC Ulaanbaatar","1 - 2","2 - 3",56,"1 - 3"
"Indonesia Liga 2","Persibat Batang","PSGC Ciamis","1 - 1","3 - 2",58,"1 - 1"
"UEFA Youth League","Genk U19","Napoli U19","0 - 0","3 - 1",63,"2 - 1"
"Lithuania A Lyga","Suduva Marijampole","FK Palanga","1 - 0","5 - 0",49,"2 - 0"
"Estonia Esiliiga B","JK Tabasalu","JK Nomme United","0 - 1","0 - 2",64,"0 - 1"
"Bosnia & Herzegovina Cup","Siroki Brijeg","FK Sarajevo","1 - 1","3 - 2",47,"1 - 1"
"Germany 3.Liga","MSV Duisburg","SV Meppen","1 - 3","1 - 3",57,"1 - 3"
"Brazil U20 League","America MG U20","Sport Recife U20","0 - 1","0 - 1",63,"0 - 1"
"Brazilian Matches","FC Atlético Cearense U19","Ferroviario U19","2 - 1","2 - 1",55,"2 - 1"
"Germany Oberliga Hessen","FC Hanau 93","Türk Gücü Friedberg","1 - 2","1 - 4",65,"1 - 3"
"Spain Segunda","Sporting Gijon",Almeria,"4 - 1","4 - 2",63,"4 - 1"
"Botswana Premier League","Extension Gunners","Prisons XI Gaborone","1 - 1","1 - 3",40,"1 - 1"
"Spain Copa Federacion","Velez CF","Real Murcia","0 - 0","0 - 2",60,"0 - 1"
"Barbados Super Cup","Whitehall Titans","Empire Club","0 - 1","0 - 8",57,"0 - 3"
"Russia U20 League","FC Sochi U20","Krylia Sovetov U20","0 - 2","2 - 3",41,"0 - 2"
"Israel Liga Bet North","Hapoel Sandala Gilboa","Maccabi Ahi Iksal","0 - 2","0 - 5",57,"0 - 3"
"Bulgaria First League","Slavia Sofia","Tsarsko Selo 2015","1 - 0","1 - 0",59,"1 - 0"
"Iran Pro League","Tractor Sazi","Pars Jonoubi Jam","1 - 0","1 - 0",51,"1 - 0"
"Romania Liga I","FC Botosani","ACS Sepsi","0 - 0","1 - 1",55,"0 - 1"
"Serbia Super Liga",Vojvodina,"Spartak Subotica","2 - 0","2 - 0",54,"2 - 0"
"Germany Oberliga Bayern North","SC Eltersdorf","1. FC Sand","2 - 0","2 - 0",64,"2 - 0"
"Austria Regionalliga Mitte","TUS Bad Gleichenberg","SV Ried II","0 - 2","1 - 4",54,"1 - 2"
"Saudi Arabia Premier League","Al Ittihad Jeddah","Al Hazm","1 - 1","1 - 2",57,"1 - 1"
"Germany Oberliga Rheinland-Pfalz/Saar","Hertha Wiesbach","Wormatia Worms","1 - 1","2 - 1",65,"1 - 1"
"Sweden Juniorallsvenskan","Vasalunds IF U19","Taby FK U19","1 - 3","4 - 5",46,"1 - 3"
"Argentina Primera B Metropolitana","CSD Flandria","Tristan Suarez","1 - 0","2 - 0",60,"2 - 0"
"Belgium First Division A",Charleroi,Anderlecht,"1 - 1","1 - 2",65,"1 - 2"
"Northern Ireland Premier",Larne,Glenavon,"3 - 0","6 - 0",55,"4 - 0"
"Poland I Liga","Stal Mielec","GKS Jastrzebie","1 - 1","3 - 1",62,"1 - 1"
"Guatemala Primera Division","Capitalinos FC",Mictlán,"1 - 1","1 - 1",61,"1 - 1"
"Japan J3-League",YSCC,"Fukushima Utd","1 - 2","2 - 5",63,"2 - 3"
"Japan J2-League","Albirex Niigata","Kagoshima United","3 - 0","6 - 0",64,"4 - 0"
"Japan J-League","Sanfrecce Hiroshima","Vissel Kobe","2 - 1","6 - 2",63,"2 - 1"
"Sweden Juniorallsvenskan","Malmo FF U19","GIF Sundsvall U19","2 - 0","5 - 1",63,"4 - 1"
"Russia U20 League","Ural U20","Zenit St Petersburg U20","2 - 1","3 - 2",40,"2 - 1"
"Czech Republic Youth League","Slovacko U19","FC Brno U19","0 - 1","2 - 3",65,"0 - 2"
"Italy Campionato Primavera 2","Cittadella U19","AC Milan U19","1 - 1","1 - 1",65,"1 - 1"
"Estonia Meistriliiga","FC Kuressaare","JK Viljandi Tulevik","4 - 1","4 - 1",62,"4 - 1"
"Portugal U23 League","Famalicao U23","Rio Ave U23","1 - 2","2 - 5",65,"1 - 4"
"Iran Div 1","Shahrdari Tabriz","Esteghlal Khuzestan","0 - 0","1 - 1",60,"0 - 1"
"Denmark Division 1","Hvidovre IF",Naestved,"1 - 0","3 - 1",42,"1 - 0"
"Armenia First League","Pyunik Yerevan II","FK Lernayin Artsakh Goris","3 - 0","5 - 1",61,"4 - 0"
"Germany Oberliga Schleswig-Holstein","TSV Bordesholm","Phonix Lubeck","0 - 2","0 - 3",59,"0 - 2"
"Russia Division 1","FC Nizhny Novgorod","FK Yenisey","1 - 2","1 - 3",50,"1 - 2"
"Russia Division 2","FK Kvant Obninsk","FK Khimki II","0 - 1","2 - 1",52,"0 - 1"
"Germany Regionalliga South West","FC Giessen","TSG 1899 Hoffenheim II","1 - 1","4 - 2",63,"2 - 2"
"Ukraine Persha Liga","Metalurh Zaporizhya","Volyn Lutsk","1 - 2","1 - 3",53,"1 - 2"
"Germany Bundesliga I",Paderborn,Mainz,"1 - 2","1 - 2",61,"1 - 2"
"Austria Regionalliga Ost","SC Wiener Viktoria","ASK/BSC Bruck Leitha","0 - 2","2 - 2",59,"2 - 2"
"Northern Ireland Premier","Carrick Rangers",Coleraine,"1 - 2","1 - 4",58,"1 - 2"
"Northern Ireland Premier","Warrenpoint Town","Dungannon Swifts","0 - 2","4 - 3",58,"2 - 2"
"Austria Regionalliga Tirol","FC Wacker Innsbruck II","SV Telfs","1 - 0","2 - 2",63,"2 - 1"
"England Northern League Division One","Kendal Town",Droylsden,"1 - 1","1 - 1",54,"1 - 1"
"England Southern Premier League Central","AFC Rushden & Diamonds",Bromsgrove,"2 - 3","2 - 8",63,"2 - 4"
"Slovakia Super Liga","FC Nitra","FK Senica","0 - 2","1 - 4",55,"1 - 2"
"Portugal Campeonato Nacional","Chaves B","AD Fafe","0 - 0","0 - 1",65,"0 - 1"
"Poland Ekstraklasa","Lech Poznan","Wisla Krakow","1 - 0","4 - 0",64,"1 - 0"
"Poland I Liga","Termalica BB Nieciecza","GKS Tychy 71","2 - 3","4 - 3",62,"2 - 3"
"Croatia 1.HNL","NK Osijek","HNK Gorica","0 - 0","2 - 1",63,"0 - 1"
"Romania Liga I",FCSB,"Dinamo Bucharest","1 - 1","1 - 1",52,"1 - 1"
"Spain Segunda",Tenerife,Extremadura,"1 - 1","1 - 2",65,"1 - 1"
"Bolivia Nacional B","Stormer's Sporting Club","Nacional Senac","0 - 2","1 - 2",52,"0 - 2"
"Barbados Super Cup","Central League Spartans","Weymouth Wales","0 - 1","0 - 7",63,"0 - 3"
"Barbados Super Cup","Checker Hall FC","Notre Dame","0 - 4","0 - 8",58,"0 - 5"
"USA USL Championship","Portland Timbers II","Phoenix Rising FC","1 - 2","3 - 5",60,"1 - 3"
"Russia U20 League","CSKA Moscow U20","Rostov U20","3 - 0","3 - 1",63,"3 - 1"
"Czech Republic 3. Ligy","Hradec Kralove B","FK Zbuzany 1953","3 - 1","3 - 3",61,"3 - 2"
"Czech Republic 3. Ligy","FK Teplice B","Dukla Praha B","0 - 3","1 - 5",56,"0 - 4"
"Russia Premier League",Ural,"Zenit St Petersburg","0 - 2","1 - 3",63,"1 - 3"
"Poland III Liga","Pelikan Lowicz","Rks Radomsko","0 - 0","2 - 3",56,"0 - 2"
"Spain Youth League","Real Betis U19","Vazquez Cultural U19","2 - 0","6 - 0",52,"3 - 0"
"Germany Regionalliga North East","Bischofswerdaer FV","Hertha Berlin II","2 - 4","2 - 7",48,"2 - 4"
"Norway Division 2 Group 1",Egersunds,"Kvik Halden FK","0 - 2","0 - 3",63,"0 - 2"
"Denmark Superligaen","Odense BK","AC Horsens","2 - 0","3 - 0",64,"2 - 0"
"France U19 League","Chamois Niortais FC U19","Rennes U19","1 - 0","3 - 3",47,"1 - 0"
"Italy Serie C Group C",Potenza,Viterbese,"1 - 0","3 - 0",60,"2 - 0"
"Brazil Paulista Serie B","Flamengo SP","AA Francana","2 - 2","3 - 3",61,"2 - 3"
"Belarus Premier League","Energetik-BGU Minsk","FC Vitebsk","1 - 0","2 - 0",53,"1 - 0"
"Bosnia & Herzegovina Premier Liga","Mladost Doboj Kakanj","Velez Mostar","2 - 0","2 - 2",41,"2 - 0"
"Czech Republic First League","Mlada Boleslav","Viktoria Plzen","0 - 1","2 - 1",63,"1 - 1"
"Switzerland Super League","FC Zurich","Young Boys","0 - 1","0 - 4",61,"0 - 1"
"Slovenia Prva Liga","NK Rudar Velenje","Aluminij Kidricevo","1 - 0","1 - 2",57,"1 - 0"
"Norway Division 1",Kongsvinger,Sandefjord,"1 - 2","2 - 3",60,"2 - 2"
"Poland I Liga","Olimpia Grudziadz","Stomil Olsztyn","1 - 0","1 - 0",42,"1 - 0"
"Romania Liga I","Viitorul Constanta","CFR Cluj","2 - 0","3 - 1",53,"2 - 0"
"Chile Primera Division",Palestino,"Curico Unido","2 - 2","4 - 2",45,"2 - 2"
"Chile Segunda","AC Colina","San Antonio Unido","2 - 1","3 - 2",53,"3 - 1"
"Bolivia Clausura",Guabira,"Club Aurora","1 - 0","3 - 1",65,"1 - 1"
"Uruguay Clausura","Juventud De Las Piedras","Defensor Sporting","0 - 1","1 - 3",63,"0 - 2"
"Brazil Copa Verde",Paysandu,"Clube Do Remo","0 - 0","3 - 1",61,"1 - 0"
"Venezuela Primera Division",Zamora,"CD Lara","1 - 0","1 - 1",64,"1 - 0"
"Mexico Liga de Ascenso Apertura",Atlante,Oaxaca,"2 - 0","3 - 0",56,"2 - 0"
"Israel Cup","Elnahada Nazareth","Maccabi Ironi Kiryat Ata","0 - 3","0 - 5",65,"0 - 4"
"Holland Reserve League","NEC Reserves","Willem II Reserves","1 - 3","2 - 3",45,"1 - 3"
"Sweden Folksam U21","Falkenbergs U21","Kalmar FF U21","2 - 2","2 - 2",54,"2 - 2"
"Guatemala Primera Division","CD Achuapa","Capitalinos FC","0 - 0","2 - 1",55,"0 - 1"
"Guatemala Primera Division",Mictl?n,Sacachispas,"1 - 1","1 - 2",63,"1 - 2"
"European U21 Championship Qual","Liechtenstein U21","Slovakia U21","0 - 2","2 - 4",55,"0 - 2"
"Republic of Ireland Leinster Senior League","Newbridge Town FC","Cherry Orchard","3 - 0","3 - 1",46,"3 - 0"
"England Southern League Division One",Corby,"Barton Rovers","0 - 1","2 - 1",58,"0 - 1"
"World Club Friendlies","Sacramento Republic","Juarez FC","1 - 2","3 - 4",64,"3 - 3"
"Austria Landesliga","SV Lebring","Usv Mettersdorf","0 - 1","1 - 2",60,"1 - 1"
"Argentina Cup","Sportivo Estudiantes","Estudiantes LP","1 - 0","2 - 2",60,"1 - 1"
"International Match",Venezuela,Bolivia,"2 - 0","4 - 1",65,"3 - 1"
"Uruguay Clausura",Penarol,"Montevideo Wanderers","0 - 0","1 - 0",64,"1 - 0"
"Europe Friendlies","Diosgyori VTK","MFK Zemplin Michalovce","1 - 1","1 - 1",63,"1 - 1"
"Kenya Super League","Muranga Seal","Kenya Police FC","0 - 1","2 - 2",47,"0 - 1"
"European U21 Championship Qual","Russia U21","Poland U21","1 - 2","2 - 2",61,"1 - 2"
"U19 International","Portugal U19","Italy U19","4 - 0","4 - 1",62,"4 - 1"
"European U21 Championship Qual","Belarus U21","Norway U21","0 - 0","1 - 1",59,"1 - 0"
"Europe Friendlies",Pistoiese,Fiorentina,"1 - 3","1 - 4",65,"1 - 4"
"Austria Regionalliga Salzburg","SV Kuchl","USK Anif","1 - 1","1 - 5",62,"1 - 3"
"Poland I Liga","Sandecja Nowy Sacz","Chojniczanka Chojnice","3 - 2","4 - 4",55,"4 - 3"
"Austria Regionalliga Ost","Wiener Neustadt","ASV Drassburg","2 - 1","2 - 6",55,"2 - 1"
"European U21 Championship Qual","Austria U21","Turkey U21","2 - 0","3 - 0",65,"2 - 0"
"Spain Youth League","AD Huracan U19","Union Viera CF U19","1 - 1","3 - 4",61,"2 - 3"
"Mexico Liga MX Femenil","Queretaro Women","Atlas Women","0 - 2","0 - 4",62,"0 - 3"
"Czech Republic Youth League","FC Fastav Zlin U19","Opava U19","1 - 1","2 - 3",62,"1 - 1"
"Slovakia Youth League","MSK Zilina U19","FK Zeleziarne Podbrezova U19","3 - 0","4 - 1",52,"3 - 0"
"Algeria Youth League","Olympique Medea U21","RC Relizane U21","1 - 1","2 - 1",63,"2 - 1"
"Czech Republic Youth League","FK Pardubice U19","Sigma Olomouc U19","0 - 2","0 - 5",65,"0 - 4"
"Germany Regionalliga West",Wuppertaler,Verl,"0 - 4","2 - 5",60,"0 - 4"
"Spain Segunda B Group 2","Athletic Bilbao B",Amorebieta,"0 - 2","3 - 3",60,"3 - 3"
"Austria Regionalliga Tirol","FC Zirl","FC Kitzbuhel","0 - 1","0 - 6",62,"0 - 2"
"Spain Youth League","UD San Fernando U19","CD Laguna U19","0 - 1","0 - 1",62,"0 - 1"
"Brazil U20 League","America PE U20","Vitoria PE U20","1 - 1","2 - 2",59,"2 - 2"
"Holland Eerste Divisie","Roda JC","Helmond Sport","1 - 0","4 - 0",50,"3 - 0"
"Venezuela Primera Division","Portuguesa FC",Zulia,"0 - 0","0 - 0",52,"1 - 0"
"Venezuela Primera Division","Estudiantes de Caracas","Estudiantes Merida","0 - 5","0 - 6",48,"0 - 5"
"Germany Regionalliga North","VfB Oldenburg","SSV Jeddeloh","1 - 0","2 - 0",61,"2 - 0"
"Turkey 2 Lig Beyaz","1922 Konyaspor",Amedspor,"0 - 0","0 - 1",58,"0 - 1"
"Sweden 2.div Norra Götaland","Stenungsunds IF","Grebbestads IF","1 - 0","3 - 0",59,"3 - 0"
"Italy Serie C Group B","Reggio Audace FC",Triestina,"1 - 1","3 - 1",64,"2 - 1"
"Italy Serie C Group C","Virtus Francavilla",Vibonese,"3 - 0","6 - 2",63,"5 - 0"
"Sweden Damallsvenskan","FC Rosengard Women","Linköpings FC Women","1 - 1","3 - 3",48,"1 - 1"
"England FA Trophy","Cambridge City","Market Drayton","1 - 0","2 - 1",64,"1 - 1"
"Norway Division 3 Group 3",Mandalskameratene,Flint,"0 - 2","3 - 3",48,"0 - 2"
"Bolivia Reserve League","Oriente Petrolero U23","Club Aurora U23","1 - 0","3 - 1",63,"2 - 0"
"Brazil U20 League","Paraiba do Sul U20","CF Sao Jose RJ U20","3 - 1","5 - 1",63,"5 - 1"
"Chile Tercera","Deportes Concepcion","Deportes Linares","0 - 0","1 - 0",61,"1 - 0"
"Colombia Primera A","Atletico Nacional Medellin","Rionegro Aguilas","1 - 0","1 - 0",54,"1 - 0"
"European U21 Championship Qual","Armenia U21","Italy U21","0 - 1","0 - 1",54,"0 - 1"
"Argentina Primera C Metropolitana","San Martin De Burzaco",Berazategui,"1 - 1","2 - 2",54,"1 - 1"
"Mexico Liga MX Femenil","Leon Women","Monterrey Women","0 - 1","1 - 3",48,"0 - 1"
"India Shillong Premier League","Nongrim Hills","Ryntih SC","0 - 2","0 - 2",52,"0 - 2"
"Sweden Folksam U21","Degerfors IF U21","Djurgardens U21","3 - 2","5 - 3",65,"4 - 3"
"European U21 Championship Qual","Azerbaijan U21","Switzerland U21","0 - 1","0 - 1",51,"0 - 1"
"Argentina Primera C Metropolitana","Real Pilar","Ferrocarril Midland","2 - 2","2 - 2",60,"2 - 2"
"European U21 Championship Qual","England U21","Austria U21","4 - 0","5 - 1",57,"4 - 0"
"England Southern Premier League Central",Bromsgrove,Hednesford,"1 - 0","4 - 0",59,"2 - 0"
"European U21 Championship Qual","Slovakia U21","France U21","1 - 4","3 - 5",53,"2 - 4"
"International Match",Bolivia,Haiti,"2 - 1","3 - 1",53,"2 - 1"
"Kenya Super League","Mount Kenya United","Migori Youth","1 - 1","1 - 2",62,"1 - 2"
"Serbia Regional Cup","Stepojevac Vaga","Radnicki Obrenovac","2 - 0","2 - 1",49,"2 - 0"
"Serbia Regional Cup","OFK Beograd","BSK Borca","2 - 0","3 - 2",55,"3 - 0"
"Slovenia Cup","NK Nafta 1903","NK Rudar Velenje","0 - 0","2 - 1",53,"1 - 0"
"Northern Ireland Reserve League","Carrick Rangers Reserves","Glentoran Reserves","0 - 2","0 - 3",46,"0 - 2"
"Mongolia Premier League","Anduud City FC","SP Falcons FC","1 - 3","1 - 4",48,"1 - 3"
"Ukraine Reserve League","Shakhtar Donetsk Reserves","Kolos Kovalivka Reserves","2 - 0","3 - 1",53,"3 - 0"
"Israel Liga Bet North","Ahi Akko","Bnei Majdal Krum United","0 - 1","1 - 2",64,"1 - 2"
"Brazil Serie A",Avai,Internacional,"0 - 1","0 - 2",65,"0 - 1"
"Mongolia Premier League","Athletic 220 FC","Deren FC","0 - 0","1 - 1",53,"0 - 1"
"Czech Republic Youth League","Sigma Olomouc U19","Meteor Praha VIII U19","1 - 0","5 - 2",65,"2 - 0"
"Portugal U23 League","Estoril U23","CD Aves U23","2 - 0","2 - 0",50,"2 - 0"
"Czech Republic Youth League","MFK Karvina U19","FC Fastav Zlin U19","1 - 0","1 - 0",60,"1 - 0"
"Israel Liga Alef South","AS Nordia Jerusalem","AS Ashdod","1 - 0","1 - 1",59,"1 - 1"
"Romania Liga III",Balotesti,"SR Brasov","0 - 3","2 - 3",62,"2 - 3"
"Romania Liga III","CFR Cluj II","Avantul Reghin","3 - 1","3 - 3",49,"3 - 1"
"Romania Liga III","ACSO Filiasi","ACS Fortuna Becicherecu","2 - 2","3 - 3",64,"2 - 2"
"Russia Division 2","FC Lokomotiv-Kazanka Moscow",Rodina,"3 - 0","5 - 1",61,"4 - 1"
"Czech Republic 2. Liga","MFK Vitkovice","Dukla Praha","0 - 2","0 - 3",65,"0 - 3"
"Croatia 1.HNL","HNK Gorica","Dinamo Zagreb","0 - 2","2 - 4",56,"1 - 3"
"Austria Regionalliga Mitte","TUS Bad Gleichenberg","SC Kalsdorf","3 - 1","3 - 1",52,"3 - 1"
"Romania Liga I","Dinamo Bucharest","Gaz Metan Medias","1 - 0","2 - 0",65,"1 - 0"
"Turkey Super Lig",Galatasaray,Sivasspor,"2 - 0","3 - 2",65,"2 - 0"
"Poland Ekstraklasa","Wisla Krakow","Piast Gliwice","0 - 1","1 - 2",58,"1 - 2"
"Portugal Cup","Cova de Piedade",Benfica,"0 - 1","0 - 4",64,"0 - 3"
"Argentina Superliga","Arsenal de Sarandi","River Plate","2 - 0","3 - 3",58,"2 - 1"
"Mexico Liga de Ascenso Apertura","Potros UAEM","Cafetaleros de Tapachula FC","0 - 1","2 - 3",52,"0 - 2"
"Bolivia Clausura","Jorge Wilstermann","Real Potosi","1 - 0","3 - 1",64,"2 - 1"
"Bolivia Clausura","Nacional Potosi","San Jose","1 - 1","1 - 1",55,"1 - 1"
"Japan J-League","Nagoya Grampus","Vegalta Sendai","0 - 1","0 - 2",62,"0 - 1"
"Hong Kong Premier League","Wofoo Tai Po FC",Kitchee,"1 - 0","1 - 1",49,"1 - 0"
"Romania Liga II","Sportul Snagov","CS Pandurii Lignitul Targu Jiu","2 - 1","3 - 2",55,"2 - 2"
"Algeria Youth League","MC El Eulma U21","Olympique Medea U21","1 - 2","1 - 2",64,"1 - 2"
"South Korea K-League 1","Sangju Sangmu","Jeju United","1 - 1","2 - 1",57,"1 - 1"
"Slovakia Youth League","FC Nitra U19","MSK Zilina U19","2 - 1","3 - 1",63,"2 - 1"
"China Super League","Guangzhou R&F","Shandong Luneng","0 - 2","1 - 3",65,"0 - 3"
"Estonia Meistriliiga","Paide Linnameeskond","JK Tallinna Kalev","0 - 0","2 - 1",55,"1 - 0"
CAMBODIA_PREM_L,"Phnom Penh Crown","Electricite du Cambodge","3 - 0","7 - 0",65,"5 - 0"
"Germany Bundesliga U19","Union Berlin U19","Wolfsburg U19","1 - 1","2 - 3",50,"1 - 1"
"Norway Division 3 Group 3","Bryne 2","Viking 2","1 - 4","2 - 7",54,"1 - 5"
"Norway Division 3 Group 4","Brann 2",Vestfossen,"4 - 1","5 - 1",53,"4 - 1"
"Norway Division 2 Group 1",Egersunds,Stjørdals/Blink,"1 - 1","2 - 3",58,"1 - 2"
"Russia Division 2","Zorkiy Krasnogorsk","FC Ararat Moscow","2 - 1","4 - 2",51,"2 - 1"
"Germany Regionalliga North East","ZFC Meuselwitz","Berliner AK 07","0 - 2","1 - 4",61,"1 - 2"
"Germany Bundesliga U19","Chemnitzer U19","Hertha Berlin U19","0 - 4","0 - 6",61,"0 - 5"
"Turkey Super Lig",Antalyaspor,Genclerbirligi,"0 - 5","0 - 6",62,"0 - 6"
"Czech Republic First League","Slovan Liberec","FK Jablonec","0 - 1","2 - 2",57,"2 - 2"
"Italy Serie B","Juve Stabia",Pordenone,"4 - 1","4 - 2",52,"4 - 1"
"England Premier League","Aston Villa",Brighton,"1 - 1","2 - 1",50,"1 - 1"
"Hungary NB I","Puskas Academy","Paksi Se","2 - 1","4 - 2",61,"3 - 2"
"Poland I Liga","Olimpia Grudziadz","Radomiak Radom","2 - 0","2 - 2",65,"2 - 1"
"Azerbaijan Premier League","Keshla FK",Sabah,"1 - 0","1 - 1",64,"1 - 0"
"Serbia Super Liga","Javor Ivanjica","FK Backa Topola","1 - 2","3 - 2",62,"2 - 2"
"Mexico Segunda Division","Mineros de Zacatecas II","La Paz FC","1 - 2","2 - 3",65,"2 - 2"
"Switzerland Super League","Young Boys","Neuchatel Xamax","1 - 0","4 - 1",45,"1 - 0"
,Basel,"FC Thun","0 - 0","3 - 1",64,"1 - 0"
"UAE Premier League","Al Wasl SC","Sharjah SCC","0 - 3","1 - 5",63,"0 - 3"
"Guatemala Liga Nacional","Siquinala FC","Deportivo Sanarate FC","1 - 1","1 - 2",58,"1 - 2"
"Chile Primera B","La Serena","Union San Felipe","1 - 0","4 - 0",57,"3 - 0"
"Brazil Serie B",Parana,Figueirense,"0 - 1","0 - 1",62,"0 - 1"
"USA USL Championship","Loudoun United FC","New York Red Bulls II","5 - 1","7 - 3",50,"6 - 1"
"Hong Kong 1st Division","Central & Western","Hong Kong FC","1 - 0","1 - 4",43,"1 - 0"
"Australia A-League","Sydney FC","Wellington Phoenix","1 - 0","2 - 1",54,"1 - 0"
"South Africa Diski Challenge","Kaizer Chiefs Reserves","Chippa United Reserves","2 - 0","5 - 2",53,"3 - 0"
"Thailand Premier League","Buriram United","Port FC","2 - 1","3 - 1",52,"2 - 1"
"Thailand Premier League","Samut Prakan City","Suphanburi FC","1 - 1","2 - 3",52,"1 - 2"
"Turkey Super Lig",Kayserispor,Kasimpasa,"0 - 1","1 - 1",54,"0 - 1"
"Zambia Super League","Green Buffaloes","ZESCO United","0 - 2","1 - 3",62,"1 - 3"
"Hong Kong 2nd Division","Tuen Mun SA","Kwong Wah","0 - 0","0 - 2",61,"0 - 2"
"Italy Serie C Group C",Avellino,Bari,"1 - 0","2 - 2",63,"1 - 2"
"France U19 League","US Quevilly U19","Amiens SC U19","1 - 0","1 - 1",55,"1 - 0"
"Poland Ekstraklasa","Arka Gdynia","Lechia Gdansk","0 - 0","2 - 2",65,"0 - 2"
"Cameroon Elite One","Union Douala","Dragon Club Yaounde","1 - 1","1 - 2",57,"1 - 1"
"Portugal Cup",Loures,"Benfica Castelo Branco","1 - 1","4 - 2",63,"2 - 1"
"Spain Segunda B Group 1","Racing Ferrol","Atletico Madrid B","1 - 0","1 - 1",64,"1 - 0"
"Italy Serie C Group C",Teramo,Paganese,"2 - 0","2 - 1",63,"2 - 0"
"Italy Serie A",Parma,Genoa,"3 - 0","5 - 1",59,"4 - 1"
"Belgium First Division A",Anderlecht,Sint-Truidense,"2 - 0","4 - 1",63,"2 - 1"
"Spain Segunda B Group 4","Don Benito","Real Murcia","1 - 1","2 - 1",62,"1 - 1"
"Turkey 1 Lig",Altinordu,Altay,"0 - 0","0 - 3",61,"0 - 2"
"Peru Primera Division","Sporting Cristal","Pirata FC","1 - 0","4 - 0",63,"1 - 0"
"Brazil Copa Gaucho U19","Torino FC U19","PRS Futebol Clube U19","3 - 0","3 - 1",53,"3 - 0"
"Morocco GNF 1","OC Khourigba","FUS Rabat","0 - 1","1 - 1",65,"1 - 1"
"Trinidad & Tobago Super League",QPCC,"RSSR FC","5 - 0","7 - 0",63,"6 - 0"
"Venezuela Primera Division","Estudiantes Merida",Carabobo,"2 - 1","2 - 1",53,"2 - 1"
"Italy Campionato Primavera 1","Sassuolo U19","Empoli U19","2 - 1","3 - 3",61,"2 - 1"
"Holland Reserve League","Excelsior Reserves","Roda JC Reserves","0 - 0","3 - 1",65,"1 - 1"
"Holland Eerste Divisie","Ajax Reserves","FC Utrecht Reserves","2 - 0","4 - 0",60,"2 - 0"
"Brazil Campeonato Pernambucano A2","Retro FC Brasil","Centro Limoeirense","2 - 1","4 - 1",59,"3 - 1"
"Argentina Primera B Metropolitana","Club Comunicaciones","Almirante Brown","0 - 1","0 - 1",59,"0 - 1"
"Argentina Primera C Metropolitana","CS Dock Sud","Victoriano Arenas","2 - 0","2 - 0",54,"2 - 0"
"Holland Reserve League","FC Eindhoven Reserves","NEC Reserves","1 - 3","1 - 7",62,"1 - 5"
"Poland I Liga","MKS Puszcza Niepolomice","Warta Poznan","0 - 1","0 - 2",56,"0 - 1"
"UEFA Champions League",Galatasaray,"Real Madrid","0 - 1","0 - 1",55,"0 - 1"
"Mongolia Premier League","Khoromkhon Club","SP Falcons FC","0 - 4","1 - 13",42,"0 - 4"
"Algeria Youth League","ES Setif U21","ASO Chlef U21","3 - 0","6 - 1",50,"4 - 0"
"Czech Republic Youth League","Hradec Kralove U19","Banik Ostrava U19","1 - 1","1 - 2",57,"1 - 2"
"Hong Kong Sapling Cup",Kitchee,"Lee Man FC","1 - 1","2 - 2",51,"2 - 1"
"UEFA Youth League","Genk U19","Liverpool U19","0 - 1","0 - 2",54,"0 - 1"
"UEFA Youth League","FCI Levadia U19","IA Akranes U19","0 - 6","1 - 12",53,"0 - 6"
"UEFA Youth League","Sheriff Tiraspol U19","Shkendija Tirane U19","1 - 0","1 - 0",62,"1 - 0"
"England Isthmian Premier Division",Kingstonian,"Bognor Regis Town","0 - 0","0 - 1",64,"0 - 1"
"CAF Champions League","El Zamalek","Generation Foot","1 - 0","1 - 0",60,"1 - 0"
"Czech Republic Youth League","FK Pribram U19","Sigma Olomouc U19","1 - 4","2 - 5",56,"1 - 4"
"Israel Liga Alef North","Hapoel Iksal Imad","Hapoel Kaukab","2 - 0","3 - 0",51,"2 - 0"
"Ukraine Reserve League","FC Mariupol Reserves","Kolos Kovalivka Reserves","1 - 0","2 - 1",65,"2 - 0"
"Israel Youth League","Beitar Jerusalem U19","Hapoel Kiryat Shmona U19","2 - 1","2 - 2",45,"2 - 1"
"Iran Pro League","Shahin Bushehr",Persepolis,"0 - 3","0 - 5",59,"0 - 4"
"Germany Regionalliga North East","Bischofswerdaer FV","FC Lok Leipzig","0 - 1","0 - 3",59,"0 - 2"
"India Super League",ATK,"Hyderabad FC","3 - 0","5 - 0",63,"3 - 0"
"Czech Republic First League","FK Jablonec","FK Teplice","2 - 0","4 - 1",53,"2 - 0"
"Holland Eerste Divisie","FC Volendam","AZ Reserves","1 - 1","3 - 2",63,"1 - 2"
"Holland Eerste Divisie","FC Utrecht Reserves","Cambuur Leeuwarden","0 - 0","1 - 1",61,"1 - 0"
"Uruguay Clausura","Racing Club de Montevideo","Rampla Juniors","1 - 0","3 - 1",59,"1 - 1"
"Brazil Serie B","Atletico Goianiense","America MG","2 - 0","2 - 2",48,"2 - 0"
"Mongolia Premier League","SP Falcons FC","Khaan Khuns","1 - 0","1 - 1",63,"1 - 1"
"Mongolia Premier League","Anduud City FC","Khoromkhon Club","2 - 2","6 - 2",57,"3 - 2"
"Czech Republic 2. Liga","MFK Chrudim","Dukla Praha","1 - 2","3 - 2",58,"1 - 2"
"Germany Bundesliga U19","SC Freiburg U19","Bayern Munich U19","1 - 3","2 - 3",64,"2 - 3"
"Israel Youth League","Maccabi Petach Tikva U19","Hapoel Beer Sheva U19","1 - 0","1 - 1",57,"1 - 0"
"Estonia Meistriliiga","JK Tallinna Kalev","JK Tammeka Tartu","0 - 2","1 - 2",55,"0 - 2"
"Lithuania A Lyga","FK Riteriai","FK Panevezys","2 - 0","4 - 0",60,"2 - 0"
"South Africa Diski Challenge","Baroka FC Reserves","Black Leopards Reserves","0 - 0","1 - 0",56,"1 - 0"
"Belarus Premier League","Energetik-BGU Minsk","Dinamo Minsk","2 - 2","3 - 3",61,"2 - 3"
"Russia Division 2","FK Ufa II","FC Zvezda Perm","0 - 1","1 - 2",63,"1 - 2"
"Turkey 3.Lig Group 3",Pazarspor,"Nazilli Belediyespor","0 - 2","1 - 3",56,"1 - 2"
"Turkey 2 Lig Kirmizi","Ergene Velimese Spor",Elazigspor,"2 - 1","5 - 1",55,"2 - 1"
"Turkey 3.Lig Group 1",Manisaspor,"24 Erzincanspor","1 - 1","1 - 2",46,"1 - 1"
"Turkey 3.Lig Group 3","Karacabey Belediyespor AS","Batman Petrolspor","2 - 0","4 - 1",64,"4 - 1"
"Norway Division 2 Group 1",Vidar,Fredrikstad,"0 - 1","4 - 4",60,"1 - 2"
"Sweden Superettan","Trelleborgs FF","Jonkopings Sodra","2 - 1","2 - 3",59,"2 - 1"
"Burundi Premier League","Inter Stars","Les Lierres FC","1 - 1","3 - 1",55,"2 - 1"
"Germany Regionalliga Bayern","FV Illertissen","VfR Garching","0 - 0","3 - 1",61,"0 - 1"
"Czech Republic First League","Banik Ostrava","Sigma Olomouc","2 - 1","2 - 2",50,"2 - 1"
"Malawi Super League","Mzuzu University","Silver Strikers","0 - 1","1 - 1",57,"1 - 1"
"Rwanda National League",Bugesera,Etincelles,"0 - 1","0 - 2",65,"0 - 2"
"World Club Friendlies","Bashundhara Kings",Terengganu,"1 - 2","2 - 4",58,"1 - 2"
"Italy Serie B",Trapani,Empoli,"1 - 1","2 - 2",58,"1 - 1"
"England FA Trophy","Basford Utd","Mickleover Sports","2 - 0","3 - 0",64,"2 - 0"
"Spain Segunda B Group 2",Leioa,"Salamanca CF UDS","2 - 0","2 - 1",59,"2 - 0"
"Scotland Highland League",Fraserburgh,"Inverurie Loco Works","1 - 1","2 - 3",44,"1 - 1"
"Togo Premier Division","US Koroki Metete","ASKO Kara","1 - 1","1 - 1",61,"1 - 1"
"Czech Republic First League","Sparta Prague","Bohemians 1905","2 - 0","4 - 0",64,"3 - 0"
"Poland I Liga","Zaglebie Sosnowiec","Chojniczanka Chojnice","1 - 2","3 - 3",60,"2 - 3"
"Ecuador Campeonato Nacional","Fuerza Amarilla SC",Macara,"0 - 2","0 - 3",53,"0 - 2"
"Antigua & Barbuda Premier Division","Old Road FC","Swetes FC","0 - 1","1 - 3",56,"0 - 1"
"Antigua & Barbuda Premier Division","Greenbay Hoppers FC","All Saints Utd FC","2 - 1","4 - 2",63,"4 - 2"
"Japan J3-League","Giravanz Kitakyushu",YSCC,"1 - 1","3 - 1",58,"1 - 1"
"Japan J2-League","Albirex Niigata","Kyoto Sanga FC","1 - 0","3 - 1",57,"1 - 0"
"Slovakia 2. Liga","STK Samorin","Tatran Liptovsky Mikulas","1 - 0","3 - 0",55,"2 - 0"
"Germany Bundesliga U19","SC Preussen Munster U19","Borussia Dortmund U19","2 - 1","2 - 4",65,"2 - 2"
"Kenya Super League","Vihiga Bullets","Bidco United","2 - 3","2 - 3",64,"2 - 3"
"Estonia Esiliiga","JK Tallinna Kalev II","Parnu JK Vaprus","0 - 1","2 - 3",65,"0 - 2"
"Spain Segunda B Group 2","Unionistas de Salamanca CF","Arenas Club de Getxo","1 - 1","1 - 2",65,"1 - 2"
"Poland Ekstraklasa","Wisla Plock","Jagiellonia Bialystok","1 - 0","3 - 1",56,"1 - 1"
"Burundi Premier League",Bumamuru,"Vital'O FC","0 - 1","5 - 2",55,"1 - 2"
"Poland I Liga","Chrobry Glogow","Stal Mielec","0 - 0","1 - 0",65,"1 - 0"
"Sweden Elitettan","Hammarby Women","IK Uppsala Women","1 - 0","1 - 3",56,"1 - 1"
"Germany Bundesliga U19","Hertha Berlin U19","RB Leipzig U19","2 - 0","2 - 1",42,"2 - 0"
"Hong Kong 1st Division","Eastern District","Wong Tai Sin","2 - 0","3 - 3",52,"3 - 0"
"Italy Serie D",Scandicci,Grosseto,"2 - 0","2 - 1",64,"2 - 0"
"Turkey Super Lig",Goztepe,Kasimpasa,"1 - 1","1 - 4",62,"1 - 2"
"Switzerland Challenge League","Lausanne Sports","Stade Lausanne-Ouchy","2 - 0","5 - 0",59,"3 - 0"
"Morocco GNF 1","Rapide Oued Zem","Raja Beni Mellal","0 - 0","3 - 1",63,"2 - 0"
"UAE Premier League","Al Dhafra SCC","Al Wasl SC","1 - 2","1 - 3",48,"1 - 2"
"Switzerland Super League",Lugano,"St Gallen","0 - 2","1 - 3",61,"1 - 2"
"Portugal Campeonato Nacional","Berco SC","Guimaraes B","1 - 0","2 - 0",63,"1 - 0"
"Sweden 1.div Södra","IK Oddevold","Skövde AIK","1 - 1","1 - 2",61,"1 - 2"
"Mali Premiere Division","Onze Créateurs","USFAS Bamako","2 - 0","2 - 0",57,"2 - 0"
"England Premier League",Norwich,"Man Utd","0 - 2","1 - 3",58,"0 - 2"
"Slovakia Super Liga","Spartak Trnava","MSK Zilina","0 - 1","0 - 1",65,"0 - 1"
"Norway Eliteserien","Kristiansund BK","Viking FK","1 - 0","4 - 2",63,"3 - 1"
"Ecuador Campeonato Nacional","Mushuc Runa",Olmedo,"1 - 2","1 - 4",65,"1 - 2"
"Barbados Super Cup","Silver Sands FC","St Andrew Lions","3 - 3","3 - 4",61,"3 - 3"
"Georgia Erovnuli Liga 2",Shevardeni,"FC Gagra","0 - 1","0 - 3",63,"0 - 2"
"Sweden Superettan","Mjallby AIF","Syrianska FC","2 - 0","2 - 0",62,"2 - 0"
"Belgium Reserve League","Standard Liege Reserves","Anderlecht Reserves","0 - 1","1 - 3",63,"0 - 1"
"Israel Cup","Maccabi Ironi Kiryat Ata","Hapoel Nir Ramat Hasharon","0 - 0","0 - 1",65,"0 - 1"
"Greece Cup","Apollon Larissa",Xanthi,"0 - 1","2 - 1",55,"1 - 1"
"Germany DFB Pokal","MSV Duisburg","TSG Hoffenheim","0 - 0","0 - 2",61,"0 - 2"
"Germany DFB Pokal",Saarbrucken,Cologne,"0 - 0","3 - 2",54,"1 - 0"
"Argentina Primera C Metropolitana","Real Pilar","Central Cordoba","1 - 0","3 - 3",64,"3 - 2"
"Germany DFB Pokal","Arminia Bielefeld",Schalke,"0 - 3","2 - 3",62,"0 - 3"
"Turkey Cup","Kemerspor 2003",Kasimpasa,"1 - 2","2 - 3",57,"1 - 2"
"Hungary Cup","BKV Elore SC","Ferencvarosi TC","1 - 2","1 - 3",51,"1 - 2"
"Hungary Cup","FC Dabas","Diosgyori VTK","0 - 2","0 - 3",64,"0 - 3"
"Cyprus Cup","Onisilos Sotira","Ethnikos Achna","0 - 0","1 - 5",62,"0 - 2"
"Cyprus Cup","Olympiakos Nicosia","PO Xylotympou 2006","4 - 1","5 - 3",63,"4 - 2"
"Croatia Cup","Bijelo Brdo","Slaven Belupo","0 - 0","0 - 2",59,"0 - 1"
"Italy Primavera Cup","Genoa U19","Virtus Entella U19","1 - 3","5 - 4",58,"3 - 3"
"Italy Primavera Cup","Sassuolo U19","Bologna U19","2 - 0","2 - 3",64,"2 - 1"
"Russia Cup","FC Nizhny Novgorod","Shinnik Yaroslavl","0 - 2","2 - 2",61,"1 - 2"
"Botswana Premier League","BDF XI","Notwane FC","1 - 0","1 - 1",58,"1 - 1"
"Poland Cup","MKP Pogon Siedlce","Piast Gliwice","0 - 2","0 - 4",64,"0 - 2"
"Romania Cup","Foresta Suceava","Dinamo Bucharest","0 - 1","0 - 4",53,"0 - 1"
"Switzerland Cup","Young Boys","FC Zurich","2 - 0","4 - 0",52,"2 - 0"
"Slovenia Cup","NS Mura","NK Domzale","1 - 2","3 - 2",60,"2 - 2"
"Holland Cup","Amsterdamsche FC","Odin 59","2 - 1","3 - 3",44,"2 - 1"
"Holland Cup","RKSV Groene Ster",VVV,"0 - 0","2 - 2",61,"1 - 1"
"Holland Cup","Sparta Rotterdam","FC Volendam","1 - 0","1 - 0",57,"1 - 0"
"England EFL Cup",Liverpool,Arsenal,"2 - 3","5 - 5",58,"3 - 4"
"Mexico Apertura",Pachuca,Monterrey,"1 - 2","2 - 3",65,"1 - 3"
"UAE U19 League","Al Ittihad Kalba U19","Al Wasl SC U19","1 - 1","2 - 3",45,"1 - 1"
"Russia Cup","FC Orenburg","FK Khimki","0 - 2","1 - 2",63,"1 - 2"
"Croatia 3.HNL","NK Maksimir","NK Vrbovec","2 - 1","3 - 1",52,"2 - 1"
"UAE Premier League","Al Ittihad Kalba","Baniyas SC","2 - 0","2 - 1",56,"2 - 0"
"Norway Youth Cup","Viking FK U19","Rosenborg U19","1 - 2","2 - 3",58,"1 - 2"
"Turkey Cup","Gazisehir Gaziantep FK",Turgutluspor,"1 - 0","3 - 0",58,"1 - 0"
"Romania Cup","ACS Sepsi","Astra Giurgiu","2 - 1","4 - 2",57,"4 - 1"
"Saudi Arabia Premier League","Al Fateh SC","Al Hilal Riyadh","1 - 2","3 - 3",54,"1 - 2"
"Switzerland Cup",Bulle,"FC Rapperswil-Jona","0 - 2","2 - 3",57,"0 - 2"
"Switzerland Cup","Lausanne Sports","Neuchatel Xamax","4 - 0","6 - 0",45,"3 - 0"
"CONCACAF League",Motagua,"Alianza FC San Salvador","2 - 0","3 - 0",63,"2 - 0"
"Argentina Superliga",Lanus,"Boca Juniors","1 - 1","2 - 1",54,"2 - 1"
"Cambodia Premier League","Naga World FC","Svay Rieng FC","0 - 1","2 - 1",56,"0 - 1"
"Ukraine Reserve League","Karpaty Lviv Reserves","Shakhtar Donetsk Reserves","0 - 1","2 - 3",65,"1 - 1"
Friendlies,"Vietnam U21","FK Sarajevo U21","2 - 1","2 - 1",61,"2 - 1"
"Israel Liga Bet North","Hapoel Ramot Menashe","Ihud Bnei Kfar Kara","1 - 5","3 - 7",54,"2 - 5"
"Oman Sultans Cup","Mirbat SC",Nizwa,"2 - 1","3 - 4",59,"2 - 2"
"Austria Landesliga","SV Lebring","Ilzer SV","0 - 1","4 - 3",54,"0 - 1"
"Austria 2. Liga","Vorwarts Steyr","Grazer AK","1 - 1","2 - 2",63,"1 - 2"
"Romania Liga I","Viitorul Constanta","Chindia Targoviste","2 - 0","3 - 0",54,"2 - 0"
"France Ligue 2","Chambly Thelle FC",Guingamp,"1 - 2","1 - 5",61,"1 - 3"
"Holland Eerste Divisie","FC Eindhoven","AZ Reserves","0 - 1","2 - 1",64,"1 - 1"
"Peru Primera Division","Sport Boys","FBC Melgar","3 - 0","4 - 2",61,"3 - 0"
"China Division 1","Beijing Sport University FC","Guizhou Hengfeng Zhicheng","1 - 0","1 - 0",60,"1 - 0"
"Kenya Premier League","Wazito FC","Sony Sugar FC","2 - 1","4 - 3",42,"2 - 1"
"Romania Liga II","CS Mioveni","CS Pandurii Lignitul Targu Jiu","2 - 0","4 - 0",48,"2 - 0"
"Russia Division 2","FK Khimki II","Metallurg Lipetsk","1 - 1","1 - 3",58,"1 - 1"
"Turkey 1 Lig",Hatayspor,Altay,"1 - 0","3 - 2",65,"3 - 1"
"AFC U19 Championships","Cambodia U19","Malaysia U19","0 - 3","4 - 5",46,"0 - 3"
"Poland I Liga","Miedz Legnica","Radomiak Radom","3 - 0","3 - 1",60,"3 - 0"
"Austria Regionalliga Mitte","Wolfsberger AC II","TUS Bad Gleichenberg","1 - 2","3 - 3",61,"1 - 2"
"Sweden Allsvenskan",Helsingborg,Elfsborg,"0 - 1","1 - 2",62,"1 - 2"
"Sweden Div 2 Qualification","BK Olympic","IFK Berga","0 - 1","2 - 3",57,"1 - 1"
"Singapore Cup","Tampines Rovers FC","Warriors FC","2 - 2","4 - 3",60,"3 - 2"
"Denmark 2. Division Group 1","FA 2000",Frem,"1 - 2","4 - 4",62,"2 - 3"
"Denmark Series Group 2",Ishoj,Avedøre,"3 - 1","4 - 1",53,"3 - 1"
"Denmark Division 1",Vejle,"Fremad Amager","2 - 0","4 - 0",58,"3 - 0"
"Denmark 2. Division Group 2",Dalum,"Vejgaard B","2 - 1","3 - 1",65,"2 - 1"
"Czech Republic First League","Sigma Olomouc","Mlada Boleslav","1 - 0","2 - 2",65,"2 - 2"
"Norway Division 1",Kongsvinger,"Sandnes Ulf","1 - 1","1 - 2",64,"1 - 2"
"England National League South",Dulwich,"Bath City","0 - 1","1 - 3",62,"1 - 2"
"Malta Premier League","Mosta FC",Floriana,"0 - 2","1 - 3",54,"0 - 3"
"Oman Sultans Cup","Al-Nasr Salalah","Salalah SC","1 - 1","2 - 1",53,"1 - 1"
"Slovakia Super Liga","MFK Zemplin Michalovce","FC Vion Zlate Moravce","1 - 1","2 - 2",64,"2 - 1"
"Hungary NB I","Zalaegerszegi TE","MOL Fehervar FC","2 - 0","3 - 3",58,"2 - 2"
"France National 2",Vitre,"FC Fleury 91","1 - 1","3 - 2",59,"2 - 1"
"Scotland League Cup",Hibernian,Celtic,"1 - 3","2 - 5",59,"2 - 4"
"Argentina Primera B Metropolitana","CSD Flandria","CA Colegiales","2 - 0","4 - 2",60,"2 - 0"
"Argentina Primera C Metropolitana",Excursionistas,Berazategui,"1 - 0","2 - 4",60,"1 - 1"
"Belgium First Division A",Sint-Truidense,"KV Oostende","0 - 0","1 - 0",65,"1 - 0"
"Brazil Serie B",Oeste,CRB,"0 - 1","3 - 3",51,"0 - 1"
"Argentina Superliga","Rosario Central","Godoy Cruz","3 - 1","5 - 2",61,"3 - 2"
"Barbados Super Cup","Barbados Soccer Academy","Empire Club","0 - 3","0 - 3",48,"0 - 3"
"USA USL Championship","Nashville SC","Indy Eleven","0 - 0","0 - 1",59,"0 - 1"
"Costa Rica Primera Division",Herediano,"Santos de Guápiles","4 - 1","6 - 2",60,"6 - 1"
"Mexico Apertura",Necaxa,Pachuca,"0 - 1","1 - 2",63,"0 - 1"
"Hong Kong 1st Division","Central & Western","Resources Capital FC","1 - 0","1 - 1",58,"1 - 0"
"Kazakhstan Premier League","Irtysh Pavlodar","Kairat Almaty","1 - 0","5 - 0",50,"1 - 0"
"Slovakia 2. Liga","MSK Zilina B","Dukla Banska Bystrica","0 - 2","1 - 2",63,"1 - 2"
"Austria 2. Liga","Austria Lustenau","FC Wacker Innsbruck","0 - 1","2 - 3",64,"0 - 3"
"Turkey 3.Lig Group 3","Yeni Altindag Belediyespor",Pazarspor,"1 - 2","3 - 4",64,"2 - 3"
"Spain Segunda B Group 1","Sporting Gijon B","Real Madrid B","3 - 0","4 - 2",56,"3 - 1"
"Azerbaijan Premier League","Zira IK","FK Sumqayit","1 - 1","2 - 2",48,"1 - 1"
"Serbia U19 League","FK Trajal Krusevac U19","OFK Belgrade U19","1 - 1","1 - 1",63,"1 - 1"
"Malawi Super League","Big Bullets","Mzuzu University","2 - 1","3 - 2",65,"2 - 1"
"Belgium First Division A",Anderlecht,"Cercle Brugge","2 - 1","2 - 1",60,"2 - 1"
"Turkey 1 Lig",Eskisehirspor,"Osmanlispor FK","1 - 1","3 - 2",65,"2 - 1"
"Turkey Super Lig",Kasimpasa,"Yeni Malatyaspor","1 - 0","2 - 2",57,"1 - 0"
"Sweden Superettan","Jonkopings Sodra",Brommapojkarna,"0 - 1","2 - 2",65,"1 - 1"
"Italy Serie C Group C","ASD Sicula Leonzio",Cavese,"2 - 0","3 - 1",60,"3 - 0"
"Serbia Super Liga","FK Radnik Surdulica","FK Vozdovac","0 - 0","2 - 2",64,"0 - 1"
"Spain Youth League","CD 26 de Febrero U19","Malaga U19","0 - 4","0 - 5",55,"0 - 4"
"Hungary NB II","Vasas SC","BFC Siofok","1 - 1","2 - 2",57,"1 - 1"
"Croatia 1.HNL","NK Osijek","HNK Rijeka","0 - 2","3 - 2",65,"1 - 2"
"Mauritania Division 1","ASC Tidjikja","ASC Kedia","1 - 2","1 - 2",58,"1 - 2"
"Guatemala Primera Division","Solola FC","Nueva Concepcion","1 - 0","2 - 0",65,"2 - 0"
"Guatemala Liga Nacional","Deportivo Sanarate FC",Xelaju,"1 - 0","1 - 0",64,"1 - 0"
"Spain Segunda","Real Zaragoza","Las Palmas","2 - 0","3 - 0",64,"2 - 0"
"Belgium First Division A","KV Mechelen",Charleroi,"2 - 2","2 - 2",65,"2 - 2"
"Antigua & Barbuda Premier Division","All Saints Utd FC","Five Islands","1 - 1","1 - 1",47,"1 - 1"
"Antigua & Barbuda Premier Division","Parham FC",Liberta,"1 - 0","1 - 1",46,"1 - 0"
"Hong Kong Premier League","HK Pegasus","Southern District","0 - 0","2 - 2",62,"2 - 1"
"Israel Liga Bet North","Hapoel Tirat HaCarmel","Maccabi Umm al-Fahm","0 - 1","0 - 1",61,"0 - 1"
"Romania Liga I","Astra Giurgiu","CSM Politehnica Iasi","1 - 0","4 - 0",64,"1 - 0"
"Lithuania A Lyga","FK Riteriai","Atlantas Klaipeda","2 - 2","5 - 2",51,"2 - 2"
"Croatia 1.HNL","NK Lokomotiva Zagreb","NK Varazdin","1 - 1","2 - 1",57,"1 - 1"
"Holland Eerste Divisie","Ajax Reserves","FC Volendam","0 - 0","1 - 3",57,"0 - 1"
"Bulgaria First League","Botev Vratsa","FK Vitosha","1 - 0","1 - 1",64,"1 - 0"
"Israel Liga Bet North","Maccabi Ahva Yarka","FC Achva Kfar Manda","0 - 2","2 - 7",63,"0 - 4"
"UEFA Youth League","Borussia Dortmund U19","Inter Milan U19","0 - 0","2 - 1",60,"1 - 0"
"UEFA Youth League","Barcelona U19","Slavia Prague U19","1 - 1","2 - 3",63,"1 - 2"
"UEFA Youth League","Lyon U19","Benfica U19","0 - 2","2 - 3",57,"1 - 2"
"UEFA Champions League","Zenit St Petersburg","RB Leipzig","0 - 1","0 - 2",58,"0 - 1"
"England National League",Hartlepool,"Solihull Moors","0 - 0","0 - 1",59,"0 - 1"
"Brazil Serie B","Atletico Goianiense",Londrina,"0 - 0","2 - 1",63,"1 - 0"
"Brazil Serie B",Cuiaba,CRB,"3 - 1","5 - 1",48,"3 - 1"
"Brazil Serie B",Bragantino,"Guarani SP","0 - 0","3 - 1",63,"1 - 0"
"Hungary NB II","Gyirmot SE","MTK Budapest","1 - 1","1 - 2",60,"1 - 2"
"UEFA Champions League","Lokomotiv Moscow",Juventus,"1 - 1","1 - 2",64,"1 - 1"
"UEFA Youth League","IA Akranes U19","Derby U19","0 - 2","1 - 2",62,"0 - 2"
"Northern Ireland Reserve League","Carrick Rangers Reserves","Linfield Reserves","0 - 2","1 - 4",51,"0 - 2"
"Qatar Stars League","Al-Arabi Doha","Al-Sailiya SC","1 - 0","1 - 2",63,"1 - 1"
"AFC U19 Championships","Cambodia U19","Thailand U19","2 - 0","2 - 1",48,"2 - 0"
"Romania Liga III","Unirea Dej","CS Sanatatea Servicii Publice Cluj","3 - 1","4 - 2",63,"3 - 1"
"UAE U19 League","Al Arabi Umm Al Quwain U19","Al Ittihad Kalba U19","1 - 1","1 - 1",63,"1 - 1"
"Azerbaijan Division 1","FK Qarabag II","FK Sumqayit II","0 - 1","1 - 2",65,"1 - 1"
"Europe Friendlies","BK Hacken","Ljungskile SK","0 - 1","1 - 1",57,"0 - 1"
"AFC U19 Championships","Qatar U19","Turkmenistan U19","0 - 0","4 - 1",62,"1 - 1"
"Lithuania A Lyga","FK Zalgiris Vilnius","FK Riteriai","1 - 2","1 - 3",55,"1 - 2"
"Czech Republic 2. Liga","Vysocina Jihlava","FC Sellier & Bellot Vlasim","2 - 0","4 - 1",59,"3 - 0"
"Denmark Division 1",Viborg,Naestved,"0 - 0","2 - 1",63,"1 - 1"
"Czech Republic First League","Mlada Boleslav","Bohemians 1905","0 - 1","2 - 1",51,"2 - 1"
"Turkey Super Lig",Fenerbahce,Kasimpasa,"2 - 1","3 - 2",55,"2 - 1"
"Germany Regionalliga North East","Babelsberg 03","Optik Rathenow","2 - 1","3 - 2",52,"2 - 2"
"Poland I Liga","Sandecja Nowy Sacz","Olimpia Grudziadz","2 - 0","3 - 1",64,"2 - 0"
"Holland Eerste Divisie",Excelsior,"FC Eindhoven","3 - 3","5 - 4",57,"4 - 4"
"Japan J3-League","Grulla Morioka FC","Gamba Osaka U23","1 - 1","3 - 3",57,"2 - 1"
"Japan J-League","Yokohama F-Marinos","Consadole Sapporo","3 - 1","4 - 2",56,"3 - 1"
"Japan J-League","Cerezo Osaka","Shonan Bellmare","0 - 0","1 - 0",50,"1 - 0"
"Russia Division 1","FK Yenisey","FK Khimki","0 - 0","1 - 0",65,"1 - 0"
"Hong Kong Senior Shield","Southern District","Eastern Long Lions","0 - 1","0 - 1",51,"0 - 1"
"Italy Campionato Primavera 2","Frosinone U19","Lecce U19","1 - 1","2 - 1",56,"1 - 1"
"Germany Bundesliga U19","Augsburg U19","TSG Hoffenheim U19","1 - 2","2 - 3",47,"1 - 2"
"Turkey 3.Lig Group 1",Yomraspor,"24 Erzincanspor","0 - 1","1 - 1",58,"1 - 1"
"Turkey 2 Lig Beyaz","Bak Spor Kulubu",Kirklarelispor,"0 - 1","0 - 1",54,"0 - 1"
"Turkey 3.Lig Group 1","Sultanbeyli Belediyespor","Tire 1922 Spor","2 - 0","3 - 0",56,"2 - 0"
"Turkey 3.Lig Group 3","Halide Edip Adivarspor",Muglaspor,"1 - 2","1 - 2",61,"1 - 2"
"Estonia Meistriliiga","Maardu Linnameeskond","FC Flora Tallinn","0 - 4","0 - 12",52,"0 - 6"
"Spain Youth League","Malaga U19","Almeria U19","0 - 1","1 - 1",64,"1 - 1"
"Russia Division 1","Avangard Kursk",Tomsk,"0 - 2","3 - 2",63,"0 - 2"
"Austria Regionalliga Mitte","FC Wels","TUS Bad Gleichenberg","0 - 3","1 - 6",62,"1 - 3"
"Sweden Cup","Enskede IK",AIK,"0 - 4","0 - 7",45,"0 - 4"
"Poland I Liga","Radomiak Radom","MKS Puszcza Niepolomice","0 - 1","1 - 1",54,"0 - 1"
"Russia Division 1","FK Armavir","Shinnik Yaroslavl","0 - 0","0 - 1",61,"0 - 1"
"Azerbaijan Premier League","Keshla FK","Neftchi Baku","0 - 1","2 - 1",63,"1 - 1"
"Austria 2. Liga","FC Dornbirn 1913","FC Blau Weiss Linz","0 - 2","2 - 2",65,"0 - 2"
"Austria Regionalliga Mitte","SC Kalsdorf","ATSV Wolfsberg","1 - 1","1 - 2",62,"1 - 1"
"Norway Division 1",Raufoss,Skeid,"3 - 2","4 - 5",65,"3 - 4"
"Poland I Liga","Chojniczanka Chojnice","Stal Mielec","0 - 1","0 - 2",63,"0 - 1"
"Algeria Division 2","MC El Eulma","WA Tlemcen","0 - 0","2 - 1",51,"1 - 0"
"France Ligue 1",Brest,PSG,"0 - 1","1 - 2",63,"0 - 1"
"Mauritania Division 1","ASC Garde Nationale",JAHE,"1 - 0","2 - 0",63,"1 - 0"
"Republic of Ireland Munster Senior League","Castleview FC","Blarney United","1 - 2","2 - 3",57,"1 - 2"
"Switzerland Super League",Lucerne,Servette,"0 - 2","1 - 2",63,"0 - 2"
"Mexico Segunda Division","Unam Pumas II","Cruz Azul Hidalgo","1 - 3","1 - 4",64,"1 - 3"
"Poland Ekstraklasa","Wisla Krakow","Arka Gdynia","0 - 0","0 - 1",54,"0 - 1"
"Antigua & Barbuda Premier Division","All Saints Utd FC","Swetes FC","1 - 0","1 - 0",51,"1 - 0"
"Mexico Segunda Division",Chapulineros,"Ciervos FC","2 - 0","3 - 0",61,"2 - 0"
"Nicaragua Apertura","Managua FC","Las Sabanas FC","1 - 0","4 - 0",65,"3 - 0"
"Antigua & Barbuda Premier Division","Ottos Rangers FC","Greenbay Hoppers FC","2 - 0","4 - 2",64,"3 - 1"
"Argentina Superliga","Godoy Cruz","CA Independiente","1 - 0","1 - 2",64,"1 - 2"
"Hong Kong 1st Division","Wong Tai Sin","Hong Kong FC","1 - 3","2 - 7",63,"2 - 4"
"Russia U20 League","Lokomotiv Moscow U20","Krasnodar U20","0 - 1","1 - 2",60,"1 - 2"
"Czech Republic 3. Ligy","Hradec Kralove B","FK Teplice B","1 - 1","7 - 1",59,"2 - 1"
"Turkey 3.Lig Group 3",Yesilyurt,Golcukspor,"1 - 1","2 - 2",57,"1 - 1"
"Turkey 3.Lig Group 1","Catalca Spor","68 Aksaray Belediyespor","3 - 1","3 - 3",57,"3 - 3"
"Spain Segunda B Group 1","Las Rozas",Pontevedra,"1 - 1","1 - 3",62,"1 - 2"
"Estonia Esiliiga","JK Tallinna Kalev II","Tartu JK Welco","2 - 2","2 - 3",59,"2 - 2"
"Ukraine Persha Liga","FC Cherkashchyna","Obolon Brovar Kiev","0 - 1","1 - 2",55,"0 - 1"
"Croatia 2.HNL","NK Croatia Zmijavci","HNK Sibenik","1 - 0","2 - 0",51,"1 - 0"
"Denmark Superligaen","AGF Aarhus",Sonderjyske,"2 - 0","4 - 2",65,"3 - 1"
"Serbia Super Liga","FK Backa Topola","FK Vozdovac","1 - 1","2 - 2",62,"2 - 1"
"Serbia Super Liga","Javor Ivanjica","Red Star Belgrade","1 - 0","1 - 1",61,"1 - 0"
"France U19 League","PSG U19","Boulogne U19","3 - 0","6 - 4",63,"5 - 2"
"Togo Premier Division","ASC Kara","Unisport de Sokode","1 - 1","2 - 2",60,"1 - 1"
"Portugal Segunda Liga","Academico Viseu",Vilafranquense,"0 - 1","0 - 2",64,"0 - 2"
"Austria Bundesliga","Wolfsberger AC","FC Salzburg","0 - 1","0 - 3",44,"0 - 1"
"Turkey Super Lig","Istanbul Basaksehir",Ankaragucu,"1 - 0","2 - 1",57,"1 - 0"
"Hungary NB I","Debreceni VSC","Ferencvarosi TC","0 - 2","1 - 6",65,"1 - 3"
"Croatia 1.HNL","HNK Rijeka","Dinamo Zagreb","0 - 4","0 - 5",48,"0 - 4"
"Peru Primera Division","Unión Comercio","Sport Huancayo","1 - 1","1 - 2",53,"1 - 1"
"Antigua & Barbuda Premier Division","Parham FC","Five Islands","0 - 2","1 - 5",38,"0 - 2"
"Uruguay Clausura","Atletico Fenix Montevideo","Cerro Largo","1 - 1","1 - 1",53,"1 - 1"
"U23 Africa Cup of Nations","Egypt U23","Ghana U23","1 - 1","3 - 2",57,"1 - 2"
"Colombia Primera B","Bogota FC","Fortaleza CEIF","0 - 0","0 - 3",62,"0 - 1"
"India Shillong Premier League","Laban SC","Nangkiew Irat","1 - 2","1 - 3",60,"1 - 2"
"European U19 Championship Qual","Cyprus U19","Slovakia U19","1 - 1","1 - 2",60,"1 - 1"
"Kenya Super League","Muranga Seal","FC Talanta","1 - 0","1 - 0",56,"1 - 0"
"Spain Copa del Rey","CA Antoniano","Atletico Porcuna CF","2 - 0","2 - 0",46,"2 - 0"
"Brazil Serie B","Botafogo SP","Sport Recife","0 - 1","0 - 2",63,"0 - 2"
"Asia - World Cup Qualifying",Myanmar,Tajikistan,"2 - 1","4 - 3",63,"4 - 2"
"Asia - World Cup Qualifying",Uzbekistan,"Saudi Arabia","1 - 1","2 - 3",64,"2 - 1"
"Saudi Arabia Division 2",Al-Riyadh,"Al Anwar Club","1 - 0","2 - 1",57,"1 - 0"
"U20 International","Poland U20","Switzerland U20","1 - 0","5 - 1",59,"3 - 0"
"Asia - World Cup Qualifying",Kuwait,"Chinese Taipei","2 - 0","9 - 0",65,"6 - 0"
"U19 International","Holland U19","Czech Rep U19","2 - 2","3 - 3",52,"2 - 2"
"CONCACAF Nations League",Bahamas,"British Virgin Islands","3 - 0","3 - 0",63,"3 - 0"
"Colombia Primera A","Cucuta Deportivo",Junior,"1 - 1","1 - 3",62,"1 - 1"
"World Club Friendlies","Pakistan Air Force","Pakistan Army","3 - 0","7 - 1",63,"4 - 1"
"Romania Liga III","CS Sanatatea Servicii Publice Cluj","FC Unirea Alba Iulia","2 - 1","4 - 1",65,"3 - 1"
"Europe Friendlies",Mainz,Darmstadt,"0 - 1","2 - 1",58,"0 - 1"
"European U21 Championship Qual","Ukraine U21","Denmark U21","0 - 2","2 - 3",58,"0 - 2"
"Denmark Division 1","Hvidovre IF","FC Fredericia","0 - 1","2 - 3",65,"1 - 3"
"France Cup","Le Havre",Dunkerque,"1 - 1","1 - 3",60,"1 - 1"
"Euro 2020 Qualifying",Bosnia-Herzegovina,Italy,"0 - 2","0 - 3",63,"0 - 3"
"Northern Ireland Premier","Carrick Rangers",Crusaders,"1 - 0","1 - 3",56,"1 - 1"
"Republic of Ireland Leinster Senior League","Liffey Wanderers","Edenderry Town FC","1 - 0","3 - 3",57,"2 - 2"
"Trinidad & Tobago League Cup","San Juan Jabloteh","North East Stars FC","1 - 2","2 - 2",57,"1 - 2"
"Australia A-League","Central Coast Mariners","Adelaide United","1 - 3","1 - 3",64,"1 - 3"
"Romania Liga II","ACS Viitorul Pandurii Targu Jiu","FK Csikszereda Miercurea Ciuc","1 - 0","1 - 1",56,"1 - 1"
"South Africa Diski Challenge","Amazulu Reserves","Golden Arrows Reserves","2 - 1","4 - 1",59,"3 - 1"
"Czech Republic 3. Ligy",Stechovice,"Jiskra Domazlice","0 - 0","0 - 3",64,"0 - 2"
"Turkey 3.Lig Group 1","Cankaya FK","Sultanbeyli Belediyespor","0 - 1","0 - 2",43,"0 - 1"
"Slovakia Cup","Partizan Bardejov","Slovan Bratislava","1 - 4","2 - 5",47,"1 - 5"
"Latvia Play-Offs","SK Super Nova",Metta/LU,"1 - 1","1 - 3",55,"1 - 2"
"Czech Republic 3. Ligy","FC Odra Petrkovice","Hanacka Slavia Kromeriz","1 - 0","3 - 2",60,"2 - 0"
"UAE Division 1",Masafi,"Dibba Al Fujairah","1 - 2","1 - 4",53,"1 - 2"
"Austria Landesliga","ASV 13 Vienna","FC Stadlau","0 - 0","1 - 0",64,"1 - 0"
"European U19 Championship Qual","Italy U19","Cyprus U19","1 - 0","2 - 0",45,"1 - 0"
"Austria Regionalliga Ost","SC Wiener Viktoria","FCM Traiskirchen","1 - 0","3 - 3",63,"3 - 1"
"Holland Tweede Divisie","Koninklijke HFC","Rijnsburgse Boys","0 - 1","2 - 1",57,"1 - 1"
"France Cup",Chateauroux,Niort,"1 - 1","1 - 1",61,"1 - 1"
"Spain Segunda B Group 1","Sporting Gijon B","Celta de Vigo B","1 - 1","1 - 1",63,"1 - 1"
"England National League North","AFC Telford","Spennymoor Town","1 - 2","2 - 2",54,"2 - 2"
"England League 2",Walsall,"Cambridge Utd","2 - 0","2 - 1",57,"2 - 0"
"England National League North","Bradford P A",Leamington,"0 - 2","0 - 3",58,"0 - 3"
"Burkina Faso League",Sonabel,"RC Bobo Dioulasso","0 - 1","0 - 2",58,"0 - 1"
"Euro 2020 Qualifying","San Marino",Kazakhstan,"0 - 3","1 - 3",63,"0 - 3"
"Euro 2020 Qualifying",Azerbaijan,Wales,"0 - 2","0 - 2",58,"0 - 2"
"England National League",Yeovil,Dover,"0 - 0","0 - 1",62,"0 - 1"
"Italy Serie C Group A","US Pergolettese",Albinoleffe,"0 - 0","2 - 1",64,"1 - 1"
"Euro 2020 Qualifying",Israel,Poland,"0 - 1","1 - 2",60,"0 - 2"
"Argentina Torneo A","Deportivo Madryn","Sol de Mayo","2 - 0","2 - 0",54,"2 - 0"
"Japan J3-League","Gainare Tottori","Fukushima Utd","0 - 2","1 - 2",65,"0 - 2"
"Czech Republic 3. Ligy","Slovan Liberec B","Usti N Orlici","2 - 1","3 - 3",52,"2 - 1"
"Turkey 3.Lig Group 1",Manisaspor,"Catalca Spor","0 - 1","1 - 7",53,"0 - 2"
"Spain Segunda",Ponferradina,Girona,"0 - 0","1 - 1",57,"1 - 1"
"Russia Division 2","FC Spartak Vladikavkaz","Anzhi Makhachkala","1 - 0","1 - 0",65,"1 - 0"
"Croatia U19 League","NK Inter-Zapresic U19","NK Osijek U19","0 - 1","1 - 4",60,"1 - 1"
"Slovenia 3. SNL","NK Arne Tabor 69","NK Ziri","0 - 2","2 - 4",65,"0 - 3"
"Malawi Super League","Mlatho Mponela FC","Blue Eagles","0 - 2","2 - 3",47,"0 - 2"
"Greece Super League 2",Ergotelis,"AE Karaiskakis","3 - 1","4 - 2",52,"3 - 1"
"Greece Football League",Aspropyrgos,"OF Ierapetras","2 - 0","3 - 0",63,"2 - 0"
"Spain Segunda",Alcorcon,Malaga,"1 - 0","1 - 0",62,"1 - 0"
"Switzerland 1.Liga Promotion","AC Bellinzona","FC Koniz","3 - 1","6 - 2",58,"5 - 1"
"Italy Serie D","Cjarlins Muzane","ASD Villafranca","1 - 1","4 - 3",53,"3 - 1"
"Europe Friendlies","Pafos FC","Riga FC","0 - 2","1 - 4",48,"0 - 2"
"Italy Serie C Group C","ASD Sicula Leonzio","Virtus Francavilla","1 - 1","1 - 1",52,"1 - 1"
"Cameroon Elite One","Fovu de Baham","Canon de Yaounde","1 - 1","1 - 2",50,"1 - 1"
"Peru Reserve League","Cesar Vallejo Reserves","FBC Melgar Reserves","2 - 1","3 - 2",51,"3 - 1"
"Ecuador Reserve League","Independiente del Valle Reserves","El Nacional Reserves","1 - 0","1 - 2",60,"1 - 1"
"Spain Youth League","CD 26 de Febrero U19","Gimnastica Ceuta U19","3 - 0","5 - 0",65,"3 - 0"
"Guatemala Primera Division","CD Achuapa","CD Sansare","0 - 0","2 - 2",63,"2 - 1"
"Jamaica Premier League",Waterhouse,"Harbour View FC","1 - 1","3 - 1",61,"1 - 1"
"Jamaica Premier League",Cavalier,"Arnett Gardens","1 - 3","2 - 4",65,"1 - 4"
"CONCACAF Nations League",Honduras,"Trinidad & Tobago","3 - 0","4 - 0",64,"4 - 0"
"Kazakhstan Play-Offs","FK Taraz","Akzhayik Uralsk","3 - 1","3 - 1",59,"3 - 1"
"Kenya Super League","Mount Kenya United","Administration Police FC","1 - 0","2 - 0",56,"1 - 0"
"European U21 Championship Qual","Croatia U21","Czech Rep U21","1 - 1","1 - 2",46,"1 - 1"
"Indonesia Liga 3","PS Kota Pahlawan","Persedikab Kediri","0 - 2","1 - 4",63,"0 - 3"
"Saudi Arabia Division 1","Al Khaleej Saihat","Al Taee","0 - 0","1 - 1",65,"1 - 0"
"Cameroon Elite Two","AS Matelots","Foncha Street Bamenda","0 - 2","2 - 2",64,"0 - 2"
"Croatia 3.HNL","NK Kamen Ivanbegovina","NK Primorac Biograd","1 - 0","1 - 0",58,"1 - 0"
"European U19 Championship Qual","Poland U19","Russia U19","0 - 2","0 - 4",50,"0 - 3"
"Uganda Premier League","Proline FC",Maroons,"2 - 0","3 - 2",63,"2 - 1"
"European U19 Championship Qual","Italy U19","Slovakia U19","1 - 0","3 - 0",62,"3 - 0"
"European U19 Championship Qual","Malta U19","Cyprus U19","0 - 0","0 - 2",59,"0 - 1"
"Club Friendly List","VVV U19","FC Eindhoven U19","2 - 1","4 - 3",60,"3 - 1"
"Africa Cup of Nations Qualification",Libya,Tanzania,"0 - 1","2 - 1",63,"0 - 1"
"England Northern League Challenge Cup","Nantwich Town",Widnes,"4 - 3","5 - 6",64,"5 - 3"
"England FA Trophy","Bedfont Sports",Paulton,"0 - 2","0 - 5",65,"0 - 3"
"European U21 Championship Qual","Italy U21","Armenia U21","3 - 0","6 - 0",59,"5 - 0"
"International Match",Ecuador,Colombia,"0 - 1","0 - 1",64,"0 - 1"
"Kenya Premier League","Kisumu All Stars","Wazito FC","0 - 0","2 - 0",50,"1 - 0"
"Kenya Premier League","Mathare United","Sofapaka FC","0 - 1","0 - 1",65,"0 - 1"
"Uganda Premier League",KCCA,URA,"0 - 1","1 - 1",61,"1 - 1"
"South Africa National Div 1","UTHONGATHI FC","Tshakhuma Tsha Madzivhadila","0 - 0","1 - 1",55,"1 - 0"
"Ivory Coast League Cup","USC Bassam","Africa Sports","1 - 1","2 - 2",64,"2 - 1"
"Peru Segunda","Santos FC","CD Coopsol","0 - 2","0 - 4",63,"0 - 2"
"Panama Reserve League","CA Independiente de la Chorrera Reserves","Alianza FC Panama Reserves","0 - 0","1 - 0",53,"1 - 0"
"Brazil Serie B","Sport Recife","Ponte Preta","0 - 1","2 - 1",60,"1 - 1"
"Australia W-League","Brisbane Roar Women","Melbourne Victory Women","1 - 2","2 - 3",62,"1 - 2"
"Rwanda National League","Gasogi Utd","Musanze FC","1 - 1","1 - 1",54,"1 - 1"
"Portugal U23 League","Cova de Piedade U23","Portimonense U23","2 - 2","3 - 4",63,"2 - 3"
"Brazil Serie B","Sao Bento",Londrina,"2 - 1","4 - 1",65,"3 - 1"
"Uruguay Clausura","Defensor Sporting","Nacional De Football","1 - 1","2 - 1",59,"1 - 1"
"Algeria U19 League","USM Blida U19","Olympique Medea U19","0 - 3","1 - 3",51,"0 - 3"
"Russia U20 League","FC Orenburg U20","FC Akhmat Grozny U20","1 - 0","3 - 1",63,"1 - 0"
"China Super League","Wuhan Zall","Guangzhou R&F","2 - 0","2 - 1",51,"2 - 1"
"Romania Liga III","SR Brasov","AFC Astra II","1 - 1","2 - 1",62,"2 - 1"
"Uganda Premier League",Maroons,"Vipers SC","1 - 0","1 - 1",48,"1 - 0"
"Serbia Super Liga","Partizan Belgrade","Javor Ivanjica","4 - 2","6 - 2",61,"5 - 2"
"Germany Regionalliga Bayern","SV Heimstetten","Wacker Burghausen","1 - 2","2 - 2",62,"2 - 2"
"Romania Liga I","CFR Cluj","Chindia Targoviste","1 - 0","4 - 0",57,"1 - 0"
"Belgium Reserve League","Genk Reserves","OH Leuven Reserves","0 - 0","1 - 2",64,"1 - 0"
"France Ligue 2",Chateauroux,Lorient,"1 - 0","1 - 3",62,"1 - 3"
"Holland Eerste Divisie","FC Dordrecht",Telstar,"1 - 2","2 - 3",64,"2 - 3"
"Holland Eerste Divisie",NAC,"Ajax Reserves","1 - 1","1 - 2",54,"1 - 1"
"Holland Eerste Divisie","Almere City FC","FC Den Bosch","0 - 1","0 - 2",53,"0 - 1"
"Wales Championship South","Afan Lido FC","Llanelli AFC","0 - 1","5 - 1",63,"2 - 1"
"Belgium First Division A","Club Brugge","KV Oostende","1 - 0","2 - 0",53,"2 - 0"
"Belgium First Division B",Westerlo,"OH Leuven","1 - 2","1 - 2",46,"1 - 2"
"France Ligue 1",PSG,Lille,"2 - 0","2 - 0",63,"2 - 0"
"England Championship",Fulham,QPR,"1 - 1","2 - 1",59,"1 - 1"
"Mexico Segunda Division","Murcielagos FC","Atletico Reynosa","0 - 1","0 - 2",53,"0 - 2"
"South Korea K-League 1","FC Seoul","Pohang Steelers","0 - 1","0 - 3",65,"0 - 3"
"Romania Liga II","Sportul Snagov","CSM Resita","2 - 2","3 - 3",59,"2 - 2"
"Israel Youth League","Shimshon Tel Aviv U19","Hapoel Katamon U19","1 - 3","1 - 3",62,"1 - 3"
"Hong Kong Premier League","Southern District",R&F,"1 - 1","3 - 4",54,"1 - 1"
"Russia Division 1","Spartak Moscow II","Avangard Kursk","0 - 1","1 - 1",59,"0 - 1"
"Italy Campionato Primavera 1","Lazio U19","Roma U19","2 - 0","2 - 1",64,"2 - 0"
"Germany Bundesliga U19","Hertha Berlin U19","Hannover 96 U19","0 - 0","4 - 1",53,"1 - 0"
"Lithuania A Lyga","FK Riteriai","Suduva Marijampole","2 - 1","5 - 1",63,"3 - 1"
"Russia Premier League","Rubin Kazan","Zenit St Petersburg","0 - 1","1 - 2",64,"0 - 1"
"Iceland Pre-Season Cup",Stjarnan,"KA Akureyri","2 - 1","4 - 1",60,"3 - 1"
"Poland II Liga","Lech Poznan II","Gornik Leczna","0 - 0","1 - 1",61,"1 - 1"
"Montenegro Prva Liga","OFK Petrovac","Sutjeska Niksic","0 - 2","0 - 4",45,"0 - 2"
"Saudi Arabia Division 2","Al Kholood","Al Safa","0 - 1","2 - 1",52,"0 - 1"
"Malawi Super League","Azam Tigers FC","Big Bullets","0 - 1","0 - 1",61,"0 - 1"
"Slovakia Super Liga","MFK Zemplin Michalovce","Dunajska Streda","5 - 0","5 - 0",49,"5 - 0"
"Germany Regionalliga Bayern",Buchbach,"SpVgg Bayreuth","2 - 0","3 - 1",60,"3 - 0"
"Czech Republic First League","Slovan Liberec","FC Fastav Zlín","3 - 0","5 - 0",64,"4 - 0"
"Slovakia Super Liga","MFK Ruzomberok","FK Senica","0 - 2","2 - 2",57,"0 - 2"
"Wales League Cup","STM Sports",Aberystwyth,"1 - 1","2 - 1",60,"2 - 1"
"Poland I Liga","Olimpia Grudziadz","Zaglebie Sosnowiec","0 - 0","2 - 1",58,"0 - 1"
"Serbia Super Liga","Mladost Lucani","FK Backa Topola","0 - 2","0 - 3",57,"0 - 2"
"England Championship",Luton,Leeds,"0 - 0","1 - 2",63,"1 - 1"
"Algeria Division 1","Paradou AC","ES Setif","0 - 1","1 - 1",61,"0 - 1"
"Qatar Stars Cup","Al-Ahli Doha","Al-Sadd SC","3 - 2","4 - 3",64,"3 - 2"
"Benin Ligue 1","ASPAC FC","USS Krake","0 - 1","4 - 2",52,"1 - 1"
"Slovenia Prva Liga","NK Celje","Olimpija Ljubljana","1 - 2","1 - 3",56,"1 - 2"
"UAE Cup","Sharjah SCC","Al Fujairah","2 - 0","5 - 1",61,"3 - 1"
"France National 2","Blois Foot 41","Trelissac FC","1 - 0","1 - 0",55,"1 - 0"
"Arab Club Championship","WAC Casablanca","Raja Casablanca","1 - 0","4 - 4",55,"1 - 1"
"Romania Liga I",FCSB,"Astra Giurgiu","1 - 1","1 - 3",62,"1 - 2"
"Panama Liga Nacional de Ascenso","SD Atletico Nacional","Colon C-3","0 - 0","3 - 3",57,"2 - 1"
"Trinidad & Tobago League Cup","Central FC","La Horquetta Rangers FC","1 - 2","2 - 4",61,"1 - 2"
"Argentina Superliga","Defensa y Justicia",Lanus,"1 - 0","2 - 0",59,"1 - 0"
"Aruba Division Di Honor","SV Estrella","SV Deportivo Nacional","3 - 2","3 - 3",52,"3 - 2"
"New Zealand Youth League","Wellington Phoenix FC U20","Auckland City U20","1 - 5","1 - 6",60,"1 - 5"
"Guatemala Liga Nacional","Coban Imperial","CSD Municipal","2 - 1","3 - 2",62,"3 - 1"
"Japan J2-League","Zweigen Kanazawa","Omiya Ardija","0 - 1","1 - 1",61,"0 - 1"
"Japan J2-League","Kashiwa Reysol","Kyoto Sanga FC","4 - 1","13 - 1",60,"6 - 1"
"Taiwan Premier League","Ming Chuan University","Taipei City Tatung","0 - 3","1 - 7",61,"1 - 5"
"Indonesia Liga 3","Persedikab Kediri","PS Kota Pahlawan","1 - 1","2 - 1",63,"1 - 1"
"France U19 League","Troyes U19","Le Puy U19","3 - 0","6 - 2",62,"5 - 0"
"Belarus Premier League","Slavia Mozyr",Isloch,"0 - 0","2 - 0",64,"1 - 0"
"Ukraine Vyscha Liga","Kolos Kovalivka","Desna Chernihiv","1 - 0","2 - 0",62,"1 - 0"
"Ukraine Vyscha Liga","Karpaty Lviv","Olimpik Donetsk","1 - 2","1 - 2",65,"1 - 2"
"Kenya Super League","Fortune Sacco","Shabana FC","1 - 0","2 - 0",53,"2 - 0"
"Italy Serie D",Recanatese,Vastese,"1 - 0","2 - 4",61,"1 - 3"
"Switzerland Challenge League",Winterthur,Kriens,"0 - 1","0 - 2",51,"0 - 1"
"Bosnia & Herzegovina Premier Liga",Zeljeznicar,"Siroki Brijeg","1 - 1","1 - 2",49,"1 - 1"
"Switzerland Super League","St Gallen","Neuchatel Xamax","2 - 0","4 - 1",57,"3 - 1"
"Switzerland Super League","FC Sion","Young Boys","2 - 3","3 - 4",49,"2 - 3"
"Nigeria Premier League","Akwa United","Nasarawa United","1 - 0","1 - 1",63,"1 - 1"
"Austria Bundesliga","Rapid Vienna","SK Sturm Graz","1 - 0","1 - 1",61,"1 - 1"
"Italy Serie C Group A","Pro Patria",Pistoiese,"0 - 0","1 - 1",58,"1 - 0"
"Peru Reserve League","Alianza Universidad Reserves","Cesar Vallejo Reserves","3 - 1","6 - 2",64,"4 - 1"
"Norway Eliteserien",Stromsgodset,"SK Brann","4 - 0","6 - 0",49,"5 - 0"
"Norway Eliteserien",Stabaek,Mjondalen,"1 - 1","4 - 2",64,"3 - 1"
"Guatemala Liga Nacional","Siquinala FC","Antigua GFC","1 - 2","2 - 3",51,"1 - 2"
"Holland Reserve League","Willem II Reserves","Roda JC Reserves","0 - 2","2 - 3",64,"2 - 2"
"Holland Reserve League","VVV Reserves","FC Eindhoven Reserves","3 - 0","8 - 0",50,"3 - 0"
"Holland Eerste Divisie","AZ Reserves","De Graafschap","0 - 1","2 - 1",60,"2 - 1"
"Holland Eerste Divisie","PSV Reserves",NAC,"0 - 2","1 - 3",56,"1 - 2"
"Belgium Reserve League","KFCO Beerschot-Wilrijk Reserves","Eupen Reserves","2 - 0","2 - 3",51,"2 - 1"
"Northern Ireland Amateur Cup","Newington FC","Belfast Celtic","0 - 1","1 - 1",59,"0 - 1"
"Italy Serie C Group A",Arezzo,Novara,"0 - 0","3 - 1",56,"1 - 1"
"England Premier League","Aston Villa",Newcastle,"2 - 0","2 - 0",62,"2 - 0"
"AFC U19 Championships","Iraq U19","Pakistan U19","3 - 0","3 - 0",56,"3 - 0"
"England Reserve Matches","Shrewsbury Reserves","Rochdale Reserves","0 - 0","4 - 1",65,"4 - 0"
"AFC U19 Championships","Oman U19","Kuwait U19","0 - 0","0 - 3",52,"0 - 1"
"UEFA Champions League","Lokomotiv Moscow","Bayer Leverkusen","0 - 1","0 - 2",57,"0 - 2"
"Holland Youth Eredivisie","AZ U19","Vitesse U19","3 - 0","5 - 0",59,"3 - 0"
"Uruguay Segunda B Nacional","Huracan Buceo","Huracan FC","0 - 1","1 - 1",60,"1 - 1"
"England Southern Premier League Central","Coalville Town","Kings Langley","1 - 0","3 - 0",55,"1 - 0"
"Argentina Primera C Metropolitana","El Porvenir","Club Leandro N. Alem","0 - 1","2 - 2",62,"1 - 1"
"England Northern League Challenge Cup","Belper Town","Matlock Town","2 - 0","2 - 2",64,"2 - 1"
"Hungary NB II","Budaorsi SC","Csakvari Tk","1 - 0","3 - 0",55,"2 - 0"
"Macedonia First League","Rabotnicki Skopje","FK Borec","1 - 0","2 - 1",65,"2 - 1"
"U20 Tournament - 80 mins play","Tunisia U20","Morocco U20","0 - 0","1 - 1",59,"0 - 1"
"Egypt Division 1",Tanta,Smouha,"1 - 2","2 - 2",61,"1 - 2"
"Senegal Champions Challenge","US Goree","ASC Jaraaf","3 - 0","3 - 1",45,"3 - 0"
"UEFA Youth League","Slovan Bratislava U19","Rangers U19","1 - 1","1 - 2",62,"1 - 2"
"Hungary NB II","Gyor Eto FC","MTK Budapest","1 - 0","1 - 0",55,"1 - 0"
"Italy Serie C Cup",Cesena,Piacenza,"1 - 1","1 - 1",45,"1 - 1"
"Austria Amateur Cup","Nussdorfer AC","Slovan HAC","0 - 2","1 - 5",64,"1 - 2"
"South East Asian Games","Brunei U23","Thailand U23","0 - 2","0 - 7",53,"0 - 3"
"Australia W-League","Brisbane Roar Women","Western Sydney Wanderers Women","0 - 2","1 - 3",56,"1 - 2"
"Azerbaijan Division 1",Zaqatala,"PFK Turan Tovuz","2 - 0","3 - 1",60,"2 - 0"
"India Mizoram Premier League",Chawnpui,"Mizoram Police FC","0 - 0","1 - 1",55,"0 - 1"
"Algeria Cup","MC El Eulma","Chabab Baladiat Mila","1 - 0","1 - 2",64,"1 - 2"
"Europe Friendlies","Szombierki Bytom","Olimpia Boruszowice","1 - 1","3 - 1",53,"1 - 1"
"Denmark Division 1",Viborg,Vejle,"2 - 2","3 - 4",64,"3 - 2"
"Gibraltar National League","College 1975 FC","Lions Gibraltar","0 - 1","1 - 6",58,"0 - 3"
"Jamaica Premier League","Mount Pleasant FA","Tivoli Gardens","2 - 0","4 - 0",50,"2 - 0"
"Thailand U19 Cup","Mahasarakham United FC U19","Sakhon Nakhon FC U19","0 - 1","1 - 2",62,"1 - 2"
"India Meghalaya State League","Lumniwar SC","Umrit SC","2 - 0","4 - 0",55,"2 - 0"
"Georgia Erovnuli Liga 2",Shevardeni,"Guria Lanchkhuti","2 - 2","2 - 3",43,"2 - 2"
"Iran Div 2","Shahrdari Bam","Shahrdari Mahshahr","1 - 0","1 - 0",65,"1 - 0"
"Israel Liga Alef South","Maccabi Kiryat Gat","FC Ironi Or Yehuda","0 - 1","0 - 3",56,"0 - 2"
"Europe Friendlies","MFK Karvina B","Frydek Mistek","0 - 1","3 - 1",58,"2 - 1"
"Serbia Super Liga","FK Backa Topola","Spartak Subotica","1 - 1","2 - 2",44,"1 - 1"
"Germany Bundesliga II","VfL Osnabruck",Hamburg,"2 - 0","2 - 1",60,"2 - 0"
"Denmark Superligaen",Lyngby,"FC Nordsjaelland","0 - 1","1 - 1",64,"1 - 1"
"Holland Eerste Divisie","FC Oss","FC Eindhoven","2 - 1","3 - 1",64,"3 - 1"
"France Ligue 2",Nancy,"Paris FC","1 - 0","2 - 0",59,"1 - 0"
"France Ligue 2","Clermont Foot",Niort,"1 - 0","1 - 0",62,"1 - 0"
"Holland Eerste Divisie","Helmond Sport","PSV Reserves","0 - 3","2 - 3",57,"1 - 3"
"Holland Eerste Divisie","Roda JC",Excelsior,"1 - 2","1 - 4",59,"1 - 2"
"Brazil Serie B",Parana,"Botafogo SP","2 - 2","3 - 3",46,"2 - 1"
"Bolivia Regional League","Real Tarija",Ciclon,"0 - 1","0 - 4",53,"0 - 1"
"Argentina Superliga","Racing Club","Defensa y Justicia","1 - 1","1 - 1",53,"1 - 1"
"Fiji U19 League","Suva FC U19","Rewa U19","0 - 3","0 - 6",49,"0 - 4"
"Japan J-League","Gamba Osaka","Matsumoto Y FC","3 - 0","4 - 1",56,"3 - 0"
"Japan J-League","Jubilo Iwata","Nagoya Grampus","1 - 1","2 - 1",65,"1 - 1"
"Japan J-League","Cerezo Osaka","Shimizu S-Pulse","0 - 1","2 - 1",65,"0 - 1"
"South Korea K-League 1","Sangju Sangmu","Suwon Bluewings","2 - 1","4 - 1",65,"3 - 1"
"Hong Kong Premier League","Yuen Long","HK Rangers FC","2 - 2","4 - 4",61,"3 - 3"
"Romania Liga II","Sportul Snagov","ACS Viitorul Pandurii Targu Jiu","1 - 1","2 - 5",62,"1 - 4"
"Russia U20 League","FC Sochi U20","FC Orenburg U20","2 - 1","3 - 1",50,"3 - 1"
"Germany Bundesliga U19","St Pauli U19","Dynamo Dresden U19","1 - 2","1 - 3",59,"1 - 2"
"Turkey 3.Lig Group 2","1877 Alemdagspor",Fethiyespor,"0 - 2","1 - 3",55,"0 - 2"
"Iran Div 1","Navad Urmia","Baderan Tehran","1 - 0","3 - 0",49,"1 - 0"
"Kenya Premier League","Kariobangi Sharks",KCB,"2 - 2","2 - 5",59,"2 - 3"
"Germany Regionalliga North","Hannover II","Luneburger SK Hansa","3 - 0","5 - 3",49,"3 - 1"
"Bulgaria B PFG","Lokomotiv 1929 Sofia","FC Hebar Pazardzhik","0 - 1","3 - 3",65,"3 - 1"
"England Championship",Charlton,"Sheff Wed","1 - 1","1 - 3",65,"1 - 1"
"Saudi Arabia Youth League","Ohod Madinah U19","Al-Nassr Riyadh U19","1 - 3","1 - 5",62,"1 - 3"
"Germany Regionalliga Bayern","SV Turkgucu Ataspor",Buchbach,"2 - 1","4 - 1",55,"3 - 1"
"France U19 League","US Orleans 45 U19","Lens U19","1 - 1","3 - 1",62,"1 - 1"
"Italy Serie A",Brescia,Atalanta,"0 - 1","0 - 3",59,"0 - 1"
"Wales Premier League","Airbus UK",T.N.S.,"0 - 5","0 - 12",47,"0 - 6"
"Wales Premier League",Carmarthen,"Bala Town","0 - 1","0 - 3",61,"0 - 2"
"Scotland Championship",Alloa,"Inverness CT","0 - 2","0 - 2",65,"0 - 2"
"Northern Ireland Premier","Carrick Rangers",Glenavon,"2 - 1","6 - 2",60,"4 - 1"
"Northern Ireland Premier",Cliftonville,Glentoran,"0 - 1","0 - 2",56,"0 - 2"
"Poland I Liga","Chojniczanka Chojnice","Olimpia Grudziadz","1 - 1","1 - 3",58,"1 - 2"
"England FA Cup",Kingstonian,"AFC Fylde","0 - 2","0 - 2",64,"0 - 2"
"AFC U19 Championships","Oman U19","Iraq U19","3 - 1","3 - 3",50,"3 - 2"
"Slovenia Prva Liga","NK Maribor","NK Triglav Kranj","0 - 2","0 - 2",56,"0 - 2"
"Turkey 1 Lig",Adanaspor,Bursaspor,"1 - 2","2 - 3",55,"2 - 2"
"Czech Republic First League","FK Pribram","Sparta Prague","0 - 1","0 - 1",64,"0 - 1"
"France U19 League","Troyes U19","Dijon FCO U19","2 - 0","3 - 2",52,"2 - 1"
"Spain Youth League","UD San Fernando U19","CD Ofra U19","1 - 0","4 - 1",65,"3 - 1"
"France National 3","Vierzon Foot","C'Chartres II","1 - 2","3 - 3",62,"2 - 3"
"Brazil Serie B",Vitoria,Coritiba,"1 - 0","1 - 2",61,"1 - 0"
"Spain Primera Liga",Valencia,Villarreal,"0 - 0","2 - 1",53,"1 - 0"
"Guatemala Reserve League","Siquinala FC Reserves","CSD Municipal Reserves","0 - 5","0 - 6",49,"0 - 5"
"Japan J3-League","Gamba Osaka U23","Azul Claro Numazu","0 - 2","0 - 2",60,"0 - 2"
"Japan J3-League","Roasso Kumamoto","Fukushima Utd","0 - 0","2 - 1",59,"1 - 0"
"Japan J3-League",YSCC,"Fujieda MYFC","3 - 0","3 - 0",65,"3 - 0"
"China Super League","Shanghai SIPG",ShenZhen,"2 - 0","6 - 0",61,"4 - 0"
"Thailand U19 Cup","Muang Loei United U19","Sakhon Nakhon FC U19","1 - 0","4 - 0",57,"2 - 0"
"Indonesia Liga 1","Arema FC","Kalteng Putra FC","0 - 1","1 - 1",62,"1 - 1"
"Germany Bundesliga U19","Karlsruher U19","Bayern Munich U19","0 - 2","1 - 4",55,"0 - 4"
"Turkey 3.Lig Group 1","Erzin Belediyespor","Yeni Orduspor","0 - 0","1 - 0",63,"1 - 0"
"Turkey 3.Lig Group 1",Manisaspor,Kizilcabolukspor,"0 - 3","2 - 6",55,"0 - 3"
"Spain Segunda B Group 3","UE Llagostera","Valencia B","1 - 0","1 - 1",60,"1 - 0"
"Germany Bundesliga U19","Hannover 96 U19","Niendorfer TSV U19","0 - 1","1 - 1",52,"0 - 1"
"Hungary NB II","Nyiregyhaza FC","Csakvari Tk","2 - 0","2 - 0",45,"2 - 0"
"Germany Regionalliga South West","Rot-Weiss Koblenz","Mainz II","1 - 4","1 - 4",63,"1 - 4"
"Zambia Super League","Buildcon FC","Lusaka Dynamos","1 - 2","2 - 2",65,"2 - 2"
"Burundi Premier League","Musongati FC","Vital'O FC","2 - 0","2 - 0",46,"2 - 0"
"Romania Liga I","Chindia Targoviste","FC Academica Clinceni","2 - 3","2 - 5",64,"2 - 4"
"France National 3","Entente UGA Ardziv","Nice II","0 - 2","1 - 3",45,"0 - 2"
"Belgium First Division B","Union Saint Gilloise","KFCO Beerschot Wilrijk","0 - 1","0 - 2",55,"0 - 1"
"Portugal Segunda Liga","FC Porto B","Cova de Piedade","2 - 0","4 - 1",59,"3 - 1"
"Denmark Superligaen",Esbjerg,"AGF Aarhus","0 - 1","1 - 2",65,"0 - 1"
"Austria Bundesliga","LASK Linz","Rapid Vienna","0 - 1","0 - 4",58,"0 - 1"
"Hungary NB I","Kaposvari Rakoczi","Ferencvarosi TC","1 - 2","2 - 3",65,"2 - 2"
"Argentina Superliga","San Lorenzo","Patronato Parana","2 - 0","2 - 0",42,"2 - 0"
"Copa Peru","Deportivo Llacuabamba","FC Carlos Stein","0 - 1","2 - 2",49,"1 - 1"
"Brazil Serie A",CSA,Bahia,"0 - 1","1 - 2",61,"1 - 1"
"Brazil Serie A","Atletico Mineiro",Corinthians,"1 - 1","2 - 1",55,"1 - 1"
"Saint Kitts & Nevis Premier League","Flow 4G Cayon Rockets","Old Road Jets","1 - 0","5 - 1",58,"2 - 1"
"Barbados Super Cup","BDF Sport Programme","UWI Blackbirds","2 - 1","2 - 1",65,"2 - 1"
"Paraguay Division Profesional","Sportivo San Lorenzo","Olimpia Asuncion","1 - 2","1 - 4",52,"1 - 2"
"Saint Kitts & Nevis Premier League","RAMS Village Superstars","ELCO LTD St Peters","2 - 1","3 - 2",57,"3 - 1"
"China Super League Reserves","Tianjin Teda Reserves","Chongqing Lifan Reserves","2 - 0","5 - 0",65,"3 - 0"
"Thailand U19 Cup","Muang Loei United U19","Nong Bua FC U19","0 - 2","0 - 3",62,"0 - 2"
"Indonesia Liga 1","Madura United","Persebaya Surabaya","0 - 1","2 - 3",59,"1 - 1"
"Holland Reserve League","NAC Reserves","Willem II Reserves","0 - 0","2 - 0",61,"1 - 0"
"Egypt Division 2","Gomhoryet Shebin","Suez Montakhab","1 - 0","2 - 0",49,"1 - 0"
"England U23 Premier League Cup","Crystal Palace U23","Middlesbrough U23","1 - 5","1 - 5",59,"1 - 5"
"Turkey Super Lig",Besiktas,Kayserispor,"3 - 0","4 - 1",65,"3 - 0"
"Holland Reserve League","Roda JC Reserves","FC Den Bosch Reserves","3 - 0","7 - 1",53,"4 - 0"
"Holland Reserve League","FC Eindhoven Reserves","Fortuna Sittard Reserves","1 - 1","5 - 4",65,"3 - 2"
"Copa Internacional RS U20","Gremio U20","Hammarby U20","1 - 1","3 - 1",63,"2 - 1"
"Belgium Reserve League","Waasland-Beveren Reserves","Cercle Brugge Reserves","1 - 1","4 - 1",55,"1 - 1"
"Mauritania Division 1","ASC Tidjikja","ASAC Concorde","0 - 1","0 - 3",60,"0 - 2"
"Belgium Reserve League","Lommel Reserves","Royal Excel Mouscron Reserves","1 - 0","3 - 3",60,"1 - 3"
"Belgium Reserve League","Union Saint Gilloise Reserves","KV Oostende Reserves","2 - 1","2 - 3",63,"2 - 3"
"Belgium Reserve League","OH Leuven Reserves","Club Brugge Reserves","2 - 1","4 - 4",61,"3 - 1"
"Copa Internacional RS U20","Corinthians U20","River Plate U20","0 - 0","1 - 3",59,"0 - 1"
"Iran U23 League","Naft Ahvaz U23","Pars Jonoubi Jam U23","1 - 0","2 - 1",59,"1 - 0"
"South Asian Games","Bangladesh U23","Maldives U23","1 - 0","1 - 1",61,"1 - 0"
"Bulgaria Cup",Beroe,"CSKA 1948 Sofia","2 - 3","3 - 4",62,"2 - 4"
"Slovakia Youth League","Dunajska Streda U19","MFK Ruzomberok U19","2 - 0","5 - 0",65,"3 - 0"
"Qatar U23 League","Al-Ahli Doha U23","Al-Sailiya SC U23","1 - 4","1 - 5",58,"1 - 4"
"Bulgaria Cup","Slavia Sofia","Botev Plovdiv","0 - 2","1 - 2",63,"1 - 2"
"France Ligue 1",Brest,Strasbourg,"2 - 0","5 - 0",60,"3 - 0"
"Republic of Ireland Munster Senior League",Rockmount,"Cobh Ramblers","1 - 0","2 - 0",56,"1 - 0"
"England County Cup","Wythenshawe Town",Trafford,"0 - 1","0 - 2",59,"0 - 1"
"England Southern Premier League Central",Bromsgrove,"Kings Langley","3 - 0","4 - 1",60,"3 - 0"
"Copa Internacional RS U20","Penarol U20","Fluminense RJ U20","1 - 1","2 - 1",60,"1 - 1"
"Hungary Cup","MTE 1904","Paksi Se","0 - 4","0 - 4",61,"0 - 4"
"Poland Cup","Stal Stalowa Wola","Lech Poznan","0 - 1","0 - 2",55,"0 - 1"
"Bulgaria Cup","Septemvri Sofia","Ludogorets Razgrad","0 - 2","0 - 3",53,"0 - 2"
"Saudi Arabia Division 1","Al Nahdha","Al Ansar","1 - 1","1 - 2",63,"1 - 1"
"Bulgaria Cup","Botev Galabovo","FK Vitosha","0 - 0","2 - 1",47,"0 - 1"
"Rwanda National League","SC Kiyovu","Marines FC","0 - 1","1 - 2",62,"1 - 2"
"Kuwait Cup","Burgan SC","Al Salmiyah SC","2 - 1","3 - 1",51,"2 - 1"
"Saudi Arabia Cup","Al Shoalah","Al Shabab Riyadh","0 - 1","1 - 1",59,"0 - 1"
"Kuwait Cup","Al Shabab SC","Al Sahel SC","1 - 0","3 - 2",62,"2 - 1"
"Guatemala Reserve League","Deportivo Mixco Reserves","Coban Imperial Reserves","1 - 1","2 - 2",50,"1 - 2"
"Croatia Cup","HNK Gorica","Slaven Belupo","0 - 1","1 - 2",58,"1 - 1"
"Gibraltar National League","Lions Gibraltar","Europa FC","2 - 1","2 - 5",55,"2 - 1"
"Republic of Ireland Munster Senior Cup",UCC,"College Corinthians FC","3 - 0","4 - 5",56,"3 - 0"
"Northern Ireland Reserve League","Carrick Rangers Reserves","Glenavon Reserves","2 - 1","3 - 1",50,"2 - 1"
"Nicaragua Apertura","Managua FC","CD Walter Ferretti","1 - 1","2 - 2",64,"1 - 2"
"Turkey Cup",Kayserispor,"Manisa FK","1 - 0","3 - 2",48,"1 - 0"
"Romania Liga I","CS U Craiova","FC Botosani","2 - 1","3 - 1",60,"2 - 1"
"Egypt Cup","Pyramids FC","Nogoom Mostakbal","2 - 1","6 - 1",47,"2 - 1"
"Bolivia Clausura","Always Ready","Real Potosi","2 - 0","5 - 1",57,"2 - 1"
"Uruguay Clausura","Racing Club de Montevideo","Plaza Colonia","2 - 0","3 - 2",61,"2 - 1"
"Israel Liga Bet North","Beitar Nahariya","Bnei HaGolan VeHaGalil","1 - 0","2 - 0",61,"1 - 0"
"Spain Youth League","Pena Barcelonista U19","Vazquez Cultural U19","0 - 1","0 - 2",65,"0 - 1"
"Israel Liga Bet South","Ironi Modiin","MS Hapoel Lod","2 - 1","2 - 1",65,"2 - 1"
"Qatar Stars Cup","Al-Rayyan SC","Al-Sadd SC","0 - 4","0 - 6",61,"0 - 5"
"World Club Friendlies","Ebusua Dwarfs","Asante Kotoko","0 - 1","0 - 2",55,"0 - 1"
"Gambia Division 2","Gunjur United","Team Rhino FC","0 - 0","2 - 0",54,"1 - 0"
"Turkey Super Lig",Fenerbahce,Genclerbirligi,"3 - 1","5 - 2",55,"3 - 1"
"Belgium First Division B",Lommel,"OH Leuven","2 - 1","3 - 2",65,"3 - 1"
"Italy Serie B",Benevento,Trapani,"2 - 0","5 - 0",64,"2 - 0"
"Trinidad & Tobago League Cup","La Horquetta Rangers FC","Police FC","1 - 2","1 - 4",57,"1 - 2"
"Israel Youth Cup","Hapoel Kfar Saba U19","Hapoel Mahane Yehuda U19","1 - 0","3 - 4",55,"1 - 0"
"South Asian Games","Nepal U23","Maldives U23","1 - 1","2 - 1",53,"2 - 1"
"South Africa Diski Challenge","Orlando Pirates Reserves","Chippa United Reserves","1 - 1","3 - 2",60,"2 - 2"
"Australia A-League","Sydney FC","Brisbane Roar","3 - 0","5 - 1",62,"3 - 0"
"Romania Liga II","CSM Resita","CS Mioveni","0 - 1","0 - 1",53,"0 - 1"
"Germany Bundesliga U19","Kickers Offenbach U19","FC Ingolstadt U19","1 - 0","2 - 0",48,"1 - 0"
"Iran U23 League","Abi Pooshan U23","Raad Sorkh U23","1 - 0","3 - 2",62,"1 - 0"
"Ukraine Reserve League","Dynamo Kiev Reserves","Zorya Reserves","1 - 0","1 - 1",52,"1 - 0"
"Turkey U19 League","Kasimpasa U19","Besiktas U19","0 - 2","0 - 3",50,"0 - 2"
"South Asian Games","Sri Lanka U23","Bhutan U23","0 - 1","0 - 3",51,"0 - 1"
"Bulgaria B PFG","Spartak Varna","PFC Neftochimic Burgas","0 - 4","0 - 4",59,"0 - 4"
"Bosnia & Herzegovina Premier Liga","Mladost Doboj Kakanj","NK Celik Zenica","1 - 1","4 - 2",57,"1 - 2"
"Kenya Super League","Fortune Sacco","Vihiga United","3 - 1","3 - 1",64,"3 - 1"
"Germany Regionalliga North East","Bischofswerdaer FV","Berliner AK 07","0 - 1","1 - 1",58,"0 - 1"
"Scotland League Two",Albion,"Queen's Park","2 - 0","2 - 0",57,"2 - 0"
"Scotland League Two",Stirling,Brechin,"2 - 2","2 - 4",61,"2 - 3"
"England National League South","Oxford City","Maidstone Utd","0 - 1","1 - 4",53,"1 - 2"
"Northern Ireland Premier",Glenavon,Larne,"0 - 2","1 - 3",58,"1 - 2"
"England League 1",Tranmere,"Accrington Stanley","1 - 1","1 - 1",57,"1 - 1"
"Mali Premiere Division","Mamahira AC De Kati","Lafia Club de Bamako","0 - 1","0 - 1",62,"0 - 1"
"Uruguay Segunda B Nacional","La Luz","CA Platense","0 - 2","1 - 2",55,"0 - 2"
"Greece Super League 1","AEK Athens",Panionios,"2 - 0","5 - 0",65,"3 - 0"
"Belgium First Division A",Gent,Zulte-Waregem,"2 - 0","2 - 0",52,"2 - 0"
"Italy Serie C Group B",Cesena,Fano,"0 - 2","0 - 4",50,"0 - 3"
"Argentina Primera D Metropolitana","Argentino de Rosario","Centro Espanyol","2 - 0","2 - 1",61,"2 - 1"
"Copa Internacional RS U20","CA Independiente U20","Estudiantes LP U20","1 - 0","2 - 0",45,"1 - 0"
"Antigua & Barbuda Premier Division",Liberta,"Ottos Rangers FC","0 - 1","1 - 1",54,"0 - 1"
"Antigua & Barbuda Premier Division","Five Islands","Swetes FC","0 - 2","0 - 5",60,"0 - 3"
"Japan J3-League","FC Tokyo U23","Gamba Osaka U23","2 - 0","5 - 1",60,"3 - 1"
"Hong Kong 2nd Division","ChelseaFC Soccer School","Wing Go Fu Moon","2 - 1","3 - 2",63,"2 - 1"
"Australia A-League","Adelaide United","Newcastle Jets","1 - 0","2 - 1",60,"1 - 1"
"Turkey 3.Lig Group 2",Ofspor,"Kozan BLD Spor","1 - 0","2 - 0",48,"1 - 0"
"Greece Gamma Ethniki","Ermis Koridalou","AS Ano Mera","0 - 2","1 - 2",64,"1 - 2"
"Turkey 2 Lig Kirmizi","Ankara Demirspor","Nigde Anadolu","2 - 1","3 - 1",52,"2 - 1"
"Iran Div 2","Mes Novin Kerman","Milad Mehr","1 - 0","1 - 1",63,"1 - 0"
"Iran Div 2","Shahrdari Fuman","Avalan Kamyaran","1 - 0","2 - 2",63,"2 - 1"
"Russia Premier League","Krylia Sovetov",Ural,"1 - 1","2 - 3",65,"2 - 2"
"France U19 League","Montceau U19","Sochaux U19","0 - 1","0 - 4",64,"0 - 3"
"Ukraine Vyscha Liga","Karpaty Lviv","Desna Chernihiv","1 - 2","2 - 6",65,"2 - 3"
"Ethiopia Premier League","Sidama Bunna","Shire Endaselassie FC","1 - 1","4 - 1",62,"3 - 1"
"Germany Bundesliga II","Dynamo Dresden",Sandhausen,"1 - 1","1 - 1",60,"1 - 1"
"CAF Confederations Cup","Esae FC","DC Motema Pembe","0 - 1","0 - 2",64,"0 - 2"
"Holland Eredivisie",RKC,Heerenveen,"0 - 1","1 - 3",57,"0 - 1"
"Czech Republic First League","Ceske Budejovice","FK Pribram","1 - 0","2 - 0",51,"2 - 0"
"Italy Serie D",Legnano,"ASD Cartigliano","1 - 0","3 - 1",60,"3 - 1"
"Turkey Super Lig",Antalyaspor,Trabzonspor,"1 - 3","1 - 3",63,"1 - 3"
"Italy Serie C Group A",Lecco,Olbia,"1 - 0","2 - 0",58,"2 - 0"
"Serbia Super Liga","FK Radnik Surdulica","FK Indjija","0 - 0","2 - 0",63,"2 - 0"
"Portugal Campeonato Nacional",Olhanense,Amora,"1 - 1","2 - 2",62,"2 - 1"
"Ukraine Vyscha Liga","Dynamo Kiev",Zorya,"1 - 1","1 - 2",60,"1 - 2"
"Antigua & Barbuda Premier Division","Pigotts Bullets FC","All Saints Utd FC","2 - 2","4 - 2",61,"3 - 2"
"USA UPSL","FC Fort Worth","Inocentes FC","2 - 2","2 - 3",56,"2 - 2"
"Saint Kitts & Nevis Premier League","HE Garden Hotspurs","St Peters","1 - 2","2 - 2",60,"2 - 2"
"Azerbaijan Division 1","FC Agsu",Zaqatala,"0 - 2","1 - 5",56,"0 - 2"
"Iran Div 2","Iranjavan Bushehr","Melli Hafari","0 - 1","1 - 1",53,"0 - 1"
"England U23 Development League","Watford U23","Cardiff U23","0 - 1","1 - 1",65,"0 - 1"
"Iran Pro League","Zob Ahan","Nassaji Mazandaran","1 - 0","2 - 0",62,"2 - 0"
"Ivory Coast Premier Division","Racing Club Abidjan","AS Tanda","3 - 1","3 - 2",65,"3 - 1"
"Israel Leumit Liga","Hapoel Ashkelon","Hapoel Rishon Lezion","1 - 1","1 - 2",64,"1 - 1"
"Holland Reserve League","Excelsior Reserves","FC Eindhoven Reserves","2 - 0","2 - 2",61,"2 - 2"
"Holland Reserve League","Fortuna Sittard Reserves","VVV Reserves","1 - 0","3 - 1",63,"2 - 0"
"Belgium Reserve League","Zulte Waregem Reserves","Lokeren Reserves","1 - 0","1 - 2",62,"1 - 1"
"Uruguay Reserve League","Defensor Sporting Reserves","Progreso Reserves","1 - 2","3 - 2",57,"2 - 2"
"Republic of Ireland Leinster Senior League","Glebe North FC","Home Farm FC","2 - 1","3 - 2",63,"3 - 2"
"Copa Internacional RS U20","America de Cali U20","Palmeiras U20","2 - 0","3 - 0",48,"2 - 0"
"India Mumbai Elite League","PIFA Sports","GM Sports","2 - 0","3 - 0",43,"2 - 0"
"UEFA Youth League","FC Salzburg U19","Liverpool U19","2 - 0","2 - 3",53,"2 - 0"
"UEFA Youth League","Ajax U19","Valencia U19","0 - 0","1 - 1",56,"0 - 1"
"Denmark Reserve League","Odense BK Reserves","AC Horsens Reserves","1 - 0","3 - 1",56,"2 - 1"
"South Africa National Div 1","Pretoria University","Ajax Cape Town","1 - 2","1 - 3",53,"1 - 3"
"UEFA Youth League","Borussia Dortmund U19","Slavia Prague U19","3 - 0","5 - 1",64,"5 - 0"
"UEFA Champions League","Borussia Dortmund","Slavia Prague","1 - 1","2 - 1",62,"2 - 1"
"Japan University Championship","Takamatsu University","Chukyo University","0 - 4","1 - 4",64,"0 - 4"
"Japan University Championship","Tohoku Gakuin University","Tokai Gakuen University","0 - 1","0 - 3",45,"0 - 1"
"Iran Div 2","Shohada Razakan","Besat Kermanshah","0 - 0","1 - 1",65,"1 - 0"
"Kenya Premier League","Western Stima","Zoo Kericho","2 - 0","4 - 1",48,"3 - 0"
"Montenegro Prva Liga","FK Grbalj Radanovici","FK Iskra Danilovgrad","2 - 0","3 - 1",60,"2 - 0"
"Italy Serie D","ASD Bra",Lavagnese,"3 - 3","3 - 3",47,"3 - 3"
"UAE Reserve League","Baniyas SC Reserves","Sharjah SCC Reserves","1 - 2","1 - 2",64,"1 - 2"
"Italy Serie C Cup",Siena,Ternana,"0 - 0","0 - 1",64,"0 - 1"
"Ivory Coast League Cup",COSAP,"ASEC Mimosas","0 - 1","0 - 3",61,"0 - 2"
"Northern Ireland Reserve League","Larne Reserves","Glenavon Reserves","1 - 3","1 - 3",65,"1 - 3"
"Copa Internacional RS U20","Athletico Paranaense U20","America de Cali U20","2 - 0","2 - 1",63,"2 - 1"
"Uruguay Grand Final",Penarol,"Nacional De Football","0 - 0","0 - 2",63,"0 - 1"
"Iran Div 1","Navad Urmia","Esteghlal Khuzestan","1 - 0","1 - 0",62,"1 - 0"
"India Bangalore Super Division","AGORC Bangalore",MEG,"0 - 2","0 - 3",63,"0 - 2"
"Gambia GFA League","Elite United","Brikama United","1 - 1","1 - 2",59,"1 - 2"
"Uruguay Segunda B Nacional","Huracan FC","CA Platense","0 - 2","1 - 4",64,"1 - 3"
"Uruguay Reserve League","Atletico Fenix Reserves","Progreso Reserves","1 - 0","5 - 1",63,"3 - 0"
"Uruguay Segunda B Nacional",Basanez,Potencia,"2 - 0","3 - 0",65,"2 - 0"
"Egypt Division 2","Abu Qair Semad","Ghazl El Mahallah","2 - 0","2 - 0",62,"2 - 0"
"UAE Division 1","Al Arabi Umm Al Quwain","Al Taawon","2 - 1","3 - 1",62,"2 - 1"
"Bahrain Premier League","Al-Ahli Manama",Busaiteen,"1 - 2","1 - 2",55,"1 - 2"
"South Africa National Div 1","Cape Umoya UTD","Mbombela United","1 - 0","2 - 1",60,"1 - 0"
"Greece Super League 2",Kerkyra,Giannina,"0 - 3","0 - 4",59,"0 - 3"
"Cyprus Division 1","Doxa Katokopias","Olympiakos Nicosia","1 - 1","2 - 6",65,"2 - 3"
"Germany Bundesliga II",Bochum,"Hannover 96","2 - 0","2 - 1",64,"2 - 0"
"Wales Championship South","Llanelli AFC","Goytre United","1 - 0","2 - 2",60,"1 - 0"
"Wales Premier League",Caernarfon,"Airbus UK","0 - 0","5 - 0",59,"1 - 0"
"France Ligue 1",Lille,Montpellier,"1 - 0","2 - 1",62,"1 - 0"
"Argentina Superliga","CA Independiente",Newell's,"2 - 1","2 - 3",60,"2 - 2"
"World Club Friendlies","Tepatitlan de Morelos","Red Star FC 93 B","1 - 0","1 - 0",55,"1 - 0"
"New Zealand Football Championship","Wellington Phoenix Reserves","Canterbury United","2 - 1","3 - 3",60,"2 - 2"
"Aruba Division Di Honor","SV Brazil Juniors","SV La Fama","4 - 1","5 - 2",46,"4 - 1"
"Australia W-League","Brisbane Roar Women","Adelaide United Women","2 - 1","3 - 2",51,"2 - 1"
"Israel Youth League","SC Neve Yosef U19","Maccabi Ahi Nazareth U19","1 - 0","2 - 0",62,"2 - 0"
"Israel Youth League","Hapoel Ashkelon U19","Maccabi Kabilio Jaffa U19","0 - 0","1 - 0",62,"1 - 0"
"Italy Campionato Primavera 2","Benevento U19","Lecce U19","2 - 0","2 - 3",50,"2 - 0"
"South Africa Diski Challenge","Highlands Park Reserves","Cape Town City FC Reserves","0 - 1","0 - 1",64,"0 - 1"
"Turkey 2 Lig Beyaz","Hekimoglu Trabzon","Bak Spor Kulubu","1 - 0","2 - 1",63,"1 - 1"
"Turkey 3.Lig Group 1",Manisaspor,Tokatspor,"1 - 3","2 - 4",50,"1 - 3"
"Italy Campionato Primavera 2","Juve Stabia U19","Frosinone U19","1 - 2","3 - 2",55,"2 - 2"
"Romania Liga I","FC Academica Clinceni","FC Botosani","0 - 0","1 - 1",59,"0 - 1"
"Portugal U23 League","Academica U23","Belenenses U23","1 - 1","1 - 3",59,"1 - 2"
"Turkey 1 Lig",Boluspor,"Fatih Karagumruk","0 - 2","0 - 2",60,"0 - 2"
"Saudi Arabia Premier League",Dhamk,"Al Feiha","2 - 1","2 - 1",51,"2 - 1"
"Germany Regionalliga West","Bergisch Gladbach 09","FC Köln II","1 - 0","1 - 1",61,"1 - 1"
"Cosafa U20 Cup","Zambia U20","South Africa U20","2 - 0","3 - 0",61,"2 - 0"
"Tunisia League 2","ES Hammam Sousse","AS Djerba","0 - 0","1 - 1",65,"0 - 1"
"Scotland Championship",Partick,"Inverness CT","0 - 0","3 - 1",65,"2 - 1"
"Northern Ireland Premier",Glentoran,Crusaders,"0 - 0","1 - 1",62,"0 - 1"
"Portugal U19 League","FC Porto U19","Feirense U19","4 - 1","6 - 1",54,"5 - 1"
"Greece Super League 1","OFI Crete","Aris Salonika","1 - 1","3 - 1",55,"1 - 1"
"Oman League",Fanja,Al-Nahda,"1 - 1","2 - 4",59,"2 - 2"
"Hungary NB I","Kaposvari Rakoczi","Debreceni VSC","2 - 0","4 - 1",51,"3 - 1"
"England FA Trophy",Eastleigh,Yate,"3 - 0","6 - 1",65,"5 - 0"
"Holland Eredivisie","Fortuna Sittard",RKC,"2 - 2","3 - 2",61,"3 - 2"
"Antigua & Barbuda Premier Division","Old Road FC","Ottos Rangers FC","1 - 1","2 - 1",48,"1 - 1"
"USA UPSL","Arlington FC","FC Waco","1 - 0","1 - 1",62,"1 - 1"
"Aruba Division Di Honor","SV Dakota",Nacional,"1 - 0","3 - 2",63,"2 - 1"
"Antigua & Barbuda Premier Division","All Saints Utd FC","Parham FC","1 - 1","3 - 3",42,"1 - 1"
"Australia A-League","Newcastle Jets","Melbourne City","0 - 2","0 - 4",57,"0 - 3"
"Turkey 3.Lig Group 1","Erzin Belediyespor","Karakopru Belediyespor","0 - 0","1 - 1",64,"1 - 1"
"Turkey 2 Lig Beyaz","Hacettepe SK","Tarsus Idman Yurdu","2 - 0","4 - 0",53,"3 - 0"
"Iran Div 2","Persepolis Ganaveh","Shahrdari Fuman","1 - 0","5 - 2",62,"2 - 0"
"Germany Bundesliga U19","Alemannia Aachen U19","Borussia Dortmund U19","0 - 0","1 - 6",52,"1 - 2"
"Hungary NB II",Soroksar,"Vasas SC","1 - 1","5 - 3",63,"3 - 2"
"Rwandan Division 2","Miroplast FC","Gasabo United","1 - 0","1 - 0",63,"1 - 0"
"Rwanda National League","Sunrise FC","Marines FC","1 - 0","1 - 1",57,"1 - 0"
"Greece Super League 1",Larissa,"Atromitos Athinon","1 - 2","1 - 2",65,"1 - 2"
"Cameroon Elite One","Eding Sport FC","Dragon Club Yaounde","1 - 0","2 - 0",50,"1 - 0"
"Italy Serie C Group A",Alessandria,"Pro Vercelli","1 - 0","2 - 1",63,"2 - 1"
"Italy Serie C Group B","AC Feralpisalo","Vis Pesaro","1 - 0","1 - 1",49,"1 - 1"
"Italy Serie C Group B",Rimini,Triestina,"0 - 1","0 - 1",65,"0 - 1"
"Portugal Campeonato Nacional","SC Espinho","Lusitania Lourosa","1 - 1","1 - 1",60,"1 - 1"
"Burkina Faso League",ASFA-Yennenga,"US Ouagadougou","0 - 1","2 - 1",65,"1 - 1"
"Italy Serie C Group B",Imolese,Vicenza,"0 - 2","0 - 3",44,"0 - 2"
"Israel Liga Bet South","MS Hapoel Lod","Maccabi Ironi Sderot","1 - 0","2 - 2",62,"1 - 2"
"Chile Tercera","Deportes Concepcion","Deportes Limache","1 - 1","3 - 2",63,"1 - 2"
"Trinidad & Tobago Super League","UTT FC","Queen's Park","1 - 0","4 - 0",51,"2 - 0"
"Paraguay Division Profesional","Sportivo San Lorenzo","River Plate Asuncion","2 - 0","2 - 0",57,"2 - 0"
"Costa Rica Play-Offs",Herediano,Alajuelense,"1 - 0","1 - 0",63,"1 - 0"
"Indonesia Liga 1","Arema FC","Bali United","2 - 1","3 - 2",60,"2 - 2"
"Nepal Division 1","Sankata FC","Chyasal Youth Club","0 - 1","0 - 2",49,"0 - 1"
"Algeria Youth League","AS Khroub U21","USM El Harrach U21","0 - 0","1 - 0",53,"1 - 0"
"Algeria Youth League","NC Magra U21","US Biskra U21","2 - 3","2 - 5",57,"2 - 3"
"Senegal Ligue 2","Guediawaye FC","Keur Madior","0 - 1","0 - 2",65,"0 - 1"
"England Reserve Matches","Bristol Rovers Reserves","Plymouth Reserves","1 - 2","2 - 2",61,"1 - 2"
"Gibraltar National League","Mons Calpe SC","Europa FC","0 - 3","0 - 7",60,"0 - 4"
"Saint Kitts & Nevis Premier League","ELCO LTD St Peters","Old Road Jets","0 - 1","4 - 2",51,"1 - 2"
"Italy Primavera Cup","Inter Milan U19","Frosinone U19","1 - 0","1 - 2",56,"1 - 1"
"Greece Super League 1",Olympiakos,Larissa,"4 - 0","4 - 1",64,"4 - 1"
"Holland Cup",Telstar,Ajax,"1 - 2","3 - 4",61,"2 - 4"
"France League Cup",Lyon,Toulouse,"2 - 0","4 - 1",63,"3 - 1"
"Germany Bundesliga I","SC Freiburg","Bayern Munich","0 - 1","1 - 3",65,"1 - 1"
"Bolivia Clausura",Guabira,"Royal Pari FC","1 - 1","1 - 1",47,"1 - 1"
"Bolivia Clausura","San Jose","Always Ready","1 - 2","2 - 3",55,"1 - 2"
"Israel Cup","Maccabi Bnei Raina","Maccabi Ironi Sderot","2 - 0","2 - 0",61,"2 - 0"
"Spain Copa del Rey","Linares Deportivo",Girona,"1 - 0","1 - 2",65,"1 - 1"
"Bolivia Clausura","The Strongest",Bolivar,"1 - 1","3 - 2",55,"1 - 2"
"Israel Cup","Hapoel Nof HaGalil","Hapoel Marmorek","2 - 0","3 - 1",60,"2 - 1"
"UAE U19 League","Dubba Al Husun U19","Al Dhaid U19","1 - 0","2 - 0",55,"1 - 0"
"India I-League","Aizawl FC","Minerva Punjab","3 - 2","3 - 3",62,"3 - 2"
"Saudi Arabia Premier League","Al Fateh SC","Al Hazm","1 - 1","2 - 1",62,"1 - 1"
"Turkey 1 Lig","Adana Demirspor",Umraniyespor,"3 - 0","4 - 2",48,"3 - 0"
"Holland Eerste Divisie","FC Den Bosch","PSV Reserves","2 - 1","2 - 1",64,"2 - 1"
"Wales Championship South","Briton Ferry","Llanelli AFC","2 - 1","4 - 1",54,"2 - 1"
"Poland Ekstraklasa","Zaglebie Lubin","Legia Warsaw","0 - 1","2 - 1",56,"1 - 1"
"Northern Ireland Premier","Ballymena Utd",Glenavon,"0 - 0","2 - 1",63,"1 - 1"
"Nepal Division 1","Saraswoti Youth Club","Jawalakhel Youth Club","0 - 1","0 - 1",63,"0 - 1"
"Israel Youth League","Bnei Yehuda Tel Aviv U19","Sektzia Nes Tziona U19","1 - 0","1 - 0",61,"1 - 0"
"Maldives Premier League","Club Eagles","Foakaidhoo FC","1 - 0","2 - 3",59,"1 - 2"
"Algeria Youth League","CS Constantine U21","MC Alger U21","1 - 0","1 - 1",54,"1 - 0"
"Turkey U19 League","Erokspor U19","Genclerbirligi U19","1 - 2","2 - 3",46,"1 - 1"
"Italy Campionato Primavera 1","Atalanta U19","Inter Milan U19","1 - 0","2 - 1",45,"1 - 0"
"England U23 Development League","Birmingham U23","Burnley U23","1 - 0","1 - 3",63,"1 - 0"
"Rwandan Division 2","Aspor FC","Rutsiro FC","1 - 0","2 - 0",51,"1 - 0"
"UAE Division 1","Dibba Al Fujairah","Al Hamriyah","1 - 2","1 - 2",61,"1 - 2"
"Rwanda National League",Mukura,"SC Kiyovu","1 - 3","2 - 4",48,"1 - 3"
"Wales Premier League","Airbus UK","Cefn Druids","1 - 0","1 - 1",60,"1 - 0"
"England National League",Aldershot,Stockport,"1 - 0","2 - 1",61,"1 - 1"
"England National League","AFC Fylde",Yeovil,"1 - 0","2 - 2",58,"1 - 0"
"England National League South","Maidstone Utd",Dorking,"2 - 1","2 - 3",42,"2 - 1"
"England National League North",York,Darlington,"0 - 1","0 - 1",59,"0 - 1"
"England Southern Premier League Central","Rushall Olympic","Coalville Town","0 - 1","0 - 2",64,"0 - 2"
"Scotland League One",Clyde,Airdrieonians,"2 - 1","3 - 1",48,"2 - 1"
"England National League South","Braintree Town","Havant and W","1 - 1","3 - 3",56,"1 - 1"
"Egypt Division 1","El Masry","Pyramids FC","0 - 1","1 - 1",60,"0 - 1"
"Poland Ekstraklasa","Gornik Zabrze","Jagiellonia Bialystok","1 - 0","3 - 0",58,"1 - 0"
"France Ligue 1",Monaco,Lille,"2 - 1","5 - 1",65,"4 - 1"
"Hong Kong Premier League","HK Rangers FC",R&F,"0 - 4","1 - 7",52,"0 - 4"
"Turkey Super Lig",Genclerbirligi,Sivasspor,"0 - 1","2 - 2",63,"2 - 1"
"Rwandan Division 2","Pepiniere FC","Gorilla FC","0 - 0","0 - 3",62,"0 - 1"
"Malawi Super League","Big Bullets","TN Stars","2 - 0","2 - 0",52,"2 - 0"
"Tunisia League 2","Stade Sportif Sfaxien","AS Rejiche","0 - 2","2 - 3",63,"1 - 2"
"South Africa National Div 1","Royal Eagles","Free State Stars","0 - 1","0 - 2",47,"0 - 1"
"Turkey Super Lig",Kayserispor,"Istanbul Basaksehir","1 - 2","1 - 4",57,"1 - 3"
"Portugal Campeonato Nacional","CD Pinhalnovense",Olhanense,"1 - 5","1 - 5",52,"1 - 5"
"Nigeria Premier League","Rivers United","Sunshine Stars FC","1 - 1","2 - 1",59,"2 - 1"
"Spain Youth League","Castilleja CF U19","Pena Barcelonista U19","1 - 0","3 - 0",56,"2 - 0"
"Spain Segunda B Group 2",Leioa,Burgos,"3 - 0","5 - 0",65,"4 - 0"
"Spain Segunda",Girona,Mirandes,"0 - 1","0 - 3",65,"0 - 1"
"Antigua & Barbuda Premier Division","Ottos Rangers FC","All Saints Utd FC","1 - 1","2 - 1",48,"1 - 1"
"Turkey U19 League","Konyaspor U19","Trabzonspor U19","0 - 2","0 - 3",62,"0 - 2"
"Palestine Gaza Strip Premier League","Al-Hilal Gaza","Shabab Rafah","1 - 1","2 - 1",49,"1 - 1"
"Bahrain Premier League",Manama,"Al Hidd","1 - 1","4 - 1",61,"1 - 1"
"Qatar Stars League","Al Gharafa","Al-Sadd FC","0 - 3","1 - 5",56,"0 - 4"
"Mauritania Division 1","FC Nouadhibou","Trarza AC","2 - 0","4 - 1",64,"3 - 0"
"Scotland Reserve League","Albion Reserves","Queens Park Reserves","0 - 1","0 - 2",58,"0 - 1"
"Club Friendly List","Magwe FC","Hantharwady United","1 - 2","1 - 2",57,"1 - 2"
"UAE U19 League","Al Ittihad Kalba U19","Emirates Club RAK U19","0 - 1","0 - 3",49,"0 - 1"
"Israel Leumit Liga","Beitar Tel Aviv Bat Yam","Hapoel Nir Ramat Hasharon","3 - 1","4 - 1",56,"3 - 1"
"Israel Premier League","Bnei Yehuda Tel Aviv","Maccabi Tel Aviv","0 - 2","0 - 3",64,"0 - 2"
"World Club Friendlies","Ayeyawady Utd U21","Magwe FC U21","0 - 0","3 - 0",60,"1 - 0"
"Wales Premier League","Cefn Druids",T.N.S.,"0 - 2","0 - 5",52,"0 - 3"
"England Championship",Luton,Fulham,"2 - 1","3 - 3",64,"2 - 1"
"World Club Friendlies","Buriram United",Khonkaen,"2 - 0","2 - 0",58,"2 - 0"
"UAE Division 1",Masafi,Masfut,"0 - 1","0 - 2",54,"0 - 1"
"Club Friendly List","OHR Huldenberg","KV Mechelen U21","0 - 0","0 - 4",64,"0 - 1"
"Iran Pro League",Paykan,"Tractor Sazi","0 - 0","2 - 3",58,"1 - 1"
"Turkey U19 League","Umraniyespor U19","Buyuksehir Erzurumspor U19","1 - 0","2 - 3",51,"1 - 0"
"Rwandan Division 2","Kirehe FC","Impeesa FC","1 - 1","2 - 3",65,"2 - 1"
"Israel Youth League","Hapoel Katamon U19","Beitar Tel Aviv Bat Yam U19","1 - 0","2 - 0",62,"1 - 0"
"Friendly Match - 80 mins play","Algeria Women U21","Tanzania Women U21","1 - 0","3 - 0",57,"2 - 0"
"UAE U19 League","Al Ain SCC U19","Dibba Al Fujairah U19","1 - 0","4 - 0",65,"2 - 0"
"UAE Division 1","Al Thaid","Emirates Club RAK","2 - 1","3 - 4",52,"2 - 1"
"Turkey Super Lig","Istanbul Basaksehir",Kasimpasa,"4 - 0","5 - 1",54,"4 - 0"
"England National League South","Hungerford Town","Havant and W","0 - 3","1 - 3",47,"0 - 3"
"Scotland League One","East Fife",Raith,"1 - 3","3 - 5",65,"2 - 4"
"Hong Kong 1st Division","Hong Kong Sapling",Shatin,"1 - 2","3 - 2",58,"2 - 2"
"Hong Kong 2nd Division","Kwong Wah","Kwai Tsing DFA","1 - 1","2 - 1",44,"1 - 1"
"Hong Kong Sapling Cup","Yuen Long","Wofoo Tai Po FC","2 - 1","6 - 3",65,"3 - 1"
"Australia A-League Youth","Sydney FC U21","Central Coast Mariners U21","2 - 3","5 - 3",62,"3 - 3"
"Algeria Cup","Nasr EL Fedjoudj","US Biskra","1 - 1","1 - 2",64,"1 - 1"
"England Championship","West Brom",Middlesbrough,"0 - 1","0 - 2",62,"0 - 1"
"England League 1","AFC Wimbledon","Oxford Utd","0 - 1","1 - 2",63,"1 - 2"
"Senegal Ligue 2","Thies FC","ASC Port Autonome","0 - 0","1 - 0",62,"1 - 0"
"Antigua & Barbuda Premier Division","Pigotts Bullets FC",Liberta,"0 - 1","1 - 2",38,"0 - 1"
"World Club Friendlies","Binh Thuan","XM Fico Tay Ninh","0 - 2","0 - 7",65,"0 - 4"
"Israel Liga Alef South","Shimshon Kafr Qasim","AS Nordia Jerusalem","3 - 0","4 - 1",55,"3 - 0"
"Mauritania Division 1","ASC Police","Trarza AC","2 - 0","2 - 1",52,"2 - 0"
"Wales Championship North","Colwyn Bay","Prestatyn Town","0 - 2","1 - 2",57,"0 - 2"
"England Premier League",Newcastle,Leicester,"0 - 2","0 - 3",56,"0 - 2"
"England League 2",Crewe,Carlisle,"4 - 0","4 - 1",65,"4 - 1"
"England League 2",Plymouth,Swindon,"1 - 1","1 - 2",64,"1 - 1"
"England National League North","Spennymoor Town",Darlington,"1 - 1","3 - 1",60,"1 - 1"
"Australia W-League","Brisbane Roar Women","Melbourne City Women","0 - 1","0 - 2",59,"0 - 1"
"Qatar Stars League","Al-Wakrah SC","Al-Sadd SC","2 - 0","2 - 1",65,"2 - 0"
"Algeria U19 League","USM Alger U19","ES Ben Aknoun U19","1 - 0","1 - 1",65,"1 - 0"
"Algeria U19 League","GC Mascara U19","WA Tlemcen U19","2 - 0","2 - 2",58,"2 - 0"
"Australia W-League","Adelaide United Women","Perth Glory Women","2 - 0","2 - 2",52,"2 - 1"
"Israel Liga Bet South","Maccabi Amishav Petah Tikva","Hapoel Kafr Qasim Shouaa","2 - 0","4 - 0",62,"3 - 0"
"Brazil Sao Paulo Youth Cup","Comercial SP U20","Desportiva Perilima U20","2 - 0","2 - 2",56,"2 - 2"
"Brazil Sao Paulo Youth Cup","AA Flamengo Guarulhos U20","AD Guarulhos U20","1 - 0","3 - 0",54,"2 - 0"
"Brazil Sao Paulo Youth Cup","Oeste U20","Sergipe U20","2 - 0","6 - 0",60,"4 - 0"
"Brazil Sao Paulo Youth Cup","Juventude RS U20","Cuiaba EC U20","1 - 1","2 - 1",51,"2 - 1"
"Brazil Sao Paulo Youth Cup","Avai U20","Nova Andradina U20","2 - 0","4 - 3",55,"3 - 0"
"Wales Championship South","Briton Ferry","Swansea University","1 - 3","1 - 4",49,"1 - 4"
"Vietnam University Championship - 80 mins play","Kien Truc TPHCM University","Tai Chinh MKT University","0 - 0","0 - 3",52,"0 - 1"
"Hong Kong Sapling Cup","HK Rangers FC",Kitchee,"0 - 1","0 - 1",62,"0 - 1"
"Australia A-League","Sydney FC","Adelaide United","2 - 1","2 - 1",49,"2 - 1"
"Cameroon Elite Two","Renaissance Ngoumou","AS Matelots","3 - 0","3 - 2",59,"3 - 1"
"Ethiopia Premier League","Ethiopia Bunna","Hadiya Hossana","2 - 0","5 - 0",63,"3 - 0"
"Cyprus Division 2","Digenis Morphou","AE Zakakiou","1 - 0","1 - 0",63,"1 - 0"
"Egypt Division 2","Coca Cola FC","Tersana SC","1 - 0","1 - 0",58,"1 - 0"
"Tunisia League 1","Etoile Sportive Sahel","Club Africain","1 - 1","1 - 1",55,"1 - 1"
"South Africa National Div 1","Tshakhuma Tsha Madzivhadila","Real Kings","1 - 0","1 - 1",60,"1 - 0"
"Scotland League Two",Brechin,"Cove Rangers","0 - 1","1 - 5",54,"1 - 1"
"Scotland Championship",Alloa,Partick,"0 - 0","1 - 1",63,"1 - 0"
"Saudi Arabia Super Cup","Al-Nassr Riyadh","Al Taawon Buraidah","0 - 1","1 - 1",65,"1 - 1"
"Arab Club Championship","MC Alger","Raja Casablanca","1 - 0","1 - 2",50,"1 - 0"
"Hong Kong 2nd Division","Leaper St Joseph","Kowloon City","0 - 2","0 - 2",56,"0 - 2"
"Hong Kong 2nd Division",Wanchai,"Kwong Wah","0 - 3","0 - 5",59,"0 - 3"
"Hong Kong Sapling Cup",R&F,"Yuen Long","2 - 0","5 - 1",58,"3 - 0"
"Spain Segunda B Group 3","CD Ebro","La Nucia","2 - 0","2 - 1",65,"2 - 1"
"Greece Super League 2","Apollon Pontou Kalamaria",Ergotelis,"0 - 1","1 - 3",62,"0 - 1"
"Rwanda National League","Musanze FC",Muhanga,"0 - 1","2 - 1",59,"2 - 1"
"Italy Serie D","AP Turris","Vis Artena","3 - 0","3 - 2",62,"3 - 2"
"Italy Serie D",Prato,"Fossano Calcio","0 - 1","3 - 2",50,"0 - 1"
"Ghana Premier League","Medeama SC","Hearts of Oak","2 - 0","3 - 0",51,"2 - 0"
"Mauritania Division 2","AS Douanes Nouakchott","FC Souvara Riadh","1 - 0","1 - 1",55,"1 - 0"
"Senegal League Cup","Guediawaye FC","US Goree","1 - 0","1 - 0",49,"1 - 0"
"Antigua & Barbuda Premier Division","Jennings Grenades","All Saints Utd FC","1 - 1","3 - 1",62,"2 - 1"
"World Club Friendlies","FC Schaffhausen","FC Zurich","1 - 0","1 - 0",56,"1 - 0"
"England U23 Development League","Bristol City U23","Watford U23","0 - 4","1 - 6",58,"0 - 4"
"Brazil Sao Paulo Youth Cup","Comercial SP U20","Cuiaba EC U20","0 - 2","1 - 3",43,"0 - 2"
"Israel Leumit Liga","Beitar Tel Aviv Bat Yam","Hapoel Umm al-Fahm","1 - 0","2 - 1",65,"1 - 1"
"Brazil Sao Paulo Youth Cup","Inter Limeira U20","CRB U20","0 - 1","0 - 2",59,"0 - 1"
"Israel Premier League","Maccabi Haifa","Maccabi Tel Aviv","0 - 1","3 - 4",61,"1 - 2"
"England FA Cup",Arsenal,Leeds,"0 - 0","1 - 0",65,"1 - 0"
"Brazil Sao Paulo Youth Cup","Capivariano U20","Confianca Sape U20","1 - 1","2 - 1",53,"2 - 1"
"Brazil Sao Paulo Youth Cup","Marilia AC U20","EC Timon U20","0 - 1","0 - 1",55,"0 - 1"
"Brazil Sao Paulo Youth Cup","Olimpico EC U20","Santos U20","0 - 1","0 - 7",55,"0 - 4"
"Aruba Cup","SV River Plate","Racing Club Aruba","0 - 2","3 - 3",57,"0 - 3"
"Iran Div 1","Navad Urmia","Shahrdari Tabriz","0 - 0","1 - 0",53,"1 - 0"
"Brazil Sao Paulo Youth Cup","Nacional SP U20","Canaa EC U20","2 - 0","2 - 1",60,"2 - 0"
"Saudi Arabia Premier League","Al Hilal Riyadh","Al Ahli Jeddah","1 - 1","3 - 1",61,"1 - 1"
"South Africa Premier","Polokwane City","Orlando Pirates","0 - 4","1 - 4",63,"0 - 4"
"Portugal U23 League","Benfica U23","Vitoria Setubal U23","1 - 1","2 - 1",47,"1 - 1"
"England Southern League Division One","Barton Rovers",Yaxley,"2 - 0","2 - 3",61,"2 - 2"
"India I-League","Trau FC","Neroca FC","1 - 1","2 - 1",63,"1 - 1"
"India Mumbai Elite League",RSF,"Mumbai Strikers","0 - 0","0 - 2",65,"0 - 1"
"Cyprus Cup","Alki Oroklinis","AEL Limassol","1 - 2","1 - 5",58,"1 - 2"
"Europe Friendlies","Blau-Weiss Mintard","Rot-Weiss Essen","0 - 2","1 - 9",58,"0 - 4"
"Northern Ireland Reserve League","Larne Reserves","Ballymena Utd Reserves","2 - 1","4 - 1",51,"2 - 1"
"UAE U19 League","Khor Fakkan U19","Al Ittihad Kalba U19","1 - 0","1 - 1",58,"1 - 0"
"Brazil Sao Paulo Youth Cup","Cuiaba EC U20","Desportiva Perilima U20","3 - 2","4 - 3",41,"3 - 2"
"Brazil Sao Paulo Youth Cup","Nova Andradina U20","FC Atlético Cearense U20","0 - 2","0 - 5",58,"0 - 4"
"Europe Friendlies","SC Husen-Kurl","SuS Kaiserau","2 - 1","2 - 5",63,"2 - 1"
"Brazil Sao Paulo Youth Cup","EC Timon U20","Olimpico EC U20","2 - 0","4 - 0",61,"3 - 0"
"Brazil Sao Paulo Youth Cup","Primavera SP U20","Bahia U20","1 - 1","2 - 1",62,"1 - 1"
"Brazil Sao Paulo Youth Cup","Nacional AM U20","RB Brasil U20","0 - 1","1 - 4",59,"1 - 3"
"Brazil Sao Paulo Youth Cup","Desportiva Paraense U20","Moto Club de São Luís U20","1 - 0","2 - 1",53,"2 - 0"
"Brazil Sao Paulo Youth Cup","Marilia AC U20","Santos U20","1 - 0","1 - 2",61,"1 - 1"
"Brazil Sao Paulo Youth Cup","Nova Iguacu U20","Linhares FC U20","4 - 0","5 - 0",60,"4 - 0"
"Brazil Sao Paulo Youth Cup","Serra FC U20","Guarani SP U20","1 - 0","1 - 1",50,"1 - 0"
"Brazil Sao Paulo Youth Cup","Osvaldo Cruz U20","Londrina U20","1 - 2","3 - 2",59,"1 - 2"
"Brazil Sao Paulo Youth Cup","Velo Clube U20","Parana Clube U20","0 - 0","1 - 1",64,"1 - 0"
"Brazil Sao Paulo Youth Cup","Visao Celeste U20","Gremio Novorizontino U20","0 - 7","3 - 8",55,"0 - 7"
"Algeria U19 League","RC Relizane U19","JSM Tiaret U19","2 - 1","3 - 3",59,"2 - 2"
"Algeria U19 League","MO Bejaia U19","USM Khenchela U19","1 - 0","2 - 1",61,"2 - 0"
"Europe Friendlies","FC Ingolstadt",Gent,"1 - 1","2 - 3",56,"1 - 2"
"Europe Friendlies","Dukla Praha B","FK MAS Taborsko","1 - 2","2 - 3",57,"2 - 2"
"Italy Campionato Primavera 1","Genoa U19","Atalanta U19","0 - 2","0 - 3",57,"0 - 2"
"India Super League","Hyderabad FC","Chennaiyin FC","0 - 2","1 - 3",62,"0 - 2"
"Europe Friendlies","Bayer Leverkusen","St Gallen","1 - 2","3 - 2",59,"2 - 2"
"Saudi Arabia Premier League","Al Taawon Buraidah","Al Fateh SC","1 - 1","2 - 1",55,"1 - 1"
"Brazil Sao Paulo Youth Cup","Vitoria da Conquista U20","Trem U20","0 - 1","1 - 1",52,"1 - 1"
"Wales Championship South","Cwmamman Utd","Briton Ferry","0 - 1","0 - 6",48,"0 - 2"
"Iceland Pre-Season Cup","IR Reykjavik",Fjolnir,"0 - 3","1 - 5",61,"1 - 3"
"Mexico Liga MX Femenil","Cruz Azul Women","Club America Women","0 - 1","1 - 2",63,"1 - 2"
"Trinidad & Tobago Pro League","Police FC","Point Fortin FC","1 - 1","3 - 1",56,"1 - 1"
"Australia A-League","Perth Glory","Adelaide United","2 - 0","3 - 0",57,"2 - 0"
"Europe Friendlies","Gyirmot SE","Gyor Eto FC","0 - 0","5 - 0",65,"3 - 0"
"Kenya Super League","Mount Kenya United","Bidco United","1 - 1","2 - 5",62,"2 - 3"
"Iran U23 League","Abi Pooshan U23","Esteghlal U23","0 - 2","2 - 3",55,"1 - 2"
"Spain Copa del Rey","UCAM Murcia CF",Mirandes,"1 - 0","2 - 3",64,"1 - 2"
"Europe Friendlies","Hannover 96",Paderborn,"0 - 1","0 - 1",52,"0 - 1"
"Rwandan Division 2","Pepiniere FC","Kirehe FC","3 - 0","3 - 2",58,"3 - 1"
"Kenya Super League","Kibera Black Stars","Muranga Seal","1 - 1","1 - 2",61,"1 - 1"
"Europe Friendlies","HNK Gorica","NK Lokomotiva Zagreb","1 - 0","2 - 2",65,"1 - 1"
"Europe Friendlies","SKU Amstetten","St Polten","0 - 3","1 - 5",52,"1 - 3"
"Zambia Super League","NAPSA Stars","Green Buffaloes","1 - 1","2 - 2",48,"1 - 1"
"Europe Friendlies","SSVg Velbert","Fortuna Dusseldorf II","0 - 1","0 - 2",56,"0 - 1"
"Iceland U19 Cup","Afturelding/Hvíti/Álafoss U19","Throttur Reykjavik/SR U19","1 - 2","1 - 4",58,"1 - 2"
"South Africa Premier","Highlands Park","Stellenbosch FC","1 - 2","1 - 4",58,"1 - 2"
"Europe Friendlies","Wil 1900","FC Thun","0 - 1","3 - 5",62,"2 - 4"
"Burundi Premier League","Bujumbura City","Les Lierres FC","2 - 0","2 - 0",46,"2 - 0"
"Algeria Youth League","USM Alger U21","JS Kabylie U21","1 - 1","2 - 1",58,"1 - 1"
"Wales Premier League",Carmarthen,"Airbus UK","2 - 1","2 - 2",60,"2 - 2"
"England FA Trophy","AFC Fylde",Southport,"3 - 1","4 - 1",46,"3 - 1"
"England FA Trophy",Darlington,"Harrogate Town","0 - 1","0 - 2",64,"0 - 1"
"Ghana Premier League","Liberty Professionals","Medeama SC","0 - 0","1 - 1",65,"1 - 0"
"Spain Youth League","Castilleja CF U19","Almeria U19","1 - 1","1 - 1",47,"1 - 1"
"Iceland Pre-Season Cup","IF Vestri",Keflavik,"1 - 1","1 - 3",59,"1 - 1"
"Cyprus Division 1","Ethnikos Achna","AEK Larnaca","2 - 0","2 - 5",64,"2 - 1"
"Brazil Campeonato Carioca","Nova Iguacu","America RJ","1 - 0","4 - 0",57,"1 - 0"
"Brazil Sao Paulo Youth Cup","Taboao da Serra U20","Ituano U20","2 - 0","3 - 3",63,"3 - 2"
"Hong Kong 3rd Division","New Fair Kuitan","Kwok Keung","0 - 2","1 - 7",64,"0 - 4"
"Iran Div 2","Shahrdari Bandar Abbas","Pas Hamedan","0 - 2","2 - 2",56,"2 - 2"
"Spain Youth League","Racing Ferrol U19","CF Bansander U19","1 - 0","1 - 1",62,"1 - 1"
"Spain Copa del Rey","Unionistas de Salamanca CF","Deportivo La Coruna","0 - 0","1 - 1",64,"1 - 0"
"Kenya Premier League","Ulinzi Stars","Western Stima","2 - 2","3 - 2",54,"2 - 2"
"CAF Confederations Cup",Enyimba,"Paradou AC","3 - 0","4 - 1",48,"3 - 0"
"Italy Serie D",Sangiovannese,Gavorrano,"0 - 1","1 - 2",53,"1 - 1"
"South Africa Premier","Bloem Celtic","Black Leopards","3 - 1","4 - 2",50,"3 - 1"
"Costa Rica Primera Division",Alajuelense,"Limon FC","2 - 1","4 - 1",54,"3 - 1"
"India Mumbai Elite League","ICL Payyade","GM Sports","0 - 3","0 - 5",59,"0 - 4"
"Club Friendly List",Basel,"VfB Stuttgart","0 - 0","0 - 2",65,"0 - 2"
"Malta Premier League","Hamrun Spartans","Gzira United","0 - 1","0 - 3",59,"0 - 1"
"England Premier League 2","Sunderland U23","West Brom U23","0 - 2","0 - 4",55,"0 - 3"
"Belgium Reserve League","Westerlo Reserves","Zulte Waregem Reserves","0 - 1","1 - 2",49,"0 - 1"
"World Club Friendlies","XSKT Can Tho","An Giang","1 - 1","1 - 2",65,"1 - 2"
"India I-League","Neroca FC","Real Kashmir FC","0 - 0","1 - 0",63,"1 - 0"
"India Mumbai Elite League","Companeros SC",RSF,"1 - 0","1 - 1",52,"1 - 0"
"Portugal U23 League","Vitoria Setubal U23","Cova de Piedade U23","1 - 0","2 - 1",56,"1 - 0"
"Israel Youth League","Ironi Modiin U19","FC Kfar Qasim U19","1 - 1","3 - 2",59,"2 - 1"
"Europe Friendlies","FC Emmen Reserves","Cambuur Leeuwarden Reserves","1 - 0","2 - 1",54,"1 - 0"
"Qatar U23 League","Al Gharafa U23","Al Shahaniya U23","2 - 0","5 - 2",58,"3 - 0"
"Turkey Cup",Sivasspor,"Yeni Malatyaspor","3 - 0","4 - 0",59,"4 - 0"
"Brazil Sao Paulo Youth Cup","Gremio FBPA U20","Chapecoense U20","1 - 0","4 - 0",63,"1 - 0"
"Gibraltar National League","FC Boca Juniors Gibraltar","Europa Point","0 - 2","2 - 4",49,"0 - 3"
"India I-League","East Bengal Club","Gokulam FC","1 - 2","1 - 3",50,"1 - 2"
"Czech Republic Tipsport Liga","FK Jablonec","Bohemians 1905","1 - 0","1 - 0",58,"1 - 0"
"World Club Friendlies","Okzhetpes Kokshetau","FC Voluntari","1 - 1","1 - 1",65,"1 - 1"
"UAE U19 League","Dubba Al Husun U19","Al Ain SCC U19","0 - 1","0 - 7",52,"0 - 2"
"Europe Friendlies","Sigma Olomouc","SK Prostejov","0 - 1","0 - 2",61,"0 - 1"
"Europe Friendlies","ND Gorica","Budafoki MTE","0 - 0","1 - 2",59,"0 - 1"
"Europe Friendlies","NS Mura","Zalaegerszegi TE","0 - 0","3 - 3",65,"0 - 2"
"Europe Friendlies","Heracles Reserves","De Graafschap Reserves","2 - 0","5 - 1",62,"4 - 0"
"Ghana Premier League","Inter Allies","Elmina Sharks","1 - 1","2 - 3",41,"0 - 1"
"Gambia Division 2","Young African FC","Team Rhino FC","2 - 1","2 - 3",55,"2 - 2"
"Spain Segunda",Alcorcon,Numancia,"0 - 0","2 - 2",61,"1 - 1"
"Europe Friendlies","Ratingen SV Germania 04/19 EV","SC Kapellen-Erft","0 - 2","1 - 2",65,"0 - 2"
"Northern Ireland Reserve League","Carrick Rangers Reserves","Larne Reserves","2 - 0","4 - 1",49,"2 - 0"
"France Ligue 1",Monaco,PSG,"0 - 2","1 - 4",61,"0 - 2"
"India Mumbai Elite League","Kenkre SC",Sellebrity,"0 - 1","3 - 2",57,"2 - 2"
"International Match",Mauritius,Burundi,"1 - 2","1 - 4",48,"1 - 3"
"Europe Friendlies","Lechia Gdansk","Chojniczanka Chojnice","1 - 3","2 - 3",50,"1 - 3"
"World Club Friendlies",Terengganu,"Hougang United FC","2 - 0","4 - 0",59,"3 - 0"
"England U23 Premier League Cup","Aston Villa U23","Exeter U23","0 - 1","0 - 4",64,"0 - 3"
"India Super League","Chennaiyin FC","Northeast United","0 - 0","2 - 0",58,"1 - 0"
"Mexico Clausura","Juarez FC","Unam Pumas","3 - 2","4 - 4",61,"3 - 4"
"Israel Liga Alef North","Hapoel Asi Gilboa","Maccabi Ironi Kiryat Ata","1 - 2","2 - 6",65,"2 - 6"
"Turkey 1 Lig",Menemenspor,Giresunspor,"0 - 1","0 - 3",60,"0 - 1"
"Iceland Pre-Season Cup",Afturelding,Selfoss,"2 - 2","6 - 2",63,"2 - 2"
"Europe Friendlies","BSG Chemie Leipzig","TSV Havelse","1 - 1","1 - 1",56,"1 - 1"
"Holland Eerste Divisie","Top Oss","Cambuur Leeuwarden","2 - 2","3 - 2",57,"2 - 2"
"Club Friendly List","Leher TS","FC Hagen/Uthlede","0 - 5","0 - 6",58,"0 - 5"
"Holland Eerste Divisie","FC Eindhoven","Helmond Sport","1 - 0","2 - 0",58,"1 - 0"
"Republic of Ireland Munster Senior League","Midleton FC","St Marys AFC","2 - 0","4 - 0",65,"3 - 0"
"Brazil Sao Paulo Youth Cup","Botafogo SP U20","Internacional RS U20","0 - 2","0 - 2",63,"0 - 2"
"Hong Kong Premier League",R&F,"HK Rangers FC","2 - 0","5 - 0",63,"4 - 0"
"Iran U23 League","Caspian Kosar U23","Abi Pooshan U23","0 - 3","0 - 5",60,"0 - 3"
"Israel Youth League","Ironi Modiin U19","MS Ashdod U19","0 - 3","2 - 5",57,"0 - 3"
"Hong Kong Premier League","Eastern Long Lions","Lee Man FC","2 - 0","2 - 1",51,"2 - 0"
"Italy Campionato Primavera 2","Livorno U19","Salernitana U19","2 - 0","2 - 0",51,"2 - 0"
"Europe Friendlies","SV Lafnitz","FC Marchfeld Donauauen","4 - 0","6 - 1",58,"4 - 1"
"Europe Friendlies","SV Sonsbeck","TSV Meerbusch","0 - 0","0 - 3",53,"0 - 1"
"Rwandan Division 2","Gasabo United","Rwamagana City","1 - 1","2 - 1",50,"1 - 1"
"Europe Friendlies","SV Ried","Salzburger AK","2 - 0","4 - 0",60,"2 - 0"
"Uganda Premier League",Maroons,"BUL FC","2 - 0","2 - 0",46,"2 - 0"
"Saudi Arabia Cup",Abha,"Al Fateh SC","1 - 0","1 - 1",53,"1 - 1"
"Turkey Super Lig","Istanbul Basaksehir","Yeni Malatyaspor","4 - 0","4 - 1",60,"4 - 0"
"Germany Bundesliga I",Cologne,Wolfsburg,"2 - 0","3 - 1",52,"2 - 0"
"Scotland FA Cup",Alloa,"Inverness CT","1 - 1","2 - 3",62,"1 - 2"
"Portugal U23 League","Vitoria Setubal U23","Academica U23","2 - 1","3 - 2",55,"3 - 1"
"Benin Ligue 1",Panthers,"Dynamo FC","1 - 0","1 - 0",38,"1 - 0"
"Saudi Arabia Cup","Al Wahda Mecca","Al Ahli Jeddah","1 - 1","1 - 2",58,"1 - 1"
"Turkey 1 Lig",Altinordu,Hatayspor,"2 - 1","2 - 2",65,"2 - 2"
"Portugal Segunda Liga","FC Porto B","Benfica B","1 - 1","2 - 1",59,"2 - 1"
"Europe Friendlies","HSC Hannover",Wuppertaler,"1 - 4","1 - 7",63,"1 - 5"
"Brazil Campeonato Carioca",Friburguense,"America RJ","1 - 0","2 - 2",64,"2 - 0"
"Europe Friendlies","IF Gnistan",NJS,"0 - 1","1 - 1",65,"1 - 1"
"Belgium First Amateur Division","Lierse Kempenzonen","Seraing United","0 - 3","1 - 3",62,"1 - 3"
"Italy Serie A",Napoli,Fiorentina,"0 - 1","0 - 2",65,"0 - 1"
"World Club Friendlies","Almirante Brown","Defensores de Belgrano","2 - 1","3 - 2",58,"3 - 1"
"Mexico Segunda Division","Deportivo Dongu","CD Nuevo Chimalhuacan","0 - 0","2 - 1",64,"0 - 1"
"World Club Friendlies","Atletico Nacional Medellin",Corinthians,"1 - 1","2 - 1",56,"1 - 1"
"Australia A-League Youth","Canberra United FC U21","Newcastle Jets FC U21","1 - 4","3 - 5",64,"3 - 4"
"New Zealand Football Championship","Wellington Phoenix Reserves","Waitakere United","1 - 2","3 - 4",54,"2 - 2"
"U23 International","Colombia U23","Argentina U23","1 - 1","1 - 2",65,"1 - 2"
"Australia Friendlies","St George City FA","Hakoah Sydney City East","0 - 2","2 - 2",62,"1 - 2"
"Finland Kakkosen Cup",Klubi-04,"FC Viikingit","4 - 0","4 - 0",62,"4 - 0"
"Republic of Ireland Leinster Senior League","Skerries Town FC","St Patricks CY FC","0 - 3","0 - 3",48,"0 - 3"
"Finland Kakkosen Cup",RFA,"JS Hercules","1 - 1","2 - 1",61,"1 - 1"
"Europe Friendlies","Bergisch Gladbach 09","FC Viktoria Köln","0 - 2","2 - 3",63,"1 - 2"
"Europe Friendlies","Union Berlin","St Gallen","1 - 1","1 - 2",59,"1 - 2"
"AFC U23 Championship","UAE U23","Uzbekistan U23","1 - 3","1 - 5",57,"1 - 3"
"Italy Serie A",Brescia,Cagliari,"1 - 1","2 - 2",56,"2 - 1"
"Qatar U23 League","Al-Shahaniya SC U23","Al-Sadd SC U23","0 - 1","1 - 1",64,"0 - 1"
"Portugal Campeonato Nacional",Vizela,"CS Maritimo B","3 - 1","3 - 5",65,"3 - 3"
"Ghana Premier League","Elmina Sharks","Great Olympics","1 - 0","1 - 1",46,"1 - 0"
"Turkey Super Lig",Besiktas,Sivasspor,"1 - 2","1 - 2",54,"1 - 2"
"France Cup",Rouen,Angers,"1 - 3","1 - 4",55,"1 - 3"
"Italy Serie A",Genoa,Roma,"1 - 2","1 - 3",64,"1 - 2"
"Egypt Division 1","Al Moqawloon Al Arab","Al Ahly Cairo","0 - 1","0 - 2",63,"0 - 1"
"Brazil Campeonato Potiguar","Globo FC",ASSU,"2 - 2","3 - 3",54,"2 - 2"
"Argentina Cup","Deportivo Madryn","Sol de Mayo","4 - 1","5 - 1",58,"5 - 1"
"Paraguay Division Profesional","Olimpia Asuncion","Club General Diaz","1 - 0","2 - 1",58,"1 - 0"
"Iran Div 2","Shahrdari Fuman","Kheybar Khorramabad","0 - 2","1 - 3",58,"1 - 2"
"Egypt Division 1","Aswan FC","Wadi Degla","0 - 3","1 - 3",63,"0 - 3"
"World Club Friendlies","Dinamo Bucharest","NK Osijek","1 - 0","1 - 1",59,"1 - 0"
"Mauritania Division 2","FC Wagadou","Etoile Nouakchott","1 - 1","2 - 1",57,"2 - 1"
"Belgium Reserve League","Genk Reserves","Sint Truidense Reserves","2 - 0","3 - 1",63,"2 - 1"
"Mexico Liga MX Femenil","Club America Women","Santos Laguna Women","1 - 0","3 - 2",62,"2 - 1"
"Mexico Segunda Division","Club Canoneros Marina","Atletico San Luis II","0 - 0","2 - 1",50,"1 - 0"
"Saudi Arabia Division 1","Al Taqdom","Al Qadisiya Al Khubar","1 - 0","1 - 3",60,"1 - 2"
"Europe Friendlies","Olimpija Ljubljana","Slaven Belupo","0 - 1","0 - 2",63,"0 - 1"
"Uganda Cup","Katwe United","Proline FC","1 - 0","1 - 2",53,"1 - 1"
"Europe Friendlies","TuS Hiltrup","Eintracht Rheine","1 - 2","1 - 3",56,"1 - 2"
"England County Cup","AFC Mansfield","Notts County XI","1 - 2","1 - 3",64,"1 - 2"
"England Southern Premier League Central",Bromsgrove,Redditch,"3 - 0","7 - 1",55,"3 - 1"
"England Isthmian Cup","Wingate & Finchley",Margate,"0 - 1","1 - 3",53,"0 - 2"
"Northern Ireland Mid Ulster Cup",Loughgall,Glenavon,"0 - 0","3 - 2",62,"2 - 2"
"Holland Cup","FC Eindhoven","FC Utrecht","1 - 0","1 - 2",61,"1 - 1"
"Brazil Campeonato Pernambucano","Retro FC Brasil","Santa Cruz FC","1 - 0","1 - 2",65,"1 - 2"
"India Mumbai Super Division","Mumbai Ultras FC","Mumbai Young Boys","0 - 3","1 - 5",63,"0 - 3"
"Myanmar U19 League","Kachin United FC U19","Hantharwady United U19","0 - 6","0 - 8",37,"0 - 4"
"Club Friendly List","FK Poprad","FC Tatran Presov","2 - 1","2 - 1",64,"2 - 1"
"Europe Friendlies","AS Trencin","Gornik Zabrze","0 - 1","1 - 3",56,"0 - 2"
"Europe Friendlies","Dinamo Bucharest",Krasnodar,"1 - 0","1 - 2",62,"1 - 1"
"Europe Friendlies","Slask Wroclaw","FK Teplice","0 - 0","1 - 2",50,"0 - 1"
"Europe Friendlies","NK Sesvete","NK Zagorec Krapina","2 - 0","8 - 0",63,"3 - 0"
"Europe Friendlies","Lechia Zielona Góra","Zaglebie Lubin II","1 - 1","2 - 3",59,"1 - 1"
"Brazil Campeonato Paulista A2","CA Votuporanguense","CA Juventus","0 - 2","0 - 4",64,"0 - 3"
"Club Friendly List","Helfort 15","ASV Spratzern","3 - 2","4 - 6",59,"3 - 2"
"Bolivia Apertura","Club Aurora","Real Potosi","1 - 0","4 - 0",61,"2 - 0"
"Italy Serie C Group B","AC Feralpisalo","Reggio Audace FC","0 - 0","1 - 1",61,"0 - 1"
"Uruguay Amateur Cup","Lavalleja Capital","Canelones Interior","1 - 1","1 - 1",54,"1 - 1"
"Costa Rica Primera Division",Cartagines,"AD Grecia","1 - 1","4 - 3",64,"3 - 1"
"Australia Friendlies","Modbury Jets Reserves","Adelaide Comets Reserves","0 - 0","1 - 0",63,"1 - 0"
"Myanmar League 2","Chinland FC","Mawyawadi FC","1 - 1","3 - 2",59,"1 - 2"
"Australia Friendlies","Modbury Jets","Adelaide Comets","1 - 2","2 - 4",63,"2 - 3"
"Uganda Cup","Six O'clock FC","Kitara FC","1 - 1","1 - 1",47,"1 - 1"
"Europe Friendlies","SpVgg Sterkrade-Nord","DJK Arminia Klosterhardt","3 - 0","6 - 2",65,"4 - 1"
"France National","AS Beziers",Dunkerque,"0 - 1","1 - 2",63,"0 - 1"
"Republic of Ireland Leinster Senior League","St Francis FC","Mid Sutton Sportslink","3 - 3","3 - 3",42,"2 - 3"
"Republic of Ireland Leinster Senior League","Dublin University FC","Tek United","0 - 0","1 - 1",62,"1 - 1"
"Brazil Campeonato Goiano",Goias,Aparecidense,"2 - 2","3 - 2",65,"2 - 2"
"India Mumbai Super Division","Kenkre U19",RBI,"2 - 1","2 - 2",64,"2 - 1"
"Australia A-League","Melbourne Victory","Sydney FC","0 - 1","0 - 3",60,"0 - 2"
"Uganda Cup",KCCA,"Catida FC","1 - 0","2 - 0",60,"1 - 0"
"UAE U19 League","Shabab Al Ahli Dubai U19","Al Wasl SC U19","2 - 0","3 - 0",62,"3 - 0"
"UAE Premier League","Shabab Al Ahli Dubai","Sharjah SCC","1 - 0","3 - 2",53,"1 - 1"
"Saudi Arabia Premier League","Al Wahda Mecca","Al Hazm","2 - 0","5 - 1",55,"2 - 0"
"Europe Friendlies","SK Sturm Graz II","SV Wildon","3 - 1","5 - 1",54,"4 - 1"
"Holland Eerste Divisie","Roda JC","FC Volendam","0 - 1","2 - 3",64,"2 - 2"
"Belgium First Division B",Lokeren,"OH Leuven","1 - 0","1 - 1",64,"1 - 0"
"Spain Youth League","SD San Jose U19","CD Marino U19","3 - 1","4 - 1",43,"3 - 1"
"Australia A-League Youth","Melbourne Victory U21","Adelaide United U21","2 - 0","4 - 1",65,"2 - 1"
"Australia Friendlies","Brisbane City U20","Moreton Bay United U20","1 - 1","1 - 2",56,"1 - 1"
"Europe Friendlies","Brisbane City","Moreton Bay United","1 - 1","2 - 3",58,"1 - 2"
"Europe Friendlies","NK Hrvatski Dragovoljac",Kustosija,"0 - 0","0 - 3",61,"0 - 3"
"Myanmar U21 League","Myawady FC U21","Chinland FC U21","2 - 0","5 - 0",57,"3 - 0"
"Europe Friendlies","FC Fastav Zlín","SK Lisen","0 - 0","0 - 1",62,"0 - 1"
"Myanmar National League","Chin United","Hantharwady United","0 - 2","1 - 3",63,"0 - 2"
"Europe Friendlies","FK Dziugas Telsiai","FK Siauliai","1 - 4","3 - 4",55,"3 - 4"
"Club Friendly List","FK Cukaricki","Rakow Czestochowa","1 - 1","2 - 1",62,"1 - 1"
"Europe Friendlies","CSKA Moscow","LASK Linz","1 - 0","2 - 1",54,"1 - 0"
"Algeria Youth League","USM Annaba U21","DRB Tadjenant U21","2 - 0","2 - 1",46,"2 - 0"
"Turkey U19 League","Goztepe U19","Besiktas U19","0 - 0","1 - 2",62,"1 - 1"
"Turkey U19 League","Erokspor U19","Afjet Afyonspor U19","1 - 0","2 - 1",58,"1 - 0"
"Finland Cup","Tampereen Ilves 2","HJS Akatemia","1 - 0","1 - 2",48,"1 - 1"
"Cyprus Division 2","Omonia Aradippou","Omonia Psevda","2 - 0","3 - 1",62,"2 - 1"
"Finland Cup",MP,MyPa,"1 - 1","5 - 1",52,"1 - 1"
"Rwandan Division 2","UR FC","Gasabo United","2 - 1","3 - 3",52,"2 - 2"
"England League 2","Crawley Town",Grimsby,"1 - 2","3 - 2",64,"1 - 2"
"England National League","Harrogate Town",Wrexham,"0 - 1","0 - 2",62,"0 - 1"
"England Northern Premier League","Atherton Collieries",Gainsborough,"0 - 2","1 - 3",63,"0 - 2"
"England League 2",Carlisle,Walsall,"2 - 0","2 - 1",60,"2 - 1"
"Hungary NB I","Kaposvari Rakoczi","Puskas Academy","1 - 1","1 - 1",60,"1 - 1"
"Europe Friendlies","JK Nomme United","JK Tallinna Kalev II","4 - 0","7 - 3",60,"4 - 1"
"France National 3",Challans,Change,"2 - 0","2 - 1",63,"2 - 1"
"Finland Kakkosen Cup",PEPO,JaPS,"2 - 0","2 - 2",55,"2 - 1"
"Netherlands Eredivisie",Heracles,Feyenoord,"1 - 0","2 - 3",63,"1 - 3"
"Belgium First Division A",Gent,Genk,"1 - 1","4 - 1",56,"2 - 1"
"Italy Serie A",Torino,Atalanta,"0 - 3","0 - 7",46,"0 - 3"
"Brazil Campeonato Paranaense","Athletico Paranaense",Londrina,"0 - 0","4 - 1",62,"1 - 0"
"Mexico Segunda Division","Aguacateros CDU","Zitacuaro CF","1 - 0","2 - 2",53,"1 - 0"
"Saint Kitts & Nevis Premier League","Old Road Jets","Trafalgar Southstars","1 - 0","2 - 1",58,"1 - 0"
"Bolivia Apertura","San Jose",Bolivar,"2 - 3","2 - 5",64,"2 - 4"
"Australia A-League","Western United FC","Adelaide United","2 - 3","3 - 4",54,"3 - 3"
"Turkey 2 Lig Beyaz",Gumushanespor,"Yeni Corumspor","1 - 3","1 - 4",54,"1 - 3"
"Turkey 3.Lig Group 3",Pazarspor,"Modafen Spor","3 - 1","4 - 1",46,"3 - 1"
"Turkey 3.Lig Group 3",Somaspor,Golcukspor,"1 - 0","1 - 1",57,"1 - 0"
"Turkey 3.Lig Group 2",Kocaelispor,Cizrespor,"4 - 1","5 - 3",65,"5 - 1"
"Spain Segunda B Group 3","CD Ebro",Badalona,"0 - 1","2 - 1",60,"1 - 1"
"Spain Youth League","Sevilla U19","Cadiz U19","2 - 0","2 - 1",61,"2 - 0"
"Ethiopia Premier League","Adama City","Hadiya Hossana","1 - 0","2 - 0",56,"1 - 0"
"Cyprus Division 2","Asil Lysis","Alki Oroklinis","2 - 1","2 - 1",56,"2 - 1"
"Egypt Division 2","Beni Suef SC",Suhag,"0 - 0","1 - 0",59,"1 - 0"
"Italy Serie D","ASD Sasso Marconi",Forli,"2 - 0","3 - 1",60,"2 - 0"
"Italy Serie C Group A",Arezzo,"US Pergolettese","2 - 0","3 - 0",55,"2 - 0"
"Greece Super League 2",Ergotelis,Giannina,"0 - 1","1 - 2",61,"0 - 2"
"Qatar U23 League","Al-Rayyan SC U23","Al-Shahaniya SC U23","1 - 0","2 - 3",60,"2 - 1"
"Mexico U20 League","FC Juarez U20","Monarcas Morelia U20","0 - 2","0 - 2",56,"0 - 2"
"Senegal Ligue 2","Amitie FC","EJ Fatick","1 - 0","1 - 0",47,"1 - 0"
"Europe Friendlies",AIFK,PaiHa,"1 - 0","3 - 0",59,"1 - 0"
"Italy Serie C Group B",Rimini,Vicenza,"0 - 3","1 - 3",49,"0 - 3"
"Portugal Primeira Liga","Pacos Ferreira",Benfica,"0 - 1","0 - 2",64,"0 - 2"
"Brazil Campeonato Pernambucano",Decisao,"Afogados da Ingazeira FC","0 - 4","0 - 4",58,"0 - 4"
"Brazil Campeonato Paraibano",CSP,"Atletico Cajazeirense","1 - 1","1 - 4",48,"1 - 1"
"Mauritania Division 1","ASC Police","Nouakchott Kings","1 - 0","3 - 1",63,"2 - 0"
"Antigua & Barbuda Premier Division","Greenbay Hoppers FC",Liberta,"2 - 3","2 - 4",51,"2 - 3"
"Qatar U23 League","Al-Wakrah SC U23","Al-Ahli Doha U23","1 - 0","3 - 1",54,"2 - 0"
"Ghana Premier League","Ebusua Dwarfs","Dreams FC","1 - 0","2 - 1",58,"1 - 0"
"Belgium Reserve League","Eupen Reserves","KV Oostende Reserves","0 - 0","2 - 2",64,"1 - 1"
"Netherlands Eerste Divisie","AZ Reserves","Almere City FC","1 - 1","3 - 3",50,"1 - 1"
"Youth Tournament","Brighton U23","Wolfsburg U23","1 - 2","2 - 3",65,"1 - 2"
"Belgium Reserve League","KFCO Beerschot-Wilrijk Reserves","Zulte Waregem Reserves","1 - 1","3 - 2",51,"1 - 1"
"Italy Serie C Group B","Reggio Audace FC",Sudtirol,"0 - 0","1 - 0",60,"1 - 0"
"Argentina Torneo A","Deportivo Maipu","Sportivo Penarol","0 - 0","1 - 0",59,"1 - 0"
"Australia Friendlies","West Torrens Birkalla","Croydon Kings","1 - 0","4 - 1",60,"2 - 0"
"Australia Friendlies","Peninsula Power","Bayside United","3 - 0","6 - 0",52,"4 - 0"
"Algeria Youth League","AS Khroub U21","WA Tlemcen U21","2 - 0","2 - 2",50,"2 - 0"
"Israel Liga Bet South","Hapoel Kiryat Ono","Hapoel Hod Hasharon","0 - 2","2 - 3",44,"0 - 2"
"Algeria Youth League","AS Ain M'lila U21","MC Alger U21","1 - 2","1 - 3",60,"1 - 3"
"Algeria Youth League","JSM Bejaia U21","Amal Bou Saada U21","2 - 1","7 - 1",58,"3 - 1"
"Netherlands Reserve League","Feyenoord Reserves","Roda JC Reserves","0 - 2","1 - 4",56,"0 - 3"
"Europe Friendlies","Kaiserslautern II","FC 08 Homburg","1 - 0","1 - 2",65,"1 - 1"
"Europe Friendlies","NK Triglav Kranj","Javor Ivanjica","0 - 3","1 - 3",64,"1 - 3"
"Mauritania Division 2","FC Brakna","FC Wagadou","1 - 0","3 - 1",64,"1 - 1"
"Europe Friendlies","First Vienna FC 1894","FC Marchfeld Donauauen","1 - 0","2 - 0",57,"1 - 0"
"Europe Friendlies","Slovan Hutteldorfer AC","Simmeringer SC","4 - 2","6 - 2",62,"5 - 2"
"France Cup",Angers,Rennes,"0 - 2","4 - 5",52,"1 - 2"
"Europe Friendlies","FV Dudenhofen","FSV Schifferstadt","2 - 1","3 - 2",59,"3 - 1"
"Iceland U19 Cup","Fylkir/Ellidi U19","Breidablik/Augnablik U19","1 - 2","2 - 5",61,"1 - 3"
"Republic of Ireland Leinster Senior League","Firhouse Clover FC","Killester Donnycarney FC","0 - 1","3 - 2",63,"1 - 1"
"Myanmar League 2","Yaw Myay FC","Chinland FC","0 - 9","0 - 10",59,"0 - 9"
"Club Friendly List","Mlada Boleslav II",Varnsdorf,"1 - 1","2 - 2",45,"1 - 1"
"Europe Friendlies","FC Vitebsk",Isloch,"2 - 1","3 - 2",56,"3 - 1"
"Cyprus Cup","Digenis Morphou","Ethnikos Achna","0 - 1","0 - 3",53,"0 - 2"
"Italy Primavera Cup","Fiorentina U19","AC Milan U19","1 - 0","3 - 1",62,"2 - 1"
"India Super League","Odisha FC","FC Goa","0 - 3","2 - 4",62,"1 - 3"
"Brazil Campeonato Potiguar","CE Forca e Luz","Globo FC","0 - 3","4 - 3",49,"0 - 2"
"Guatemala Liga Nacional","Siquinala FC",Xelaju,"3 - 0","4 - 1",54,"4 - 0"
"Brazil Campeonato Gaucho","Ypiranga RS","EC Pelotas","2 - 0","2 - 1",59,"2 - 1"
"Brazil Campeonato Gaucho","Sao Luiz",Internacional,"1 - 3","3 - 4",60,"2 - 3"
"Brazil Campeonato Pernambucano","Nautico Capibaribe",Decisao,"2 - 0","4 - 0",53,"3 - 0"
"India Super League",Bengaluru,"Hyderabad FC","1 - 0","1 - 0",63,"1 - 0"
"Egypt Division 1","Al Ittihad Al Sakandary",Smouha,"1 - 0","1 - 1",65,"1 - 1"
"Iceland Pre-Season Cup","KR Reykjavik","Vikingur Reykjavik","0 - 1","1 - 1",60,"0 - 1"
"Republic of Ireland Leinster Senior League","St Francis FC","Ratoath Harps","3 - 1","5 - 3",65,"4 - 1"
"Israel Liga Bet South","Hapoel Ironi Gedera","Bnei Eilat","2 - 1","2 - 3",64,"2 - 2"
"Australia Pre-Season Cup","Joondalup City","Joondalup United","1 - 1","2 - 2",53,"2 - 1"
"Greece Super League 2",Kerkyra,Ergotelis,"0 - 2","0 - 4",53,"0 - 3"
"England U23 Development League","Birmingham U23","Nottm Forest U23","1 - 0","1 - 3",65,"1 - 3"
"Greece Super League 2",Panachaiki,"Apollon Larissa","3 - 0","4 - 0",59,"3 - 0"
"Europe Friendlies","TUS Bad Gleichenberg","SV Wildon","4 - 1","6 - 1",63,"5 - 1"
"Europe Friendlies","IK Start",Mjondalen,"1 - 0","2 - 1",60,"1 - 0"
"Club Friendly List","FC Hard","SW Bregenz","2 - 0","3 - 1",63,"3 - 1"
"Europe Friendlies","FC Helios Voru","Laanemaa Haapsalu","0 - 4","1 - 5",45,"0 - 4"
"Mexico U20 League","Atlas U20","Tijuana U20","2 - 1","3 - 4",61,"3 - 3"
"Costa Rica Segunda","Barrio Mexico",Puntarenas,"2 - 1","2 - 1",59,"2 - 1"
"Australia Friendlies","South Hobart","Pascoe Vale","1 - 3","1 - 8",63,"1 - 4"
"Club Friendly List","Cumberland United","Sturt Lions","0 - 1","1 - 1",62,"0 - 1"
"Australia Friendlies","Ipswich City","Bayside United","0 - 0","4 - 1",65,"3 - 0"
"Portugal U23 League","Estoril U23","Famalicao U23","0 - 0","2 - 1",62,"2 - 1"
"Italy Campionato Primavera 1","Fiorentina U19","Inter Milan U19","1 - 0","1 - 2",63,"1 - 0"
"Europe Friendlies","Hannover II","TuS Schwachhausen","3 - 1","3 - 1",59,"3 - 1"
"Europe Friendlies","SV Gonsenheim",Pirmasens,"2 - 2","2 - 3",65,"2 - 3"
"Germany Bundesliga I","TSG Hoffenheim","Bayer Leverkusen","1 - 1","2 - 1",57,"1 - 1"
"England National League North",Gateshead,Leamington,"3 - 1","4 - 2",59,"3 - 1"
"South Africa Premier","Chippa United","Orlando Pirates","1 - 2","1 - 2",50,"1 - 2"
"Croatia 1.HNL","Slaven Belupo","Dinamo Zagreb","0 - 1","0 - 2",60,"0 - 2"
"France National 2","US Granvillaise","Vannes OC","0 - 0","0 - 3",60,"0 - 1"
"Brazil Copa Nordeste","River AC",CSA,"2 - 0","3 - 1",51,"2 - 0"
"Brazil Copa Nordeste","Sport Recife",Vitoria,"0 - 0","1 - 1",63,"0 - 1"
"Brazil Campeonato Cearense",Barbalha,Caucaia,"1 - 1","2 - 1",61,"1 - 1"
"Italy Serie C Group A",Monza,Lecco,"3 - 0","4 - 0",53,"3 - 0"
"El Salvador Clausura","Jocoro FC","AD Chalatenango","2 - 0","4 - 1",52,"2 - 0"
"Brazil Amazonense","Sao Raimundo AM","EC Iranduba","1 - 0","4 - 3",65,"2 - 2"
"Brazil Copa Nordeste","AD Frei Paulistano","Nautico Capibaribe","0 - 0","0 - 2",61,"0 - 1"
"Germany Bundesliga U19","Wuppertaler U19","Fortuna Dusseldorf U19","0 - 2","1 - 3",60,"1 - 2"
"Germany Bundesliga U19","FC Viktoria Köln U19","Rot-Weiss Oberhausen U19","0 - 2","1 - 3",61,"1 - 2"
"Turkey 3.Lig Group 1",Duzcespor,"Erzin Belediyespor","1 - 0","2 - 0",51,"1 - 0"
"Portugal U23 League","Belenenses U23","Rio Ave U23","1 - 0","1 - 3",57,"1 - 1"
"England Premier League 2","Sunderland U23","West Ham U23","1 - 1","2 - 4",56,"1 - 1"
"Turkey Super Lig","Gazisehir Gaziantep FK",Sivasspor,"3 - 1","5 - 1",63,"3 - 1"
"UAE Reserve League","Ajman SCC Reserves","Al Nasr SC Reserves","0 - 2","0 - 2",65,"0 - 2"
"Brazil Campeonato Brasiliense",Sobradinho,"SE Gama","0 - 1","1 - 3",64,"1 - 2"
"Qatar U23 League","Al Sailiya U23","Umm Salal U23","0 - 0","2 - 3",61,"0 - 1"
"Switzerland Super League","FC Sion","FC Zurich","1 - 1","1 - 1",64,"1 - 1"
"Spain Segunda B Group 1",Coruxo,"Sporting Gijon B","1 - 1","3 - 1",65,"3 - 1"
"Italy Campionato Primavera 1","Sassuolo U19","Genoa U19","1 - 2","4 - 3",63,"2 - 2"
"Peru Primera Division","CD Universidad San Martin","Ayacucho FC","0 - 0","3 - 1",61,"2 - 0"
"Brazil Campeonato Paulista",Bragantino,Palmeiras,"1 - 0","2 - 1",61,"2 - 0"
"Brazil Campeonato Baiano","EC Bahia",Jacuipense,"1 - 0","1 - 1",65,"1 - 0"
"Portugal Primeira Liga",Boavista,Guimaraes,"1 - 0","2 - 0",65,"2 - 0"
"Brazil Copa Nordeste",ABC,"America RN","1 - 0","2 - 1",56,"1 - 0"
"Guatemala Reserve League","Deportivo Iztapa Reserves","Club Comunicaciones Reserves","4 - 4","4 - 5",52,"4 - 4"
"Barbados Premier League","Ellerton FC","BDF Sport Programme","3 - 3","3 - 3",65,"3 - 3"
"Myanmar U19 League","Silver Stars FC U19","MFF Youth U19","0 - 5","1 - 6",49,"0 - 5"
"Myanmar U19 League","Zwekapin United U19","Ispe FC U19","0 - 3","0 - 5",55,"0 - 3"
"Albania Championship",Laci,"Skenderbeu Korce","0 - 0","1 - 0",64,"1 - 0"
"Italy Campionato Primavera 1","Sampdoria U19","Chievo U19","2 - 1","2 - 2",57,"2 - 1"
"Club Friendly List","FC Astana",Brondby,"1 - 1","2 - 1",53,"1 - 1"
"Brazil Campeonato Maranhense","Moto Club de São Luís","Pinheiro AC","2 - 1","3 - 1",47,"2 - 1"
"Uganda Premier League","Kampala City Council",Maroons,"2 - 0","2 - 1",64,"2 - 0"
"Europe Friendlies","AGF Aarhus","BK Hacken","2 - 0","2 - 0",65,"2 - 0"
"Netherlands Reserve League","Heerenveen Reserves","Feyenoord Reserves","2 - 1","4 - 1",51,"3 - 1"
"England Isthmian Premier Division","Bishop's Stortford",Worthing,"0 - 1","0 - 1",59,"0 - 1"
"Iceland U19 Cup","KR/KV U19","Leiknir/KB U19","0 - 2","0 - 3",52,"0 - 2"
"Costa Rica Primera Division",Alajuelense,"AD Grecia","2 - 1","5 - 1",62,"3 - 1"
"Europe Friendlies","Agia Napa","FC Ufa","0 - 5","0 - 5",64,"0 - 5"
"Europe Friendlies","Frydek Mistek","TJ Novy Jicin","1 - 3","2 - 3",46,"1 - 3"
"Hungary NB I","Kaposvari Rakoczi","Paksi Se","0 - 2","0 - 3",48,"0 - 2"
"Europe Friendlies",Vindbjart,Arendal,"1 - 1","1 - 4",63,"1 - 4"
"Belgium Cup",Zulte-Waregem,"Club Brugge","0 - 0","1 - 2",53,"0 - 1"
"Copa Sudamericana","Mineros de Guayana","Sportivo Luqueno","2 - 3","2 - 3",58,"2 - 3"
"Guatemala Liga Nacional","Siquinala FC",Guastatoya,"1 - 0","2 - 1",57,"1 - 1"
"Copa do Brasil","Caxias RS",Botafogo,"1 - 1","1 - 1",65,"1 - 1"
"Guatemala Liga Nacional","Deportivo Mixco","Deportivo Iztapa","2 - 1","5 - 1",64,"4 - 1"
"Copa do Brasil","Fast Clube",Goias,"0 - 0","0 - 2",54,"0 - 1"
"Europe Friendlies","Dynamo Kiev",Stromsgodset,"1 - 0","3 - 0",65,"1 - 0"
"Nepal Division 1","Three Star Club","Sankata FC","0 - 0","1 - 0",62,"1 - 0"
"Iran U23 League","Naft Ahvaz U23","Sepahan Isfahan U23","0 - 2","0 - 4",61,"0 - 3"
"Europe Friendlies","Silkeborg IF",Viborg,"0 - 1","0 - 2",64,"0 - 1"
,"Saunders SC","Police SC","0 - 0","1 - 1",58,"1 - 1"
"Europe Friendlies",Krasnodar,Mjondalen,"3 - 1","4 - 3",48,"3 - 1"
"Saudi Arabia Premier League","Al Hazm","Al Feiha","3 - 1","4 - 2",64,"4 - 1"
"Poland Ekstraklasa","Arka Gdynia","Cracovia Krakow","0 - 1","0 - 1",63,"0 - 1"
"Europe Friendlies","Tallinna JK Legion","Parnu JK Vaprus","1 - 0","3 - 1",52,"1 - 1"
"Mexico U20 League","Puebla U20","Santos Laguna U20","1 - 0","1 - 3",54,"1 - 1"
"Italy Serie A",Roma,Bologna,"1 - 2","2 - 3",61,"1 - 3"
"Guatemala Primera Division","Capitalinos FC","CS Deportivo Sacachispas","1 - 0","2 - 3",58,"1 - 2"
"Australia Friendlies","Para Hills Knights",Playford,"0 - 1","3 - 1",59,"2 - 1"
"Italy Campionato Primavera 2","Crotone U19","Trapani U19","2 - 0","2 - 2",61,"2 - 1"
"Italy Campionato Primavera 2","Benevento U19","Ascoli U19","0 - 3","3 - 4",50,"1 - 3"
"Europe Friendlies","Spartak Moscow","Partizan Belgrade","1 - 2","3 - 2",65,"2 - 2"
"Germany Regionalliga West","Schalke II","Fortuna Dusseldorf II","1 - 0","1 - 1",56,"1 - 0"
"England National League",Chesterfield,Wrexham,"1 - 1","3 - 2",62,"1 - 1"
"France Ligue 2",Guingamp,Lorient,"1 - 1","2 - 1",60,"1 - 1"
"Portugal U23 League","Maritimo U23","Academica U23","1 - 1","3 - 2",65,"2 - 1"
"Europe Friendlies","FC Astana","BK Hacken","0 - 1","1 - 2",62,"0 - 1"
"Portugal Campeonato Nacional","SC Espinho","Ginasio Figueirense","2 - 0","4 - 0",65,"4 - 0"
"Malta Premier League",Birkirkara,"Mosta FC","2 - 0","2 - 1",54,"2 - 1"
"France National 3","US Orleans 2","Chateauroux II","3 - 1","5 - 2",52,"3 - 2"
"Switzerland Super League","FC Zurich",Basel,"0 - 2","0 - 4",51,"0 - 2"
"Brazil Campeonato Carioca","America RJ",Friburguense,"2 - 1","2 - 2",59,"2 - 1"
"Europe Friendlies","Laanemaa Haapsalu","Viimsi JK","3 - 0","3 - 3",65,"3 - 1"
"Brazil Paraense","Bragantino PA",Tapajos,"1 - 0","2 - 0",58,"1 - 0"
"Argentina Torneo Regional Amateur","Resistencia Central","CA Villa Alvear","3 - 2","4 - 3",48,"3 - 2"
"Antigua & Barbuda Premier Division","Five Islands",Liberta,"0 - 1","1 - 1",53,"0 - 1"
"Mexico Segunda Division","Aguacateros CDU","La Paz FC","1 - 1","1 - 2",52,"1 - 1"
"Mexico Segunda Division","Sporting Canamy","Cafetaleros de Tapachula FC II","0 - 1","2 - 2",64,"1 - 1"
"Panama LPF","CA Independiente de la Chorrera","Tauro FC","0 - 0","1 - 3",62,"0 - 1"
"Europe Friendlies","FC Flora Tallinn II","Levadia Tallinn II","3 - 2","4 - 3",58,"4 - 2"
"South Africa Diski Challenge","Cape Town City FC Reserves","Supersport United Reserves","0 - 1","1 - 4",58,"0 - 4"
"Myanmar U19 League","Yaw Myay FC U19","Chinland FC U19","1 - 4","1 - 5",63,"1 - 5"
"Italy Campionato Primavera 1","Cagliari U19","Juventus U19","1 - 0","1 - 1",56,"1 - 0"
"Turkey 2 Lig Beyaz","1922 Konyaspor","Tarsus Idman Yurdu","2 - 0","2 - 0",61,"2 - 0"
"Turkey Super Lig",Kayserispor,Antalyaspor,"1 - 1","2 - 2",60,"2 - 1"
"Iran Div 2","Iranjavan Bushehr","Naft Omidiyeh","1 - 0","1 - 0",58,"1 - 0"
"Scotland FA Cup","BSC Glasgow",Hibernian,"1 - 2","1 - 4",56,"1 - 2"
"Greece Super League 2","Apollon Pontou Kalamaria",Giannina,"1 - 0","1 - 6",60,"1 - 3"
"Hungary NB II",Soroksar,"MTK Budapest","2 - 1","3 - 4",56,"2 - 1"
"Tunisia League 1","AS Slimane","JS Kairouanaise","1 - 0","2 - 0",59,"2 - 0"
"Italy Serie D","Atletico Porto Santelpidio",Vastogirardi,"2 - 1","3 - 3",53,"2 - 2"
"Qatar U23 League","Al-Ahli Doha U23","Al-Khor SC U23","1 - 2","1 - 4",51,"1 - 2"
"Switzerland Super League","St Gallen",Servette,"1 - 0","1 - 0",61,"1 - 0"
"Switzerland Super League","FC Thun",Lugano,"2 - 1","3 - 2",56,"3 - 1"
"Switzerland Super League","Neuchatel Xamax",Lucerne,"0 - 1","0 - 1",64,"0 - 1"
"Finland Cup","Tampere United","HJS Akatemia","2 - 0","2 - 3",63,"2 - 3"
"Spain Segunda B Group 3","Barcelona B","Villarreal B","2 - 3","2 - 3",60,"2 - 3"
"Costa Rica Primera Division",Cartagines,"AD San Carlos","2 - 2","3 - 2",63,"3 - 2"
"Romania Liga I","Viitorul Constanta","CS U Craiova","1 - 1","1 - 2",59,"1 - 1"
"Bolivia Apertura",Guabira,Bolivar,"2 - 0","2 - 1",65,"2 - 1"
"Brazil Campeonato Gaucho","CE Aimore",Gremio,"0 - 0","2 - 1",65,"1 - 0"
"Brazil Campeonato Carioca",Fluminense,Botafogo,"3 - 0","3 - 0",58,"3 - 0"
"Peru Primera Division",Cienciano,"CD Universidad San Martin","1 - 0","4 - 0",53,"1 - 0"
"Argentina Torneo Regional Amateur","Bella Vista BB","CA Colegiales Tres Arroyos","2 - 2","5 - 3",55,"4 - 2"
"Peru Primera Division","Deportivo Llacuabamba","Academia Deportiva Cantolao","2 - 1","3 - 1",59,"2 - 1"
"Brazil Copa Nordeste","River AC","America RN","1 - 2","2 - 3",52,"2 - 3"
"Bolivia Apertura","Real Potosi","San Jose","0 - 1","2 - 1",63,"1 - 1"
"Nepal Division 1","Armed Police Force","Friends FC","2 - 0","5 - 2",64,"2 - 0"
"India Mumbai Elite League","Bank of India","Century Rayon FC","0 - 3","1 - 4",47,"0 - 3"
"Egypt Division 2","Al Nasr Cairo","Suez Montakhab","3 - 1","3 - 1",58,"3 - 1"
"AFC Champions League","Al Wahda Abu Dhabi","Al Ahli Jeddah","0 - 0","1 - 1",60,"0 - 1"
"Europe Friendlies","Mladost Lucani","Sloboda Uzice","0 - 1","4 - 1",58,"1 - 1"
"Chile Primera Division",O'Higgins,"Santiago Wanderers","1 - 1","2 - 1",64,"1 - 1"
"Paraguay Division Profesional","Club General Diaz","Sportivo Luqueno","1 - 2","1 - 3",49,"1 - 2"
"Mexico Liga MX Femenil","Atletico San Luis Women","Monarcas Morelia Women","1 - 2","1 - 3",53,"1 - 3"
"Myanmar U21 League","Chin United U21","Ispe FC U21","0 - 2","1 - 11",60,"0 - 4"
"Europe Friendlies","FC Ufa","Ararat Armenia","0 - 1","1 - 2",64,"1 - 1"
"Ethiopia Premier League","Hadiya Hossana","Wolaita Dicha","0 - 1","0 - 1",62,"0 - 1"
"Saudi Arabia Division 1","Al Shoalah","Ohod Madinah","0 - 1","2 - 3",60,"1 - 2"
"UEFA Youth League","Derby U19","Borussia Dortmund U19","0 - 0","3 - 1",62,"2 - 1"
"Europe Friendlies","NK Osijek II","ASK Bravo Publikum","2 - 3","3 - 4",62,"2 - 3"
"Europe Friendlies","MFK Vitkovice","FK Blansko","1 - 2","2 - 2",56,"2 - 2"
"Mauritania Division 1",JAHE,"Nouakchott Kings","1 - 3","2 - 3",62,"2 - 3"
"Europe Friendlies","FC Stadlau",Langenrohr,"2 - 1","2 - 4",63,"2 - 2"
"Nepal Division 1","Himalayan Sherpa Club","Jawalakhel Youth Club","3 - 1","3 - 3",55,"3 - 1"
"Myanmar U21 League","Mawyawadi FC U21","Rakhine United U21","0 - 5","1 - 10",62,"1 - 8"
"Europe Friendlies",Trinec,"Dukla Banska Bystrica","1 - 2","4 - 2",58,"3 - 2"
"Club Friendly List","GKS Jastrzebie","GKS Belchatow","1 - 3","4 - 4",65,"1 - 4"
"Uganda Cup",URA,"Nyamityobora FC","6 - 2","8 - 3",47,"6 - 2"
"Uganda Cup","Express FC",Maroons,"1 - 2","3 - 3",51,"2 - 2"
"AFC Cup",Bengaluru,"Paro FC","4 - 1","9 - 1",60,"5 - 1"
"India Super League","FC Goa","Mumbai City FC","3 - 1","5 - 2",58,"3 - 2"
"Qatar League 2","Al Mesaimeer SC","Al Shamal SC","1 - 2","3 - 3",51,"2 - 2"
"Guatemala Reserve League","Santa Lucia FC Reserves","Guastatoya Reserves","2 - 1","3 - 1",59,"3 - 1"
"Hungary Cup","Bekescsabai Elore SE","Puskas Academy","0 - 2","0 - 3",63,"0 - 2"
"Copa do Brasil","Bragantino PA",Ceara,"0 - 1","1 - 2",58,"0 - 1"
"Iceland U19 Cup","Vikingur Reykjavik U19","Fylkir/Ellidi U19","1 - 2","1 - 2",58,"1 - 2"
"Bolivia Apertura","Always Ready","Real Potosi","4 - 0","4 - 1",60,"4 - 0"
"Northern Ireland Reserve League","Linfield Reserves","Glentoran Reserves","1 - 1","3 - 2",64,"1 - 1"
"England Northern League Challenge Cup","Worksop Town","Matlock Town","1 - 2","1 - 2",61,"1 - 2"
"Brazil Campeonato Capixaba",Serra,Linhares,"2 - 0","3 - 0",57,"2 - 0"
"Copa Sudamericana","Llaneros De Guanare","Liverpool Montevideo","0 - 2","0 - 2",54,"0 - 2"
"Copa do Brasil","AE Altos","Vasco da Gama","1 - 1","1 - 1",59,"1 - 1"
"Nepal Division 1","Nepal Police Club","Friends FC","0 - 0","3 - 0",50,"1 - 0"
"Australia Friendlies","St George Saints","Stanmore Hawks","1 - 2","4 - 3",49,"1 - 3"
"Nepal Division 1","Saraswoti Youth Club","Sankata FC","0 - 3","2 - 6",52,"0 - 3"
"Europe Friendlies","Pogon Grodzisk Mazowiecki","Stomil Olsztyn","1 - 2","1 - 3",64,"1 - 2"
"Bangladesh Premier League","Sheikh Russel KC","Brothers Union","1 - 0","1 - 1",64,"1 - 1"
"Saudi Arabia Premier League","Al Ittifaq Dammam","Al Hazm","0 - 1","2 - 3",58,"1 - 2"
"Turkey Cup",Sivasspor,Antalyaspor,"1 - 0","1 - 1",57,"1 - 1"
"Gambia Division 2","Young Africans","PSV Wellingara","1 - 0","1 - 1",63,"1 - 1"
"Netherlands Cup","Go Ahead Eagles","FC Utrecht","0 - 2","1 - 4",51,"1 - 2"
"Algeria Cup","ES Setif","CS Constantine","0 - 1","2 - 1",59,"1 - 1"
"Myanmar U21 League","Kachin United FC U21","Sagaing United FC U21","1 - 1","2 - 5",53,"1 - 2"
"Australia Friendlies",Sorrento,"Inglewood United","1 - 1","1 - 2",62,"1 - 1"
"Iran Pro League","Shahin Bushehr","Machine Sazi Tabriz","2 - 0","3 - 1",60,"2 - 0"
"UAE Division 1","Dibba Al Fujairah",Masafi,"0 - 0","4 - 1",65,"0 - 1"
"UAE Division 1","Emirates Club RAK","Al Arabi Umm Al Quwain","1 - 0","4 - 3",63,"1 - 1"
"UAE Premier League","Al Ittihad Kalba","Al Ain SCC","1 - 2","1 - 4",52,"1 - 2"
"Saudi Arabia Premier League","Al Shabab Riyadh","Al-Nassr Riyadh","1 - 1","2 - 4",52,"1 - 1"
"Belgium First Division B","KFCO Beerschot Wilrijk","OH Leuven","0 - 0","2 - 1",53,"1 - 0"
"Republic of Ireland Leinster Senior League","Cherry Orchard","Malahide Utd","0 - 3","0 - 6",48,"0 - 3"
"Peru Primera Division",Cienciano,"Deportivo Llacuabamba","3 - 1","5 - 2",58,"3 - 1"
"Ecuador Campeonato Nacional","Deportivo Cuenca","LDU Quito","1 - 1","1 - 2",57,"1 - 1"
"Australia Victoria U20 League","Oakleigh Cannons U20","Avondale U20","2 - 1","3 - 1",61,"2 - 1"
"Iran U23 League","Caspian Kosar U23","Raad Sorkh U23","0 - 3","0 - 4",61,"0 - 4"
"Europe Friendlies",Trinec,"Banik Ostrava B","1 - 3","1 - 4",54,"1 - 3"
"Australia A-League","Western Sydney Wanderers","Newcastle Jets","1 - 0","1 - 1",58,"1 - 0"
"Myanmar National League","Chin United","Ayeyawady Utd","0 - 1","0 - 1",59,"0 - 1"
"Italy Campionato Primavera 2","Virtus Entella U19","Cittadella U19","0 - 1","2 - 2",62,"2 - 1"
"Turkey 3.Lig Group 2",Ofspor,Kocaelispor,"1 - 1","1 - 3",60,"1 - 2"
"Algeria Youth League","NA Hussein Dey U21","USM Bel Abbes U21","0 - 1","0 - 1",44,"0 - 1"
"Germany Bundesliga U19","Dynamo Dresden U19","Cottbus U19","1 - 1","2 - 3",57,"1 - 2"
"Turkey 1 Lig",Hatayspor,"Akhisar Belediye","1 - 3","2 - 3",63,"1 - 3"
"Netherlands Youth Eredivisie","Almere City FC U19","Willem II U19","1 - 1","2 - 3",47,"1 - 1"
"Spain Youth League","Pena Barcelonista U19","CD Santa Fe U19","0 - 2","0 - 2",64,"0 - 2"
"Serbia Super Liga","FK Indjija","FK Backa Topola","0 - 0","1 - 1",64,"1 - 1"
"Spain Youth League","Acodetti CF U19","CF Juventud Laguna U19","0 - 0","3 - 1",59,"0 - 1"
"Romania Liga I","FC Academica Clinceni","Gaz Metan Medias","1 - 2","2 - 3",63,"1 - 3"
"Slovakia Super Liga","AS Trencin","MFK Zemplin Michalovce","2 - 1","8 - 1",53,"3 - 1"
"Macedonia First League","Vardar Skopje","Makedonija Gj. P","1 - 0","3 - 1",59,"3 - 0"
"Europe Friendlies","Orebro SK",Degerfors,"1 - 1","1 - 1",63,"1 - 1"
"Cyprus Division 2","Aris Limassol","Anagennisi FC Deryneia","2 - 2","4 - 2",53,"3 - 2"
"Germany Bundesliga U19","Kickers Offenbach U19","Karlsruher U19","2 - 0","3 - 2",64,"2 - 2"
"Slovakia Super Liga","FK Sered","MFK Ruzomberok","0 - 1","2 - 2",61,"1 - 1"
"UAE Division 1","Al Taawon",Masfut,"1 - 0","1 - 4",56,"1 - 1"
"Cameroon Elite Two","Yafoot FC","Renaissance Ngoumou","1 - 1","2 - 1",59,"2 - 1"
"Europe Friendlies","Vandra JK Vaprus","Parnu JK","0 - 1","3 - 1",58,"0 - 1"
"Serbia Super Liga","FK Napredak","Javor Ivanjica","0 - 0","1 - 1",63,"0 - 1"
"England National League South","Hampton & Richmond",Weymouth,"2 - 0","2 - 3",65,"2 - 1"
"England Championship",Charlton,Blackburn,"0 - 2","0 - 2",60,"0 - 2"
"France Ligue 1",Amiens,PSG,"3 - 1","4 - 4",65,"3 - 2"
"Netherlands Eredivisie","ADO Den Haag",PSV,"0 - 1","0 - 3",54,"0 - 1"
"Brazil Campeonato Maranhense",Maranhao,"Sao Jose MA","0 - 0","1 - 2",62,"1 - 0"
"Peru Primera Division","FC Carlos Stein","Universitario de Deportes","1 - 1","1 - 3",60,"1 - 2"
"Antigua & Barbuda Premier Division","Ottos Rangers FC",Liberta,"2 - 0","2 - 1",47,"2 - 0"
"Argentina Torneo Regional Amateur","Defensores Potrero Funes","Club Sarmiento Juventud Unida","2 - 2","3 - 3",59,"3 - 2"
"Guatemala Reserve League","Deportivo Iztapa Reserves","Santa Lucia FC Reserves","3 - 0","5 - 1",52,"3 - 0"
"World Club Friendlies","Deportes Valdivia","Deportes Temuco","0 - 0","1 - 0",60,"1 - 0"
"World Club Friendlies","Club Deportes Santa Cruz","Colchagua CD","2 - 0","4 - 0",55,"3 - 0"
"Panama LPF","San Francisco FC","CD Universitario","0 - 1","0 - 2",63,"0 - 1"
"Club Friendly List","FK Velka Maca","MSK Kralova Pri Senci","4 - 2","5 - 5",49,"4 - 2"
"Australia Friendlies","Fremantle City FC","Morley Windmills","3 - 0","8 - 0",64,"5 - 0"
"Myanmar League 2","Silver Stars","University FC","1 - 1","3 - 3",50,"1 - 1"
"Finland U20 League","PK-35 Vantaa U20","IF Gnistan U20","1 - 4","2 - 6",49,"1 - 4"
"Turkey 2 Lig Kirmizi","Sivas Belediyespor","Ankara Demirspor","2 - 2","4 - 3",64,"2 - 2"
"Iran Div 1","Baderan Tehran","Qashqai Shiraz","3 - 0","4 - 3",51,"3 - 1"
"Portugal Segunda Liga","Casa Pia","FC Porto B","0 - 2","1 - 3",58,"1 - 2"
"Netherlands Eredivisie",Vitesse,Heerenveen,"2 - 2","4 - 2",51,"2 - 2"
"Iceland U19 Cup","Afturelding/Hvíti/Álafoss U19","KR/KV U19","3 - 1","3 - 2",61,"3 - 1"
"Bulgaria B PFG","Ludogorets Razgrad II","Lokomotiv 1929 Sofia","0 - 1","2 - 1",61,"2 - 1"
"Finland U20 League","FC Inter U20","SJK U20","1 - 1","3 - 3",50,"1 - 1"
"Denmark Superligaen","Silkeborg IF",AaB,"0 - 0","0 - 3",60,"0 - 2"
"Austria Bundesliga","SK Sturm Graz","SV Mattersburg","0 - 2","1 - 2",61,"0 - 2"
"Cameroon Elite One","Fovu de Baham","Feutcheu FC","2 - 0","2 - 0",60,"2 - 0"
"Italy Serie C Group A",Monza,"Juventus U23","1 - 0","1 - 2",50,"1 - 0"
"Switzerland Super League",Servette,"FC Zurich","1 - 0","4 - 1",57,"1 - 0"
"Cameroon Elite One","Tonnerre Yaounde","Canon de Yaounde","0 - 1","1 - 2",50,"0 - 1"
"Chile Primera Division",Cobresal,"Everton de Vina","1 - 1","1 - 1",61,"1 - 1"
"Ghana Premier League","Ebusua Dwarfs","Karela United FC","0 - 1","2 - 1",44,"0 - 1"
"Spain Segunda B Group 2","Real Sociedad B",Barakaldo,"2 - 1","2 - 4",58,"2 - 2"
"Mauritania Division 2","ASC Riadh","Etoile Nouakchott","0 - 1","1 - 2",63,"1 - 1"
"Brazil Campeonato Catarinense","Concordia AC",Tubarao,"2 - 0","4 - 1",60,"3 - 1"
"Argentina Torneo A",Sansinena,"Atletico Camioneros","0 - 0","1 - 1",63,"1 - 1"
"Uruguay Apertura","CA River Plate","Atletico Fenix Montevideo","1 - 2","2 - 2",56,"2 - 2"
"World Club Friendlies","New England Revolution","Minnesota United","1 - 2","2 - 2",55,"1 - 2"
"Saint Kitts & Nevis Premier League","Newtown United FC","St. Peters FC","0 - 3","0 - 6",54,"0 - 4"
"Antigua & Barbuda Premier Division","Parham FC","Jennings Grenades","1 - 0","3 - 2",52,"2 - 0"
"Bolivia Apertura",Blooming,Bolivar,"1 - 1","2 - 1",54,"1 - 1"
"Guatemala Liga Nacional",Malacateco,"Deportivo Sanarate FC","0 - 1","0 - 3",59,"0 - 2"
"Australia NPL Queensland","Moreton Bay United","Sunshine Coast Wanderers","3 - 1","4 - 2",47,"3 - 1"
"Russia FNL Cup","Kamaz Nab Chelny","FK Yenisey","1 - 1","2 - 2",62,"2 - 1"
"Palestine Gaza Strip Premier League","Gaza Sporting Club","Al-Hilal Gaza","0 - 0","1 - 0",60,"1 - 0"
"Netherlands Reserve League","RKC Reserves","FC Groningen Reserves","2 - 1","2 - 4",58,"2 - 2"
"Youth Tournament","Madagascar U20","Djibouti U20","4 - 2","4 - 3",63,"4 - 2"
"Mauritania Division 1","Trarza AC","Kaedi FC","0 - 1","0 - 1",48,"0 - 1"
"Peru Reserve League","UTC Cajamarca Reserves","Cusco FC Reserves","0 - 0","1 - 1",65,"1 - 0"
"Senegal Ligue 2","Demba Diop","Africa Promo Foot","1 - 0","2 - 0",63,"2 - 0"
"Netherlands Reserve League","FC Den Bosch Reserves","FC Eindhoven Reserves","1 - 1","4 - 1",60,"2 - 1"
"Belgium Reserve League","Zulte Waregem Reserves","KV Kortrijk Reserves","1 - 1","3 - 2",57,"2 - 1"
"Belgium Reserve League","Roeselare Reserves","Eupen Reserves","0 - 3","0 - 5",65,"0 - 5"
"England U23 Development League","Reading U23","Middlesbrough U23","0 - 0","0 - 1",63,"0 - 1"
"England U23 Development League","Colchester U23","Coventry U23","2 - 2","4 - 4",61,"2 - 3"
"Belgium Reserve League","KV Mechelen Reserves","Anderlecht Reserves","1 - 2","1 - 4",55,"1 - 2"
"Netherlands Eerste Divisie","Ajax Reserves",NAC,"2 - 1","2 - 4",59,"2 - 1"
"Paraguay Division Profesional","River Plate Asuncion","Sportivo San Lorenzo","2 - 1","4 - 2",63,"2 - 1"
"Venezuela Primera Division","CD Lara","Academia Puerto Cabello","3 - 1","3 - 1",65,"3 - 1"
"Jamaica Premier League",Cavalier,"Tivoli Gardens","0 - 0","1 - 1",64,"1 - 0"
"Mexico Liga MX Femenil","Tigres UANL Women","Pachuca Women","2 - 1","3 - 1",64,"3 - 1"
"Cambodia Cup","Banteay Meanchey","Kampong Chhnang","1 - 0","1 - 1",64,"1 - 0"
"Russia FNL Cup","Krylia Sovetov II",Tomsk,"3 - 2","3 - 3",58,"3 - 2"
"Algeria Youth League","ASM Oran U21","WA Tlemcen U21","1 - 2","2 - 3",58,"2 - 2"
"Algeria Youth League","USM Annaba U21","MC El Eulma U21","1 - 2","1 - 2",56,"1 - 2"
"Cameroon Elite Two","Racing de Bafoussam","Stade FC de Bertoua","2 - 0","2 - 0",55,"2 - 0"
"Wales Championship South","Cambrian & Clydach","Afan Lido FC","3 - 1","4 - 1",41,"3 - 1"
"England National League South","Oxford City",Dorking,"1 - 1","2 - 1",51,"1 - 1"
"Cambodia Cup","Preah Sihanouk",Kep,"0 - 1","0 - 2",60,"0 - 1"
"Club Friendly List","FK Gorodeya","FK Riteriai","0 - 1","1 - 1",62,"1 - 1"
"Turkey 2 Lig Beyaz","1922 Konyaspor","Manisa FK","3 - 3","3 - 3",63,"3 - 3"
"Turkey 3.Lig Group 1",Manisaspor,"Cankaya FK","0 - 4","0 - 4",54,"0 - 4"
"Cameroon Elite One","Canon de Yaounde","Dragon Club Yaounde","3 - 2","4 - 2",46,"3 - 2"
"Uganda Premier League","Express FC","Tooro United","2 - 0","2 - 1",52,"2 - 0"
"Uganda Premier League","Kyetume FC","Mbarara City","2 - 2","4 - 3",55,"2 - 2"
"Hungary NB I","Kaposvari Rakoczi","Zalaegerszegi TE","0 - 5","0 - 6",48,"0 - 5"
"Belarus Reserve League","FK Ruh Brest Reserves","Dinamo Brest Reserves","2 - 0","4 - 0",63,"4 - 0"
"South Korea K League 1","Gwangju FC","Ulsan Hyundai","1 - 1","1 - 1",59,"1 - 1"
"Belarus Division 2",Ivatsevichi,"FK Kronon Stolbtsy","1 - 0","1 - 1",65,"1 - 1"
"Belarus Division 1","Volna Pinsk","FK Lokomotiv Gomel","0 - 0","2 - 3",65,"1 - 3"
"Estonia II Liiga","JK Piraaja Tallinn","Harju JK Laagri","2 - 1","2 - 2",61,"2 - 1"
"Estonia II Liiga","Viimsi JK II","Parnu JK Vaprus II","1 - 0","5 - 1",65,"3 - 1"
"Estonia Meistriliiga","JK Viljandi Tulevik","JK Nomme Kalju","0 - 3","0 - 6",64,"0 - 5"
"Poland Ekstraklasa","Wisla Plock","Korona Kielce","1 - 2","1 - 4",65,"1 - 2"
"Ukraine Vyscha Liga","Vorskla Poltava","FK Lviv","1 - 0","1 - 1",65,"1 - 0"
"Montenegro Third League","FK Hajduk Bar","FK Obilic Herceg Novi","0 - 1","2 - 3",61,"1 - 1"
"Belarus Amateur League","FC Gemchugniy","Young Boys Baranovichi","1 - 0","1 - 0",9,"1 - 0"
"Estonia Esiliiga B","Laanemaa Haapsalu","JK Tabasalu","0 - 1","1 - 4",61,"0 - 2"
"Faroe Islands Premier League","B36 Torshavn","HB Torshavn","1 - 1","2 - 4",62,"2 - 2"
"Israel Leumit Liga","Beitar Tel Aviv Bat Yam","Hapoel Bnei Lod","0 - 0","3 - 0",63,"1 - 0"
"Faroe Islands Premier League","AB Argir","KÍ Klaksvík","0 - 3","0 - 6",48,"0 - 3"
"Club Friendly List",EuPa,P-Iirot,"0 - 1","0 - 1",49,"0 - 1"
"Club Friendly List","Union Plaani",Nopsa,"0 - 3","2 - 5",51,"0 - 3"
"Turkmenistan First League","Olimp fc","Binagar FC","2 - 4","3 - 7",58,"2 - 6"
"Europe Friendlies","FK Bohumin","SSK Bilovec","2 - 1","4 - 1",65,"3 - 1"
"Serbia Cup","FK Radnik Surdulica","Partizan Belgrade","1 - 2","1 - 2",50,"1 - 2"
"Montenegro Prva Liga","FK Iskra Danilovgrad","FK Kom Podgorica","2 - 0","2 - 0",63,"2 - 0"
"Estonia Esiliiga","Levadia Tallinn II","JK Nomme United","1 - 2","1 - 4",63,"1 - 2"
"Vietnam U19 Championship","Da Nang U19","QNK Quang Nam FC U19","2 - 0","3 - 1",62,"2 - 0"
"Europe Friendlies","Slavia Prague B","Bohemians 1905 B","2 - 0","5 - 0",52,"3 - 0"
"Europe Friendlies",Hlucin,"FC Odra Petrkovice","0 - 3","0 - 4",64,"0 - 4"
"Estonia II Liiga","Maardu Linnameeskond II","Tartu JK Welco II","0 - 1","1 - 2",63,"0 - 1"
"Belarus Cup","SMI Autotrans","FC Slonim","1 - 2","2 - 5",61,"1 - 4"
"Belarus Cup",Energetik-Bgatu,"FC Ostrovets","1 - 1","2 - 6",60,"1 - 4"
"Germany Bundesliga I","Bayer Leverkusen","Bayern Munich","1 - 3","2 - 4",62,"1 - 3"
"Belarus Cup","BGU Minsk","FK Gomel","0 - 2","0 - 5",50,"0 - 2"
"Serbia Super Liga","Spartak Subotica","Partizan Belgrade","1 - 2","3 - 2",63,"2 - 2"
"Poland Ekstraklasa","Zaglebie Lubin","Lech Poznan","3 - 1","3 - 3",56,"3 - 1"
"Austria 2. Liga","Austria Klagenfurt","SV Kapfenberg","0 - 1","3 - 2",57,"0 - 1"
"Estonia Meistriliiga","JK Viljandi Tulevik","FC Kuressaare","1 - 0","5 - 0",60,"2 - 0"
"Europe Friendlies",Breidablik,"HK Kopavogur","1 - 1","3 - 1",65,"2 - 1"
"Czech Republic First League",Opava,Slovacko,"1 - 0","1 - 1",62,"1 - 0"
"Serbia Super Liga","Radnicki Nis","Rad Belgrade","2 - 2","4 - 3",56,"3 - 3"
"Faroe Islands Premier League","IF Fuglafjordur","AB Argir","2 - 2","4 - 2",62,"2 - 2"
"Albania Championship",Laci,"Vllaznia Shkoder","2 - 0","5 - 2",64,"2 - 1"
"Serbia Prva Liga",Smederevo,"FK Zarkovo","3 - 1","3 - 3",61,"3 - 2"
"Montenegro Druga Liga","FK Drezga","Arsenal Tivat","2 - 0","3 - 1",52,"3 - 0"
"Faroe Islands Premier League","Vikingur Gota","B36 Torshavn","2 - 1","4 - 2",64,"4 - 2"
"Iceland U19 League","IR/Lettir U19","IBV/KFS/Sindri U19","1 - 1","2 - 2",59,"2 - 2"
"Ukraine Vyscha Liga",Dnipro-1,"FK Lviv","1 - 1","2 - 1",60,"1 - 1"
"Hungary NB I","Zalaegerszegi TE","Puskas Academy","0 - 0","2 - 0",50,"1 - 0"
"Montenegro Prva Liga","OFK Petrovac","FK Iskra Danilovgrad","3 - 1","4 - 1",63,"3 - 1"
"Montenegro Third League","FK Komovi","FK Polimlje Murino","0 - 2","2 - 4",64,"2 - 3"
"Estonia Esiliiga","JK Tammeka Tartu II","FC Flora Tallinn II","0 - 0","0 - 2",55,"0 - 1"
"Estonia Esiliiga B","Laanemaa Haapsalu","Paide Linnameeskond II","1 - 1","2 - 3",65,"2 - 1"
"Costa Rica Segunda","AD Juventud Escazucena","Sporting San Jose","0 - 1","2 - 1",63,"0 - 1"
"Vietnam U19 Championship","Phu Yen U19","Cong An Nhan Dan U19","0 - 3","1 - 7",60,"0 - 5"
"Czech Republic 2. Liga","Banik Sokolov","FK Usti nad Labem","1 - 1","3 - 1",54,"1 - 1"
"Europe Friendlies","Slavia Prague B","Viktoria Plzen B","3 - 1","5 - 2",58,"4 - 2"
"Denmark Division 1","HB Køge","FC Fredericia","1 - 1","2 - 2",60,"1 - 2"
"Europe Friendlies","MFK Vyskov","FK Blansko","1 - 2","1 - 2",49,"1 - 2"
"Estonia II Liiga","JK Sillamae Kalev","Maardu Linnameeskond II","1 - 0","5 - 0",51,"2 - 0"
"Austria 2. Liga","SKU Amstetten","FC Wacker Innsbruck","2 - 0","2 - 3",63,"2 - 0"
"Europe Friendlies","FK MAS Taborsko","FC Pisek","0 - 1","3 - 1",59,"0 - 1"
"Czech Republic 2. Liga","MFK Chrudim","Vysocina Jihlava","3 - 2","4 - 3",60,"4 - 3"
"Faroe Islands Div 1","FC Hoyvik","NSI Runavik II","3 - 2","4 - 4",57,"3 - 3"
"Europe Friendlies","Slavia Prague U19","Dukla Praha U19","4 - 0","6 - 0",53,"5 - 0"
"Belarus Reserve League","Torpedo Zhodino Reserves","Dinamo Brest Reserves","2 - 0","2 - 2",56,"2 - 1"
"Lithuania 1 Lyga","FK Riteriai II",Nevezis,"1 - 0","3 - 2",64,"2 - 1"
"Lithuania 1 Lyga","FK Jonava","Hegelmann Litauen","1 - 0","1 - 1",65,"1 - 0"
"Palestine West Bank League","Hilal Al Quds","Markaz Balata","1 - 2","1 - 4",60,"1 - 2"
"Palestine West Bank League","Shabab Alsamu","Taraji Wadi Al-Nes","3 - 0","3 - 0",60,"3 - 0"
"Slovenia Prva Liga","NK Rudar Velenje","ASK Bravo Publikum","0 - 3","1 - 3",52,"0 - 3"
"Europe Friendlies","Valašské Mezirící","SK Hranice","2 - 1","2 - 2",59,"2 - 1"
"Europe Friendlies","Bohemians 1905 B","FK MAS Taborsko","0 - 1","2 - 1",60,"0 - 1"
"Belarus Division 1","FK Krumkachy Minsk","Volna Pinsk","2 - 2","2 - 3",45,"2 - 2"
"Belarus Reserve League","FK Ruh Brest Reserves","FC Vitebsk Reserves","3 - 1","5 - 4",53,"3 - 1"
"Belarus Division 2","FC Zhlobin",Energetik-Bgatu,"1 - 0","2 - 1",59,"1 - 1"
"Turkey Super Lig","Istanbul Basaksehir",Alanyaspor,"0 - 0","2 - 0",64,"1 - 0"
"Hungary NB I","Debreceni VSC","Puskas Academy","1 - 1","2 - 2",62,"1 - 2"
"Faroe Islands Premier League","KÍ Klaksvík","Vikingur Gota","2 - 1","4 - 1",61,"3 - 1"
"Coppa Italia",Napoli,"Inter Milan","1 - 1","1 - 1",65,"1 - 1"
"Sweden Elitettan","Jitex BK Women","Morön BK Women","2 - 0","3 - 4",63,"3 - 2"
"Estonia II Liiga","Parnu JK Poseidon","Saue JK Laagri","0 - 2","1 - 6",63,"1 - 2"
"Finland U20 League","FC Jazz U20","FC Haka U20","1 - 2","1 - 6",60,"1 - 3"
"Poland I Liga","GKS Tychy 71","Stal Mielec","1 - 1","2 - 4",48,"1 - 0"
"Serbia Super Liga","FK Backa Topola","Red Star Belgrade","2 - 0","2 - 1",59,"2 - 0"
"Estonia II Liiga","Harju JK Laagri","FC Kuressaare II","2 - 0","4 - 2",59,"3 - 1"
"Estonia Esiliiga B","Keila JK","Viimsi JK","0 - 1","1 - 2",59,"0 - 2"
"Poland Ekstraklasa","Slask Wroclaw","LKS Lodz","3 - 0","4 - 0",63,"3 - 0"
"Montenegro Druga Liga","FK Mornar Bar","Arsenal Tivat","2 - 0","2 - 1",47,"2 - 0"
"Ukraine Vyscha Liga","PFC Oleksandria","Desna Chernihiv","0 - 2","1 - 5",57,"1 - 3"
"Armenia Premier League","FC Noah","Ararat Armenia","1 - 1","1 - 1",55,"1 - 1"
"Latvia Virsliga","BFC Daugavpils","FK Liepaja","0 - 2","0 - 2",61,"0 - 2"
"Israel Leumit Liga","Hapoel Umm al-Fahm","Hapoel Petah Tikva","2 - 2","2 - 3",56,"2 - 2"
"Finland Kakkonen Group B",Atlantis,"FC Espoo","3 - 1","4 - 2",47,"3 - 0"
"Estonia II Liiga","FC Kose","Paide Linnameeskond III","0 - 4","1 - 9",65,"0 - 8"
"Croatia 1.HNL","Hajduk Split","NK Varazdin","0 - 3","2 - 3",55,"1 - 3"
"Sweden Superettan","GIF Sundsvall","Umea FC","2 - 1","3 - 1",51,"2 - 1"
"Palestine West Bank League","Palestinian Forces","Shabab Al Am'ari","0 - 2","0 - 6",57,"0 - 2"
"Montenegro Prva Liga","FK Iskra Danilovgrad","FK Grbalj Radanovici","1 - 0","2 - 1",48,"1 - 0"
"Czech Republic 2. Liga","MFK Vitkovice","FK Usti nad Labem","2 - 1","3 - 1",55,"2 - 1"
"Finland Kakkonen Group B",GrIFK,"HJS Akatemia","2 - 2","2 - 3",63,"2 - 2"
"Sweden 1.div Norra","IFK Berga","IFK Haninge","2 - 4","3 - 4",49,"2 - 4"
"Iceland 2 Deild",Kari,Selfoss,"1 - 2","3 - 4",57,"2 - 2"
"Finland Kolmonen",HPS,"FC Finnkurd","1 - 0","2 - 2",63,"1 - 1"
"Germany Bundesliga II","Jahn Regensburg","Karlsruher SC","1 - 0","2 - 1",61,"1 - 0"
"Hungary NB I","Diosgyori VTK","Puskas Academy","1 - 1","1 - 2",58,"1 - 2"
"Croatia 1.HNL","Dinamo Zagreb","Slaven Belupo","2 - 1","3 - 2",51,"2 - 2"
"Sweden 1.div Norra","Karlslunds IF HFK","IK Frej","0 - 3","1 - 4",62,"0 - 4"
"Faroe Islands Premier League","HB Torshavn","KÍ Klaksvík","1 - 2","3 - 3",49,"1 - 2"
"Germany Bundesliga I",Augsburg,"TSG Hoffenheim","0 - 0","1 - 3",63,"0 - 2"
"Estonia Esiliiga B","Paide Linnameeskond II","Rakvere JK Tarvas","4 - 1","8 - 1",62,"5 - 1"
"Turkey Cup",Alanyaspor,Antalyaspor,"2 - 0","4 - 0",54,"4 - 0"
"Belarus Reserve League","Isloch Reserves","Torpedo Zhodino Reserves","0 - 1","2 - 1",45,"0 - 1"
"Australia Darwin Premier League","University Azzurri FC","Casuarina FC","0 - 1","2 - 1",64,"1 - 1"
"Ukraine Vyscha Liga",Dnipro-1,"Kolos Kovalivka","0 - 1","0 - 2",58,"0 - 2"
"Netherlands Eerste Divisie",NEC,"Helmond Sport","1 - 1","2 - 2",47,"2 - 1"
"Australia South Australia State League 1","West Adelaide","Western Strikers","0 - 1","2 - 1",57,"0 - 1"
"Solomon Islands S League","Southern United Honiara","Kossa FC","3 - 0","4 - 1",57,"4 - 0"
"Australia Brisbane Premier Reserve League","Caboolture FC Reserves","The Gap Reserves","1 - 0","3 - 1",65,"2 - 0"
"Australia Brisbane Premier Reserve League","Bayside United Reserves","Acacia Ridge Reserves","1 - 1","1 - 2",57,"1 - 1"
"Australia NPL Queensland U20","Moreton Bay United U20","Brisbane City U20","2 - 2","2 - 3",39,"2 - 2"
"Thailand Cup","Khonkaen Mordindang FC","Prachuap FC","0 - 3","0 - 7",59,"0 - 4"
"Australia Brisbane Capital League 1","Ipswich City","AC Carina","0 - 1","0 - 3",64,"0 - 2"
"Croatia U19 League","NK Inter-Zapresic U19","NK Rudes U19","0 - 0","1 - 4",62,"1 - 1"
"Australia Brisbane Capital League 1","Western Spirit","Samford Rangers","0 - 2","1 - 4",50,"0 - 2"
"Croatia U19 League","NK Sesvete U19","NK Varazdin U19","1 - 1","7 - 2",59,"1 - 2"
"Romania Liga II","CS Pandurii Lignitul Targu Jiu","Dunarea Calarasi","0 - 1","1 - 2",64,"0 - 1"
"Australia Queensland Premier League","Western Pride FC","Logan Lightning","0 - 2","0 - 7",62,"0 - 5"
"Singapore Premier League","Balestier Khalsa FC","Lion City Sailors FC","0 - 5","1 - 7",57,"0 - 6"
"Thailand Cup","Raj Pracha","Police Tero FC","0 - 1","1 - 4",45,"0 - 1"
"Estonia Esiliiga","JK Tammeka Tartu II","FC Elva","0 - 1","1 - 3",57,"0 - 1"
"Poland II Liga","Olimpia Elblag","Olimpia Grudziadz","1 - 1","3 - 1",53,"1 - 1"
"Sweden Superettan","IK Brage","Västerås SK FK","0 - 3","0 - 3",64,"0 - 3"
"Ukraine Vyscha Liga","Olimpik Donetsk","FC Mariupol","1 - 2","3 - 3",65,"1 - 2"
"Poland III Liga","ROW Rybnik","Sleza Wroclaw","0 - 0","1 - 1",58,"1 - 1"
"England FA Cup","Tonbridge Angels",Bradford,"0 - 3","0 - 7",62,"0 - 4"
"Sweden Div 2 Qualification","IK Oddevold","Västra Frölunda IF","1 - 1","3 - 3",56,"2 - 2"
"Netherlands Eerste Divisie","De Graafschap","FC Volendam","2 - 2","2 - 5",56,"2 - 3"
"Russia Division 2","FK Forte Taganrog","FC Biolog-Novokubansk","0 - 1","1 - 1",63,"1 - 1"
"Hungary NB I",Paksi,"Puskas Academy","3 - 1","6 - 2",60,"5 - 1"
"Germany Bundesliga I",Mainz,Schalke,"2 - 1","2 - 2",50,"2 - 2"
"Portugal Segunda Liga","FC Porto B","CD Mafra","1 - 1","1 - 2",63,"1 - 2"
"England Championship",Blackburn,QPR,"0 - 0","3 - 1",64,"1 - 1"
"Belgium First Division A","KV Kortrijk","KFCO Beerschot Wilrijk","2 - 1","5 - 5",57,"3 - 3"
"Slovakia Super Liga","FC Vion Zlate Moravce","AS Trencin","2 - 0","5 - 0",60,"3 - 0"
"England FA Cup",Brackley,"Bishop's Stortford","2 - 0","3 - 3",63,"2 - 0"
"Mexico Segunda Division","Universidad Guadalajara II","U.A. Zacatecas","1 - 1","2 - 2",65,"1 - 1"
"Brazil Paulista Serie B","CA Mogi Das CF","Uniao Mogi","0 - 3","0 - 9",52,"0 - 5"
"Brazil U20 League","Nautico Capibaribe U20","Retro FC Brasil U20","0 - 1","2 - 1",57,"1 - 1"
"Dominican Republic Liga","Cibao FC","Atletico Vega Real","0 - 1","2 - 1",47,"0 - 1"
"Brazil Serie D","Afogados da Ingazeira FC","America RN","0 - 2","0 - 4",52,"0 - 2"
"El Salvador Apertura","Santa Tecla","Atletico Marte","2 - 0","2 - 1",62,"2 - 0"
"Fiji National League","Lautoka FC","Rewa FC","3 - 1","3 - 5",59,"3 - 2"
"Thailand Cup","Kalasin FC",Chonburi,"0 - 3","0 - 7",59,"0 - 5"
"Australia FQPL Queensland U20 League","Wynnum Wolves U20","Holland Park Hawks U20","2 - 1","4 - 1",65,"4 - 1"
"Thailand Cup","Prachinburi City","Ratchaburi FC","1 - 2","1 - 3",62,"1 - 2"
"Thailand Cup","Marines Eureka FC","Suphanburi FC","1 - 4","1 - 4",54,"1 - 4"
"Russia Division 2","FK Kaluga","Metallurg Lipetsk","2 - 0","2 - 1",56,"2 - 0"
"Norway PostNord Cup",Notodden,"Vålerenga 2","1 - 3","3 - 5",64,"2 - 4"
"Netherlands Eerste Divisie","FC Utrecht Reserves","Roda JC","1 - 0","2 - 0",62,"1 - 0"
"Peru Primera Division","Cesar Vallejo","Alianza Lima","2 - 1","4 - 1",58,"3 - 1"
"Argentina Superliga Cup","CA Talleres de Córdoba",Lanus,"0 - 1","1 - 1",56,"0 - 1"
"Australia Brisbane Premier Reserve League","Centenary Stormers Reserves","St George Willawong Reserves","1 - 1","2 - 3",64,"1 - 3"
"Estonia U19 League","JK Tabasalu U19","Tallinna JK Legion U19","3 - 2","5 - 3",59,"4 - 2"
"England EFL Trophy","Port Vale","Liverpool U21","2 - 2","4 - 2",64,"4 - 2"
"England National League North","Blyth Spartans","Farsley Celtic","0 - 1","1 - 1",64,"0 - 1"
"Scotland League Cup",Forfar,Brora,"1 - 1","3 - 3",59,"1 - 2"
"Mexico Liga de Expansion","Pumas Tabasco","Tepatitlan FC","1 - 0","2 - 2",59,"2 - 0"
"Thailand Premier League","Buriram United","Rayong FC","2 - 1","5 - 1",58,"2 - 1"
"England U23 Development League","Bristol City U23","Sheff Wed U23","1 - 1","1 - 2",65,"1 - 1"
"Denmark Cup",AB,AaB,"1 - 2","1 - 2",64,"1 - 2"
"Brazil Paulista Cup","Botafogo SP B","Rio Preto","3 - 1","6 - 1",62,"4 - 1"
"Brazil Campeonato Pernambucano A2",Cabense,"Ferroviario do Cabo","0 - 1","2 - 2",49,"0 - 2"
"Bolivia Nacional B","Real Monteagudo",Fancesa,"1 - 2","1 - 2",58,"1 - 2"
"Brazil Campeonato Matogrossense","CEOV Operario","CE Dom Bosco","0 - 0","0 - 1",59,"0 - 1"
"Peru Segunda","Comerciantes Unidos","Santos FC","1 - 0","3 - 2",63,"3 - 0"
"Singapore Premier League","Hougang United FC","Young Lions","1 - 1","4 - 1",65,"2 - 1"
"Palestine Division 1","Alarabi Beit Safafa","Shabab Alobaideya","1 - 2","1 - 2",57,"1 - 2"
"Brazil Campeonato de Aspirantes","Vila Nova U23","Corinthians U23","1 - 0","3 - 1",61,"2 - 0"
"Bhutan Premier League","Paro United","High Quality United","2 - 1","3 - 2",56,"2 - 2"
"Romania Liga III","Dacia Unirea Braila","Avantul Valea Marului","0 - 0","4 - 0",58,"2 - 0"
"Japan J3-League","FC Imabari",YSCC,"2 - 1","3 - 1",65,"3 - 1"
"Japan J-League","Consadole Sapporo","Sagan Tosu","0 - 0","1 - 1",64,"1 - 1"
"Australia Queensland Premier League","Southside Eagles","Ipswich Knights","2 - 1","3 - 4",47,"2 - 2"
"Australia NPL Queensland","Peninsula Power","Lions FC","0 - 0","3 - 0",64,"1 - 0"
"Romania Liga II","ACS Viitorul Pandurii Targu Jiu","CS Pandurii Lignitul Targu Jiu","3 - 1","4 - 3",65,"3 - 2"
"Bhutan Premier League","Tensung FC","Thimphu City","0 - 5","2 - 6",46,"0 - 5"
"Australia Brisbane Premier League","Caboolture FC","Brisbane Knights","0 - 3","2 - 5",58,"0 - 3"
"Serbia U19 League","Mladost Lucani U19","Red Star Belgrade U19","0 - 2","0 - 2",51,"0 - 2"
"Poland I Liga","Widzew Lodz","CWKS Resovia Rzeszów","0 - 0","2 - 0",65,"1 - 0"
"Romania Liga III","CS Gilortul Targu Carbunesti","Gaz Metan II Medias","0 - 0","2 - 1",60,"1 - 0"
"Romania Liga III","Unirea Dej","CS Sanatatea Cluj","2 - 1","3 - 3",58,"3 - 2"
"Sweden 1.div Södra","Assyriska Turabdin IK","Eskilsminne IF","3 - 2","4 - 2",56,"3 - 2"
"Denmark 2. Division Group 2",Skovshoved,Hillerød,"1 - 1","1 - 2",60,"1 - 1"
"Europe Friendlies","FK Metalac GM","Javor Ivanjica","2 - 3","3 - 4",61,"3 - 3"
"England National League North",Darlington,"AFC Telford","1 - 1","1 - 2",64,"1 - 2"
"England League 2",Bradford,Exeter,"2 - 2","2 - 2",49,"2 - 2"
"Spain Segunda",Almeria,Mirandes,"2 - 1","2 - 1",51,"2 - 1"
"Bosnia & Herzegovina Cup","Velez Mostar","Siroki Brijeg","0 - 1","0 - 1",59,"0 - 1"
"Ecuador Campeonato Nacional","Guayaquil City","Mushuc Runa","2 - 1","3 - 2",65,"3 - 2"
"Brazil Paulista Cup","Guarani SP B","Nacional SP","1 - 1","2 - 2",56,"1 - 1"
"Peru Primera Division","Universitario de Deportes","CD Universidad San Martin","1 - 1","2 - 3",56,"1 - 2"
"Brazil Serie A",Goias,"Athletico Paranaense","0 - 1","0 - 1",61,"0 - 1"
"Ecuador Primera B","Fuerza Amarilla SC","America de Quito","1 - 1","1 - 1",58,"1 - 1"
"Honduras Liga Nacional","CD Real De Minas","CD Marathon","1 - 0","2 - 0",63,"1 - 0"
"Chile Primera Division","Union Espanola","Union La Calera","3 - 0","3 - 2",58,"3 - 1"
"Brazil Serie A",Flamengo,"Atletico Goianiense","1 - 0","1 - 1",64,"1 - 1"
"Ecuador Campeonato Nacional","LDU Quito","SD Aucas","2 - 1","4 - 1",60,"3 - 1"
"Australia Brisbane Premier Reserve League","Acacia Ridge Reserves","North Star Reserves","1 - 1","1 - 2",51,"1 - 1"
"Australia Brisbane Premier League","The Gap","Bayside United","1 - 3","1 - 4",65,"1 - 4"
"Thailand Division 3","Yasothon FC","Surin Sugar KCM","2 - 0","3 - 0",60,"2 - 0"
"Turkey 3.Lig Group 1","Kemerspor 2003",Payasspor,"0 - 1","2 - 2",58,"2 - 2"
"Portugal Campeonato Nacional","Vidago FC","SC Vianense","1 - 0","1 - 3",65,"1 - 0"
"Spain Youth League","Marina Sport U19","Sporting Gijon U19","1 - 0","1 - 0",65,"1 - 0"
"Croatia 3.HNL","NK Bistra","NK Dugo Selo","1 - 1","3 - 1",52,"2 - 1"
"Bolivia Regional Cup","Sport Boys Warnes","Club Esperanza","2 - 2","2 - 3",48,"2 - 2"
"Italy Serie C Group A",Pistoiese,Olbia,"1 - 1","1 - 2",54,"1 - 2"
"UEFA Nations League",Turkey,Russia,"2 - 1","3 - 2",55,"3 - 1"
"Bolivia Regional Cup","Atletico Huracan",Canarios,"2 - 2","4 - 2",63,"3 - 2"
"Mexico Liga MX Femenil","Toluca Women","Leon Women","1 - 2","1 - 3",51,"1 - 2"
"Netherlands Eerste Divisie","Cambuur Leeuwarden","Almere City FC","4 - 1","7 - 2",49,"5 - 1"
"Bolivia Nacional B",Fancesa,"Independiente Petrolero","1 - 2","4 - 3",55,"1 - 2"
"Chile Primera Division","Universidad de Chile","Santiago Wanderers","1 - 0","3 - 0",55,"2 - 0"
"Peru Primera Division","Atletico Grau","FC Carlos Stein","0 - 0","3 - 1",65,"2 - 1"
"Bhutan Premier League","Transport United FC","Paro United","3 - 1","3 - 2",56,"3 - 1"
"Palestine Division 1",Silwan,"Markaz Askar","0 - 0","3 - 0",64,"1 - 0"
"Estonia U19 League","Tallinna JK Legion U19","JK Nomme United U19","4 - 1","6 - 2",62,"4 - 1"
"European U21 Championship Qual","Bosnia-Herzegovina U21","Belgium U21","2 - 1","3 - 2",65,"2 - 1"
"UEFA Nations League",Croatia,Portugal,"1 - 0","2 - 3",64,"1 - 2"
"UEFA Nations League",Montenegro,Cyprus,"3 - 0","4 - 0",61,"4 - 0"
"Saint Kitts & Nevis Premier League","Trafalgar Southstars","Newtown United FC","2 - 1","2 - 2",51,"2 - 1"
"USA UPSL","Weatherford FC","FC Bagos","3 - 0","7 - 2",58,"3 - 1"
"Thailand Division 3","WU Nakhon Si Utd","Nara United","2 - 1","3 - 2",64,"3 - 1"
"Romania Liga III","CS U Craiova II","CS Sporting Rosiori","0 - 1","0 - 2",62,"0 - 2"
"Syria Division 2","Shorta Hama",Morek,"2 - 0","2 - 2",49,"2 - 0"
"Croatia 3.HNL",Bjelovar,"NK Papuk Orahovica","0 - 1","0 - 2",63,"0 - 1"
"Italy Serie D","ASD Flaminia Civita Castellana","Tiferno Lerchi","1 - 1","1 - 3",64,"1 - 2"
"Brazil Campeonato Pernambucano A2",Timbauba,"CA Porto","1 - 0","1 - 2",63,"1 - 0"
"Chile Primera Division",Cobresal,"La Serena","1 - 1","1 - 2",61,"1 - 2"
"Bolivia Nacional B",Fancesa,"Real Monteagudo","3 - 0","7 - 0",53,"4 - 0"
"Israel Cup","Ironi Tiberias","Hapoel Kaukab","1 - 0","4 - 1",61,"3 - 0"
"Kuwait League",Yarmouk,"Al Kuwait SC","1 - 2","1 - 3",56,"1 - 2"
"Israel Leumit Liga","Hapoel Iksal Imad","Hapoel Raanana","0 - 2","3 - 3",60,"2 - 3"
"Bahrain Cup","Al-Ittihad Bahrain","Bahrain SC","0 - 3","0 - 3",59,"0 - 3"
"Qatar U23 League","Al-Kharitiyath SC U23","Al-Sadd SC U23","1 - 1","1 - 2",63,"1 - 1"
"Brazil Serie B","EC Juventude",Parana,"3 - 0","5 - 0",63,"5 - 0"
"Uruguay Segunda","Albion FC",Tacuarembo,"1 - 1","2 - 1",51,"1 - 1"
"Saint Kitts & Nevis Premier League","Mantab United","Newtown United FC","2 - 2","2 - 3",52,"2 - 2"
"New Zealand Football Championship","Waitakere United","Wellington Phoenix Reserves","1 - 1","1 - 4",58,"1 - 2"
"Solomon Islands S League","Laugu United","FC Isabel United","1 - 1","2 - 2",53,"1 - 1"
"Japan Football League","Sony Sendai","Honda Lock","1 - 2","1 - 4",59,"1 - 4"
"Hong Kong Premier League","Eastern Long Lions","Resources Capital FC","2 - 0","5 - 0",52,"3 - 0"
"Thailand Division 3","Marines Eureka FC","Banbueng FC","1 - 0","1 - 0",57,"1 - 0"
"Belarus Reserve League","FK Ruh Brest Reserves","Shakhter Soligorsk Reserves","2 - 0","2 - 2",63,"2 - 0"
"Belarus Reserve League","FK Gorodeya Reserves","Dinamo Brest Reserves","0 - 2","0 - 4",58,"0 - 3"
"Denmark Division 1","Silkeborg IF","FC Helsingor","2 - 1","3 - 3",59,"2 - 1"
"Malta Premier League","Gzira Utd","Sliema Wanderers","1 - 0","3 - 2",59,"2 - 0"
"Rwanda Play-Offs","Rutsiro FC","Gorilla FC","0 - 2","1 - 2",60,"0 - 2"
"England Championship",Stoke,Huddersfield,"3 - 2","4 - 3",65,"4 - 3"
"England League 1",Portsmouth,Crewe,"2 - 0","4 - 1",65,"4 - 0"
"Peru Primera Division","FC Carlos Stein","Deportivo Binacional","1 - 0","1 - 3",62,"1 - 3"
"UAE Premier League","Shabab Al Ahli Dubai","Al Jazira SC","1 - 3","3 - 5",63,"2 - 4"
"Czech Republic First League",Opava,"Slavia Prague","0 - 1","0 - 6",58,"0 - 3"
"USA MLS Play-Offs","Orlando City SC","New York City FC","1 - 1","1 - 1",65,"1 - 1"
"Brazil Campeonato Carioca B2","Campo Grande AC","AA Carapebus","1 - 2","1 - 3",37,"1 - 1"
"Switzerland Super League","Young Boys",Basel,"1 - 1","2 - 1",59,"1 - 1"
"USA UPSL","Foro 360 Pro","FC Bagos","3 - 0","7 - 0",64,"5 - 0"
"USA UPSL","Nashville Knights FC","Arkansas Wolves FC","1 - 1","3 - 2",49,"1 - 1"
"Serbia U19 League","Mladost Lucani U19","FK Cukaricki U19","1 - 0","3 - 1",55,"2 - 0"
"Belarus Premier League","FK Gorodeya","Dinamo Brest","0 - 0","1 - 4",54,"1 - 1"
"Poland II Liga","Blekitni Stargard","Znicz Pruszków","0 - 2","2 - 3",59,"0 - 2"
"Germany Bundesliga II",Hamburg,Bochum,"0 - 1","1 - 3",64,"0 - 1"
"England Premier League 2","Man City U23","Chelsea U23","2 - 0","2 - 2",61,"2 - 1"
"Estonia Meistriliiga","FC Levadia Tallinn","Paide Linnameeskond","1 - 2","2 - 2",54,"1 - 2"
"Liberia First Division",Freeport,"NPA Anchors","0 - 1","0 - 1",59,"0 - 1"
"Sweden Superettan","Västerås SK FK","Orgryte IS","0 - 2","0 - 3",59,"0 - 2"
"Venezuela Segunda Division","Atletico El Vigia","Urena FC","0 - 2","0 - 2",47,"0 - 2"
"Guatemala Liga Nacional",Malacateco,Guastatoya,"2 - 0","2 - 0",55,"2 - 0"
"Guatemala Primera Division",Mictlán,"Deportivo Carcha","1 - 0","1 - 0",63,"1 - 0"
"Venezuela Primera Division","Metropolitanos FC","Deportivo Tachira","0 - 1","0 - 3",62,"0 - 2"
"Israel Cup","Hapoel Bnei Arrara Ara","Bnei Majdal Krum United","0 - 1","1 - 1",64,"1 - 1"
"Netherlands Eerste Divisie","AZ Reserves",NEC,"0 - 2","0 - 3",53,"0 - 2"
"Netherlands Eerste Divisie","Ajax Reserves","FC Volendam","1 - 1","1 - 1",60,"1 - 1"
"Venezuela Primera Division",Caracas,"Gran Valencia","2 - 0","6 - 2",57,"2 - 0"
"Venezuela Primera Division","Portuguesa FC",Aragua,"0 - 1","1 - 2",64,"0 - 2"
"Slovakia 2. Liga","FK Poprad","FK Zeleziarne Podbrezova","0 - 2","0 - 4",48,"0 - 2"
"Syria Division 1","Ommal Hama","Al Nerab","0 - 1","0 - 1",60,"0 - 1"
"Venezuela Segunda Division","Real Frontera","Urena FC","1 - 1","2 - 3",63,"1 - 2"
"Saudi Arabia Division 1","Al Khaleej Saihat","Al Draih","0 - 1","0 - 1",61,"0 - 1"
"Venezuela Segunda Division","CD Hermanos Colmenares","Atletico El Vigia","2 - 0","2 - 1",55,"2 - 1"
"England National League South",Dorking,"Oxford City","0 - 1","3 - 2",58,"2 - 1"
"England National League South","Tonbridge Angels","Braintree Town","0 - 0","0 - 2",64,"0 - 1"
"Serbia Prva Liga","Borac Cacak","FK Zemun","1 - 0","1 - 0",52,"1 - 0"
"Croatia 2.HNL","NK Opatija","Inter Zapresic","1 - 1","3 - 2",61,"1 - 2"
"Italy Serie C Group B",Mantova,Arezzo,"0 - 0","2 - 0",64,"2 - 0"
"Spain Youth League","Torre Levante U19","Valencia U19","1 - 0","1 - 0",60,"1 - 0"
"Estonia Esiliiga","Maardu Linnameeskond","JK Tammeka Tartu II","1 - 0","2 - 2",50,"1 - 0"
"Brazil Paulista Cup","Ferroviaria SP","Comercial FC","1 - 1","1 - 1",65,"1 - 1"
"El Salvador Reserves League","Jocoro FC Reserves","CD FAS Reserves","1 - 0","2 - 2",65,"1 - 2"
"Bolivia Nacional B","Satelite Norte","FC Libertad","1 - 1","1 - 1",64,"1 - 1"
"Bolivia Nacional B",Fancesa,"Real Tomayapo","1 - 1","3 - 1",56,"1 - 1"
"Fiji Cup","Labasa FC","BA FC","1 - 0","3 - 1",54,"2 - 1"
"Latvia Virsliga","FK Liepaja","Tukums 2000","2 - 0","5 - 0",57,"3 - 0"
"Qatar Stars League","Al-Sailiya SC","Al-Wakrah SC","0 - 0","1 - 3",65,"0 - 2"
"UAE Premier League","Shabab Al Ahli Dubai","Ajman SCC","2 - 0","5 - 1",56,"2 - 1"
"Vietnam U21 Championship","Vinh Long U21","Long An U21","0 - 0","1 - 1",62,"1 - 0"
"CAF African Youth Championship","Guinea U20","Gambia U20","0 - 1","1 - 2",48,"0 - 1"
"Poland II Liga","Znicz Pruszków","Skra Czestochowa","0 - 2","0 - 5",47,"0 - 3"
"Venezuela Primera Division","Portuguesa FC","Metropolitanos FC","0 - 3","0 - 3",65,"0 - 3"
"Venezuela Primera Division","Gran Valencia",Aragua,"0 - 1","0 - 2",64,"0 - 2"
"Belarus Premier League","Dinamo Brest","Neman Grodno","1 - 1","3 - 1",63,"1 - 1"
"Belarus Premier League","FC Vitebsk","Torpedo Zhodino","1 - 1","2 - 3",62,"1 - 2"
"Denmark U19 League","Midtjylland U19","AaB U19","1 - 1","3 - 3",63,"1 - 1"
"Croatia 2.HNL","HNK Cibalia","NK Hrvatski Dragovoljac","2 - 0","6 - 0",56,"3 - 0"
"Denmark Division 1",Skive,"FC Fredericia","0 - 1","0 - 4",61,"0 - 2"
"Sweden 1.div Södra","Lunds BK","Lindome GIF","0 - 1","2 - 1",61,"2 - 1"
"Sweden 1.div Södra","Eskilsminne IF","Torns IF","1 - 0","1 - 1",63,"1 - 0"
"Netherlands Eerste Divisie","Roda JC",Excelsior,"1 - 1","3 - 1",58,"2 - 1"
"Italy Serie B",Pisa,Cittadella,"0 - 2","1 - 4",63,"0 - 3"
"Germany Bundesliga I","VfB Stuttgart","Bayern Munich","1 - 2","1 - 3",62,"1 - 2"
"Norway Eliteserien","Viking FK","IK Start","1 - 0","4 - 1",63,"2 - 0"
"Jordan League","Al-Hussein SC","Al Faisaly Amman","1 - 2","1 - 2",45,"1 - 2"
"Italy Serie A",Benevento,Juventus,"1 - 1","1 - 1",53,"1 - 1"
"Argentina Copa de la Liga Profesional","Rosario Central","River Plate","0 - 1","0 - 2",52,"0 - 1"
"Taiwan Premier League","Taipei City Tatung","Tainan City","1 - 1","3 - 1",64,"2 - 1"
"Kenya Premier League","Nairobi City Stars","Nzoia Sugar","2 - 0","2 - 0",63,"2 - 0"
"Russia Division 1",Veles,"Shinnik Yaroslavl","1 - 1","4 - 2",54,"2 - 1"
"Estonia Play-Offs","JK Tabasalu","Parnu JK","1 - 2","1 - 3",54,"1 - 2"
"Portugal Segunda Liga",Estoril,Vizela,"1 - 0","2 - 2",62,"2 - 1"
"Slovenia Prva Liga","Aluminij Kidricevo","ND Gorica","1 - 1","2 - 1",61,"1 - 1"
"Belgium First Division B",Lommel,"RWD Molenbeek","1 - 0","4 - 0",60,"2 - 0"
"Denmark Superligaen",Sonderjyske,"FC Copenhagen","0 - 2","1 - 3",65,"0 - 2"
"Belgium First Division A","KV Kortrijk","KV Oostende","1 - 1","3 - 1",63,"2 - 1"
"AFC Champions League","Chiangrai Utd","Melbourne Victory","0 - 2","2 - 2",60,"1 - 2"
"AFC Champions League","Shanghai Shenhua","Perth Glory","0 - 1","3 - 3",65,"1 - 2"
"Netherlands Eerste Divisie","FC Utrecht Reserves",Telstar,"1 - 1","1 - 2",65,"1 - 1"
"Brazil Campeonato de Aspirantes","Gremio U23","Ceara U23","1 - 0","3 - 2",58,"1 - 0"
"Jordan Division 1","Ethad Al-Ramtha",Al-Baqa'a,"0 - 2","1 - 2",61,"0 - 2"
"Mauritania Division 1","ASC Snim","ACS Ksar","0 - 0","0 - 1",54,"0 - 1"
"UAE Premier League","Baniyas SC","Al Ain SCC","3 - 0","4 - 1",51,"3 - 0"
"Singapore Premier League","Lion City Sailors FC","Tampines Rovers FC","1 - 0","1 - 1",63,"1 - 1"
"Croatia 2.HNL","Dinamo Zagreb II","NK Medimurje Cakovec","2 - 0","5 - 2",50,"3 - 0"
"Peru Segunda","Alianza Atletico","Santos FC","1 - 0","2 - 1",54,"1 - 1"
"Poland I Liga","Arka Gdynia","Korona Kielce","1 - 0","1 - 0",59,"1 - 0"
"Bolivia Apertura","Royal Pari FC","Atletico Palmaflor Vinto","2 - 0","3 - 1",64,"2 - 0"
"Chile Primera Division","Union Espanola","Universidad de Concepcion","1 - 0","1 - 1",57,"1 - 1"
"Australia South Australia State League 1","South Adelaide","White City","1 - 0","1 - 3",60,"1 - 1"
"Syria Division 1","Al Karamah","Al Sahel Tartous","1 - 0","1 - 0",51,"1 - 0"
"Kuwait League",Yarmouk,"Al Qadsia SC","1 - 1","3 - 3",63,"1 - 2"
"Turkey 1 Lig",Bursaspor,Umraniyespor,"0 - 1","1 - 3",63,"0 - 2"
"Austria 2. Liga","FC Juniors OO","Austria Klagenfurt","2 - 1","2 - 1",64,"2 - 1"
"Japan J-League","Shimizu S-Pulse","Kawasaki Frontale","2 - 1","2 - 2",55,"2 - 1"
"Russia Division 1","Krylia Sovetov","FK Yenisey","3 - 0","4 - 0",48,"3 - 0"
"Slovakia Super Liga","FC Nitra","FK Senica","0 - 1","1 - 1",47,"0 - 1"
"Netherlands Eerste Divisie","AZ Reserves","Top Oss","0 - 1","0 - 1",50,"0 - 1"
"Qatar U23 League","Al Duhail U23","Al-Arabi Doha U23","0 - 1","1 - 1",51,"0 - 1"
"Belarus Cup","BATE Borisov","Dinamo Brest","2 - 1","4 - 2",45,"2 - 1"
"Hungary NB I","Diosgyori VTK","Ferencvarosi TC","1 - 2","1 - 3",61,"1 - 2"
"Guatemala Liga Nacional",Malacateco,"CS Deportivo Sacachispas","1 - 0","2 - 0",54,"1 - 0"
"France Ligue 2",Auxerre,Niort,"2 - 0","6 - 0",60,"3 - 0"
"South Africa Premier","Maritzburg Utd","Mamelodi Sundowns","0 - 1","1 - 1",49,"0 - 1"
"Switzerland Super League",Basel,Servette,"0 - 0","1 - 0",55,"2 - 0"
"Uruguay Torneo Intermedio","Club Atletico Progreso","Liverpool Montevideo","0 - 1","1 - 2",59,"0 - 2"
"Brazil Serie B","Sampaio Correa",CRB,"2 - 0","3 - 0",58,"3 - 0"
"South Africa Reserve League","Mamelodi Sundowns Reserves","Kaizer Chiefs Reserves","1 - 2","2 - 4",50,"1 - 2"
"Tunisia League 1","Esperance de Tunis","AS Slimane","1 - 0","2 - 2",63,"1 - 1"
"Belgium First Division A","KFCO Beerschot Wilrijk",Eupen,"0 - 1","0 - 1",61,"0 - 1"
"Belgium First Division B",Westerlo,Lommel,"1 - 0","2 - 1",60,"1 - 1"
"Portugal Segunda Liga","FC Porto B",Academica,"0 - 2","1 - 2",56,"1 - 2"
"Poland II Liga","Olimpia Grudziadz","KKS Kalisz","0 - 1","0 - 1",54,"0 - 1"
"Guatemala Liga Nacional","Santa Lucia FC","CSD Municipal","0 - 0","0 - 2",64,"0 - 1"
"Uzbekistan Cup","Oktepa Tashkent","Navbahor Namangan","0 - 1","0 - 2",61,"0 - 2"
"Croatia Cup","HNK Gorica","NK Lokomotiva Zagreb","1 - 0","3 - 1",49,"1 - 0"
"Argentina Regional Cup","Instituto de Parana","CA Social San Benito","0 - 1","1 - 3",51,"0 - 2"
"Spain Youth League","Racing Ferrol U19","Celta Vigo U19","0 - 1","0 - 3",64,"0 - 1"
"Saudi Arabia Division 1","Al Hazm","Al Adalh","0 - 1","1 - 4",58,"0 - 2"
"Chile Primera Division",Cobresal,"Universidad de Concepcion","1 - 0","3 - 1",58,"1 - 1"
"Wales Premier League","Cefn Druids",Caernarfon,"0 - 2","1 - 2",57,"0 - 2"
"Japan J3-League",YSCC,"Kagoshima United","0 - 0","0 - 1",61,"0 - 1"
"Russia Youth Championship","Zenit St Petersburg U19","FC Ufa U19","1 - 0","4 - 0",58,"3 - 0"
"Hungary U19 1st Division","Nyiregyhaza Spartacus U19","Budapest Honved U19","0 - 1","0 - 5",61,"0 - 3"
"Palestine Division 1","Shabab Alobaideya","Hillal Areeha","3 - 0","3 - 0",60,"3 - 0"
"Zambia Super League","Prison Leopards FC","Lusaka Dynamos","2 - 0","4 - 2",56,"2 - 0"
"Europe Friendlies","Flota Swinoujscie","Pogon Szczecin II","1 - 1","1 - 2",59,"1 - 1"
"Switzerland Super League","FC Zurich","St Gallen","1 - 2","1 - 2",64,"1 - 2"
"Argentina Torneo A","Juventud Unida G.","Union Sunchales","0 - 1","2 - 2",50,"0 - 1"
"Peru Primera Division","Sporting Cristal","Ayacucho FC","2 - 0","2 - 1",54,"2 - 0"
"Bolivia Apertura",Blooming,"Jorge Wilstermann","2 - 0","2 - 1",63,"2 - 0"
"AFC Champions League","Ulsan Hyundai","Beijing Guoan","2 - 0","2 - 0",58,"2 - 0"
"Chile Primera B","Santiago Morning","Puerto Montt","0 - 0","1 - 2",57,"1 - 0"
"Georgia Erovnuli Liga","Lokomotiv Tbilisi","Dila Gori","0 - 1","1 - 2",61,"1 - 2"
"Bulgaria First League","Botev Vratsa","Slavia Sofia","0 - 1","1 - 2",65,"1 - 2"
"Chile Primera Division","Everton de Vina","Curico Unido","1 - 0","3 - 1",64,"2 - 0"
"Australia South Australia Premier League","Adelaide Comets","Campbelltown City","0 - 2","1 - 3",65,"0 - 3"
"Israel Liga Bet North","Ironi Nesher","MS Tirat HaCarmel","0 - 0","1 - 1",60,"0 - 1"
"Croatia 2.HNL","NK Sesvete","Inter Zapresic","0 - 1","2 - 1",61,"2 - 1"
"Tanzania Premier League","Mtibwa Sugar","KMC FC","1 - 0","1 - 0",56,"1 - 0"
"Russia Premier League","FK Khimki","Arsenal Tula","1 - 0","1 - 0",60,"1 - 0"
"Peru Segunda","Pirata FC","Santos FC","1 - 0","1 - 1",54,"1 - 0"
"Netherlands Eerste Divisie","FC Utrecht Reserves",Excelsior,"2 - 0","3 - 2",65,"3 - 0"
"Argentina Primera B Metropolitana","CA San Telmo",Fenix,"2 - 1","2 - 1",57,"2 - 1"
"Venezuela Primera Division",Caracas,"Portuguesa FC","1 - 0","2 - 0",58,"1 - 0"
"Bolivia Apertura","Royal Pari FC","Nacional Potosi","2 - 0","4 - 1",55,"2 - 0"
"Venezuela Primera Division","Gran Valencia","Deportivo Tachira","0 - 2","0 - 3",58,"0 - 2"
"Israel Youth League","Ironi Modiin U19","Hapoel Ashkelon U19","1 - 0","3 - 2",52,"1 - 1"
"Denmark Division 1","Silkeborg IF","FC Fredericia","1 - 0","2 - 0",63,"1 - 0"
"Poland II Liga","Motor Lublin","MKP Pogon Siedlce","1 - 0","3 - 3",59,"2 - 0"
"Spain Youth League","Dos Hermanas U19","Almeria U19","0 - 0","0 - 2",56,"0 - 1"
"Germany Regionalliga West","Alemannia Aachen","Bonner SC","0 - 0","3 - 1",60,"1 - 0"
"Uganda Premier League",URA,"SC Villa","1 - 1","2 - 1",61,"1 - 1"
"Croatia 1.HNL","HNK Gorica","NK Osijek","1 - 0","4 - 1",63,"2 - 1"
"Czech Republic First League","FK Teplice","Sigma Olomouc","0 - 1","1 - 1",57,"1 - 1"
"England League 1","Bristol Rovers",Plymouth,"2 - 0","3 - 0",58,"2 - 0"
"Egypt Division 1","Pyramids FC","Al Ittihad Al Sakandary","1 - 1","1 - 2",58,"1 - 1"
"Austria Bundesliga","SV Ried","SCR Altach","1 - 1","1 - 4",64,"1 - 1"
"Czech Republic First League","FK Jablonec","Viktoria Plzen","0 - 2","3 - 2",61,"1 - 2"
"France Ligue 2",Chateauroux,Toulouse,"0 - 1","0 - 3",61,"0 - 1"
"Bolivia Nacional B",Fancesa,"CD Torre Fuerte","1 - 1","4 - 2",48,"1 - 1"
"Venezuela Primera Division","Estudiantes Merida","Academia Puerto Cabello","1 - 1","1 - 2",53,"1 - 1"
"Japan J2-League","Omiya Ardija","Renofa Yamaguchi","2 - 0","3 - 1",63,"3 - 0"
"Italy Serie A",Cagliari,"Inter Milan","1 - 0","1 - 3",54,"1 - 0"
"Slovakia Super Liga","Spartak Trnava","Slovan Bratislava","0 - 2","0 - 3",61,"0 - 2"
"Slovenia Prva Liga","NS Mura","NK Domzale","1 - 0","1 - 1",62,"1 - 0"
"Croatia 1.HNL","HNK Rijeka","Dinamo Zagreb","2 - 1","2 - 2",64,"2 - 1"
"Brazil Serie D","AE Altos","Rio Branco AC","1 - 1","3 - 1",62,"1 - 1"
"Argentina Torneo A","Sportivo Las Parejas","CA Guemes","0 - 2","2 - 4",57,"0 - 3"
"Ethiopia Premier League","Bahir Dar Kenema FC","Sidama Bunna","2 - 0","3 - 1",54,"3 - 0"
"Croatia 2.HNL","Dinamo Zagreb II","NK Croatia Zmijavci","1 - 0","1 - 2",61,"1 - 1"
"Malta Premier League",Valletta,"Zejtun Corinthians","0 - 0","2 - 1",60,"1 - 1"
"England Premier League 2","Everton U23","West Ham U23","2 - 1","2 - 1",60,"2 - 1"
"Malta Premier League","St Lucia","Senglea Athletic","0 - 1","4 - 1",63,"2 - 1"
"Portugal Cup","Olimpico Montijo",Braga,"0 - 2","0 - 7",54,"0 - 2"
"Uganda Premier League","Uganda Police FC","Busoga United FC","2 - 0","3 - 0",52,"2 - 0"
"Chile Primera B",Magallanes,"Deportes Valdivia","0 - 0","1 - 1",62,"1 - 1"
"Portugal Campeonato Nacional","Real Sport Clube Queluz","Belenenses B","1 - 1","2 - 1",57,"1 - 1"
"Belgium First Division A","Cercle Brugge",Charleroi,"2 - 0","3 - 4",63,"2 - 1"
"Spain Copa del Rey","Ciudad Lucena",Sevilla,"0 - 3","0 - 3",64,"0 - 3"
"Brazil Serie B",Cruzeiro,CSA,"0 - 1","1 - 1",61,"1 - 1"
"Israel Liga Alef South","FC Ironi Or Yehuda","Hapoel Azor","2 - 0","3 - 2",61,"3 - 0"
"UAE Premier League","Al Nasr SC","Al Ain SCC","0 - 1","1 - 2",58,"0 - 2"
"Netherlands Eerste Divisie",NAC,"FC Volendam","0 - 0","3 - 0",56,"1 - 0"
"Switzerland Challenge League","Stade Lausanne-Ouchy","Neuchatel Xamax","0 - 0","1 - 0",64,"1 - 0"
"Brazil Copa Nordeste U20","Sport Recife U20","Fortaleza U20","1 - 1","1 - 1",65,"1 - 1"
"Romania Liga I","CS U Craiova",FCSB,"0 - 1","0 - 2",61,"0 - 2"
"Japan J-League","Sagan Tosu",Oita,"0 - 1","2 - 2",64,"1 - 1"
"Algeria Youth League","CR Belouizdad U21","NA Hussein Dey U21","2 - 0","2 - 0",64,"2 - 0"
"Algeria Youth League","AS Ain M'lila U21","JSM Skikda U21","0 - 1","1 - 2",63,"1 - 2"
"Thailand Division 2","Royal Thai Navy","Nong Bua Pitchaya","0 - 1","0 - 1",65,"0 - 1"
"Italy Serie C Group B",Cesena,Sambenedettese,"1 - 0","2 - 1",64,"1 - 0"
"Denmark Division 1","FC Fredericia","HB Køge","0 - 1","1 - 1",60,"0 - 1"
"Italy Serie C Group B",Ravenna,Imolese,"2 - 0","3 - 2",52,"3 - 0"
"India Super League","FC Goa","Chennaiyin FC","1 - 1","1 - 2",51,"1 - 1"
"Germany Bundesliga I",Augsburg,"Eintracht Frankfurt","0 - 0","0 - 2",54,"0 - 1"
"England Championship",Wycombe,QPR,"0 - 1","1 - 1",61,"0 - 1"
"England FA Trophy",Darlington,"AFC Telford","1 - 1","2 - 2",51,"1 - 1"
"Jordan League","Al Sareeh","Al Faisaly Amman","1 - 1","1 - 1",51,"1 - 1"
"Argentina Regional Cup","Centro Don Bosco","Camioneros Entre Ríos","2 - 1","2 - 1",55,"2 - 1"
"Spain Youth League","Espanyol U19","Barcelona U19","1 - 0","2 - 1",65,"2 - 0"
"Peru Segunda","Union Huaral","Juan Aurich","1 - 1","2 - 2",63,"1 - 1"
"Ethiopia Premier League","Jimma Aba Jifar","Fasil Kenema","0 - 2","1 - 4",61,"0 - 2"
"Israel Liga Bet South","Roei Heshbon Tel Aviv","Hapoel Qalansawe","1 - 0","1 - 1",61,"1 - 0"
"Bolivia Apertura",Blooming,Guabira,"1 - 1","1 - 2",54,"1 - 1"
"Israel Youth League","SC Haifa Robi Shapira U19","Hapoel Akko U19","1 - 1","1 - 2",63,"1 - 2"
"Israel Youth League","AS Ramat Elyahu U19","Sektzia Nes Tziona U19","0 - 3","1 - 5",48,"0 - 3"
"Thailand Premier League","Bangkok United","Muang Thong United","0 - 0","2 - 2",61,"1 - 1"
"Mauritania Division 1","AS Garde Nationale","Nouakchott Kings","0 - 1","1 - 2",64,"0 - 2"
"England Premier League","Aston Villa","Crystal Palace","1 - 0","3 - 0",49,"1 - 0"
"England League 2",Oldham,"Harrogate Town","1 - 1","1 - 2",59,"1 - 1"
"Brazil Serie B",Figueirense,Avai,"2 - 0","2 - 0",59,"2 - 0"
"Argentina Regional Cup","CA Belgrano Parana","CD Argentino Juniors","2 - 1","3 - 1",52,"2 - 1"
"Algeria Youth League","AS Ain M'lila U21","CA Bordj Bou Arreridj U21","1 - 0","2 - 1",65,"1 - 1"
"Spain Youth League","Cultural Leonesa U19","Atletico de Pinto U19","2 - 0","5 - 2",57,"2 - 1"
"Mauritania Division 1","ACS Ksar","FC Tevragh Zeina","0 - 3","0 - 4",47,"0 - 3"
"Belgium First Division A","KV Mechelen","Royal Excel Mouscron","1 - 0","2 - 1",60,"1 - 0"
"Chile Primera B","Santiago Morning","Deportes Copiapo","2 - 0","2 - 1",56,"2 - 1"
"England National League North",Darlington,"Blyth Spartans","3 - 0","6 - 0",61,"3 - 0"
"Argentina Primera C Metropolitana","Victoriano Arenas","San Martin De Burzaco","1 - 1","1 - 2",47,"1 - 2"
"Brazil Serie B",Chapecoense,Parana,"2 - 0","2 - 0",60,"2 - 0"
"Palestine West Bank League","Hillal Areeha","Markaz Askar","0 - 1","1 - 3",46,"0 - 1"
"Jordan League","Ramtha SC","Al-Hussein SC","1 - 0","2 - 1",62,"1 - 0"
"England League 2",Barrow,Tranmere,"0 - 1","1 - 1",62,"0 - 1"
"Bangladesh Federation Cup","Sheikh Jamal","Sheikh Russel KC","0 - 2","2 - 3",55,"1 - 2"
"UAE Premier League","Al Ain SCC","Al Jazira SC","2 - 0","2 - 2",63,"2 - 1"
"Ethiopia Premier League","Ethiopia Bunna","Sebeta City","1 - 1","3 - 2",62,"2 - 1"
"Tanzania Premier League","JKT Tanzania","Kagera Sugar","0 - 0","1 - 0",55,"1 - 0"
"England Premier League","Man Utd","Aston Villa","1 - 0","2 - 1",65,"2 - 1"
"Thailand Division 3","Yasothon FC","Nakhonratchasima United FC","1 - 0","2 - 0",63,"2 - 0"
"Mauritania Division 1","AS Police","ASC Kedia","0 - 0","2 - 0",62,"1 - 0"
"England National League",Barnet,"Boreham Wood","0 - 3","0 - 3",46,"0 - 3"
"England Premier League","West Brom",Arsenal,"0 - 2","0 - 4",61,"0 - 3"
"Thailand Division 3","Surin City FC","Mahasarakham FC","1 - 1","2 - 3",53,"2 - 1"
"Portugal Campeonato Nacional","AD Sanjoanense","CF Canelas 2010","1 - 0","2 - 0",62,"1 - 0"
"Mauritania Division 1",JAHE,"Medine Trarza","0 - 1","1 - 3",46,"0 - 1"
"Tunisia League 1","Club Africain","ES Metlaoui","0 - 1","0 - 1",65,"0 - 1"
"Netherlands Eerste Divisie","AZ Reserves","Roda JC","0 - 0","0 - 1",59,"0 - 1"
"Chile Primera Division","Audax Italiano","Union Espanola","0 - 1","2 - 2",57,"1 - 1"
"Jordan Division 1","Sama Al Sarhan",Al-Baqa'a,"1 - 0","2 - 4",63,"2 - 1"
"Europe Friendlies","Mlada Boleslav",Pardubice,"2 - 0","4 - 1",61,"2 - 0"
"Liberia Presidents Cup","Sandi FC","Jubilee FC","1 - 2","1 - 2",51,"1 - 2"
"Qatar League 2",Lusail,"Al Waab FC","0 - 1","0 - 2",62,"0 - 2"
"Brazil Campeonato Potiguar 2","Visao Celeste",Alecrim,"0 - 0","1 - 0",64,"1 - 0"
"Europe Friendlies","FC Fastav Zlín","FK Blansko","0 - 0","4 - 1",64,"1 - 0"
"Jordan Division 1",Mansheyat,"Moghayer Al Sarhan","0 - 2","0 - 4",53,"0 - 2"
"Turkey Super Lig",Genclerbirligi,Hatayspor,"1 - 1","3 - 1",65,"2 - 1"
"Italy Serie D",Varese,Arconatese,"0 - 0","1 - 2",54,"0 - 1"
"Italy Serie A",Bologna,Udinese,"2 - 1","2 - 2",64,"2 - 1"
"Portugal Campeonato Nacional",Alcains,"UD Leiria","1 - 2","1 - 4",58,"1 - 2"
"Spain Primera Liga","Athletic Bilbao",Barcelona,"1 - 2","2 - 3",51,"1 - 2"
"Czech Republic Tipsport Liga","Sparta Prague B","FK MAS Taborsko","1 - 0","3 - 1",53,"2 - 1"
"Bangladesh Federation Cup","Bashundhara Kings","Dhaka Abahani","0 - 1","1 - 1",50,"0 - 1"
"Bahrain Division 2","Al Tadamun Buri","Isa Town","0 - 1","0 - 2",64,"0 - 2"
"Chile Primera Division",Huachipato,"Union La Calera","1 - 1","4 - 3",64,"2 - 1"
"Chile Primera Division",Cobresal,"Audax Italiano","1 - 1","1 - 2",60,"1 - 1"
"South Africa Premier","Stellenbosch FC","Black Leopards","0 - 1","1 - 1",63,"1 - 1"
"England League 1",Charlton,"Accrington Stanley","0 - 1","0 - 2",60,"0 - 1"
"Netherlands Eerste Divisie",NAC,"Roda JC","1 - 0","2 - 2",59,"1 - 2"
"Kenya Premier League","Zoo Kericho","Bandari FC","0 - 1","1 - 1",65,"1 - 1"
"Europe Friendlies","SV Ried","SKU Amstetten","2 - 0","2 - 0",62,"2 - 0"
"Italy Serie B","AC Reggiana 1919",Cittadella,"0 - 1","0 - 2",63,"0 - 1"
"Algeria Division 1","Olympique Medea","WA Tlemcen","1 - 1","2 - 1",46,"1 - 1"
"England FA Cup","Bristol Rovers","Sheff Utd","1 - 1","2 - 3",43,"1 - 1"
"England National League",Hartlepool,Wealdstone,"1 - 0","3 - 1",64,"3 - 0"
"Belgium First Division A","KV Oostende",Charleroi,"1 - 1","3 - 2",59,"2 - 1"
"France Ligue 1",PSG,Brest,"1 - 0","3 - 0",60,"1 - 0"
"Argentina Copa de la Liga Profesional",Lanus,"Rosario Central","2 - 0","2 - 0",63,"2 - 0"
"Brazil Serie B","America MG",Vitoria,"2 - 0","4 - 0",56,"2 - 0"
"Brazil Serie B","Botafogo SP",Chapecoense,"2 - 0","3 - 0",47,"2 - 0"
"Italy Serie A",Roma,"Inter Milan","1 - 0","2 - 2",56,"1 - 1"
"Zambia Super League","Forest Rangers","Kitwe United","1 - 0","4 - 0",55,"3 - 0"
"Europe Friendlies","MOL Fehervar FC","SK Sturm Graz","0 - 2","1 - 3",59,"0 - 3"
"Italy Serie A",Udinese,Napoli,"1 - 1","1 - 2",56,"1 - 1"
"Spain Segunda B Group 1","Zamora CF","Deportivo La Coruna","1 - 0","1 - 0",62,"1 - 0"
"England U23 Development League","Coventry U23","Barnsley U23","0 - 2","4 - 4",61,"0 - 3"
"Syria Cup","Al Nawras",Tishreen,"0 - 3","0 - 10",35,"0 - 1"
"England U23 Development League","Bristol City U23","Colchester U23","3 - 0","3 - 1",62,"3 - 0"
"Chile Primera Division",O'Higgins,"Deportes Iquique","1 - 1","2 - 2",62,"1 - 1"
"Spain Segunda B Group 3","UE Olot","Espanyol B","0 - 1","1 - 1",62,"0 - 1"
"Qatar Stars League","Al-Sailiya SC","Al-Kharitiyath SC","1 - 0","2 - 0",58,"2 - 0"
"Brazil Serie B","Brasil de Pelotas","EC Juventude","2 - 1","2 - 1",61,"2 - 1"
"Copa Libertadores",Palmeiras,"River Plate","0 - 2","0 - 2",58,"0 - 2"
"Bangladesh Premier League","Bashundhara Kings","Uttar Baridhara Club","1 - 0","2 - 0",56,"2 - 0"
"Mauritania Division 1","FC Sahel","AS Armee","0 - 0","1 - 0",60,"1 - 0"
"Gambia Division 2","Bombada FC","Samger FC","1 - 0","3 - 0",54,"3 - 0"
"Gambia Division 2","Kiang West FC","Red Hawks FC","1 - 1","3 - 1",64,"1 - 1"
"Gambia Division 2","Latrikunda Utd","Falcons FC","1 - 1","2 - 1",54,"1 - 1"
"Copa Sudamericana",Lanus,"Velez Sarsfield","1 - 0","3 - 0",64,"2 - 0"
"Egypt Division 2","El Hammam","Al Olympi","0 - 1","1 - 3",54,"0 - 1"
"Gambia Division 2","Gunjur United","Immigration FC","0 - 2","2 - 2",64,"1 - 2"
"Gambia Division 2","Jam City","SK East BI","1 - 1","2 - 1",51,"1 - 1"
"Netherlands Eredivisie","FC Twente",Ajax,"0 - 1","1 - 3",56,"0 - 1"
"Burundi Premier League","Muzinga FC","Athletico Academy","1 - 1","1 - 2",61,"1 - 1"
"Netherlands Eerste Divisie","Helmond Sport","FC Den Bosch","3 - 0","4 - 0",59,"3 - 0"
"Chile Primera Division","La Serena","Union La Calera","0 - 1","0 - 3",62,"0 - 2"
"Australia Friendlies","Hills United FC","Blacktown City","0 - 2","1 - 4",63,"0 - 3"
"Australia A-League","Sydney FC","Western Sydney Wanderers","0 - 0","1 - 1",65,"1 - 0"
"Netherlands Eerste Divisie","Top Oss",Telstar,"0 - 2","1 - 4",62,"0 - 3"
"France Ligue 2",Troyes,Sochaux,"1 - 0","2 - 1",64,"1 - 1"
"Senegal Premier League","AS Dakar Sacre Coeur","Generation Foot","1 - 0","1 - 0",65,"1 - 0"
"Gambia GFA League",Marimoo,"Gambia Armed Force","0 - 1","0 - 2",65,"0 - 2"
"France Ligue 2","AC Ajaccio",Caen,"1 - 0","1 - 0",56,"1 - 0"
"Costa Rica Primera Division","Limon FC",Alajuelense,"0 - 2","0 - 2",59,"0 - 2"
"USA UPSL","Miami United FC","Florida Soccer Soldiers","1 - 1","2 - 2",61,"2 - 1"
"Chile Primera B","Union San Felipe",Melipilla,"0 - 1","1 - 1",65,"1 - 1"
"Italy Serie C Group A","Pro Sesto",Livorno,"0 - 1","1 - 1",57,"1 - 1"
"Spain Copa del Rey",Navalcarnero,Eibar,"1 - 1","3 - 1",63,"2 - 1"
"Gambia GFA League","Brikama United","Wallidan FC","1 - 0","1 - 1",63,"1 - 0"
"Europe Friendlies","SV Kapfenberg","NK Nafta 1903","1 - 1","4 - 1",46,"2 - 1"
"England Premier League 2","Fulham U23","Reading U23","0 - 1","0 - 3",61,"0 - 3"
"Bahrain Premier League","Al-Ahli Manama",Al-Riffa,"0 - 2","1 - 3",63,"1 - 2"
"England Premier League 2","Arsenal U23","Brighton U23","3 - 0","5 - 0",64,"3 - 0"
"Netherlands Eerste Divisie",Telstar,"AZ Reserves","1 - 1","2 - 2",52,"1 - 1"
"Czech Republic Tipsport Liga","Sparta Prague B","Dukla Praha","0 - 1","1 - 4",61,"0 - 3"
"Europe Friendlies",Kaapo,EIF,"1 - 0","2 - 1",56,"1 - 0"
"Greece Super League 1","Apollon Smyrnis","Aris Salonika","0 - 1","0 - 1",53,"0 - 1"
"Gambia GFA League","Gamtel FC","Real de Banjul","0 - 0","0 - 1",65,"0 - 1"
"Scotland League Cup","St Johnstone",Hibernian,"1 - 0","3 - 0",63,"3 - 0"
"Belgium First Division A","KV Kortrijk","Cercle Brugge","1 - 2","1 - 2",59,"1 - 2"
"Brazil Serie B",Avai,"Guarani SP","1 - 0","2 - 1",37,"1 - 0"
"Netherlands Eerste Divisie","FC Volendam","De Graafschap","0 - 1","1 - 4",57,"0 - 3"
"Netherlands Eredivisie","Fortuna Sittard",Ajax,"0 - 1","1 - 2",52,"1 - 1"
"Germany Bundesliga II",Darmstadt,"Holstein Kiel","0 - 1","0 - 2",56,"0 - 2"
"Germany Bundesliga I",Schalke,"Bayern Munich","0 - 1","0 - 4",51,"0 - 1"
"Nigeria Premier League","Dakkada FC","Sunshine Stars FC","0 - 1","1 - 2",62,"0 - 1"
"Ghana Premier League","Dreams FC","Liberty Professionals","2 - 1","4 - 1",53,"2 - 1"
"Ghana Premier League","Ebusua Dwarfs",WAFA,"0 - 1","1 - 1",65,"1 - 1"
"Netherlands Eerste Divisie","Roda JC","FC Utrecht Reserves","1 - 1","2 - 1",60,"2 - 1"
"Belgium First Division A","OH Leuven",Gent,"0 - 1","0 - 3",55,"0 - 3"
"Argentina Torneo Regional Amateur","Velez de San Ramon","CA Americo Tesorieri","1 - 1","3 - 2",56,"2 - 1"
"Chile Primera Division","Universidad de Chile","Deportes Iquique","1 - 0","2 - 2",56,"1 - 0"
"Ethiopia Premier League","Adama City","Dire Dawa","0 - 2","0 - 3",64,"0 - 3"
"Turkey 1 Lig",Altinordu,Menemenspor,"0 - 0","2 - 4",63,"1 - 2"
"France Ligue 2",Sochaux,Toulouse,"0 - 0","0 - 1",61,"0 - 1"
"Mexico Liga MX Femenil","Leon Women","Necaxa Women","0 - 0","2 - 1",63,"1 - 0"
"Vietnam U19 Championship","Dong Nai U19","Sai Gon U19","0 - 2","0 - 3",62,"0 - 2"
"Australia A-League","Melbourne Victory","Perth Glory","0 - 0","2 - 1",63,"0 - 1"
"Czech Republic Tipsport Liga","MFK Skalica","AS Trencin","0 - 0","0 - 3",64,"0 - 3"
"Mexico Liga de Expansion","Cimarrones de Sonora FC","Club Celaya","1 - 0","2 - 2",63,"1 - 1"
"Italy Campionato Primavera 1","Ascoli U19","Juventus U19","1 - 1","1 - 3",58,"1 - 2"
"Jordan Division 1","Al-Arabi Irbid","Sama Al Sarhan","1 - 1","1 - 2",61,"1 - 1"
"Europe Friendlies","MSK Zilina","FK Zeleziarne Podbrezova","3 - 0","7 - 2",55,"3 - 0"
"Italy Serie D",Arconatese,Borgosesia,"1 - 0","2 - 1",58,"1 - 1"
"Italy Serie C Group C","Juve Stabia",Casertana,"0 - 1","0 - 2",57,"0 - 1"
"Senegal Premier League","ASC Jaraaf","Mbour Petite Cote","1 - 0","1 - 0",65,"1 - 0"
"Belgium First Division A",Charleroi,"OH Leuven","0 - 1","1 - 1",62,"1 - 1"
"Mauritania Division 1","ASAC Concorde","AS Garde Nationale","0 - 1","1 - 1",65,"1 - 1"
"Australia Friendlies","Rockdale City Suns U20","Wollongong Wolves U20","0 - 0","2 - 1",61,"0 - 1"
"Finland Kakkosen Cup",TPV,I-Kissat,"1 - 1","2 - 2",51,"1 - 1"
"Europe Friendlies","Polonia Bytom","GKS Katowice","0 - 1","1 - 3",56,"0 - 1"
"Italy Campionato Primavera 1","Juventus U19","Lazio U19","2 - 0","2 - 0",62,"2 - 0"
"Europe Friendlies","Botev Plovdiv",Beroe,"2 - 1","2 - 1",64,"2 - 1"
"Kenya Premier League","Vihiga United","Sofapaka FC","1 - 1","1 - 1",61,"1 - 1"
"Tunisia League 2","Jendouba Sport","CS Korba","1 - 1","1 - 1",65,"1 - 1"
"Zambia Super League","ZESCO United","Lusaka Dynamos","2 - 0","2 - 0",49,"2 - 0"
"Mauritania Division 1",JAHE,"FC Inter Nouakchott","2 - 1","3 - 3",47,"2 - 1"
"Croatia 1.HNL","NK Osijek","Istra 1961","1 - 0","1 - 0",64,"1 - 0"
"Mauritania Division 1","FC Sahel","ACS Ksar","0 - 1","0 - 2",60,"0 - 1"
"Portugal Segunda Liga","UD Oliveirense",Vizela,"0 - 1","0 - 3",64,"0 - 3"
"Belgium First Division A",Eupen,"Royal Excel Mouscron","1 - 0","1 - 1",64,"1 - 0"
"Czech Republic First League","Sparta Prague","Bohemians 1905","0 - 1","0 - 1",60,"0 - 1"
"Palestine Division 1","Al Karmil","Islami Kalkelea","0 - 0","0 - 2",64,"0 - 1"
"Italy Serie D",Prato,Bagnolese,"1 - 0","2 - 1",57,"1 - 0"
"Italy Serie C Group B","AC Feralpisalo",Matelica,"1 - 0","2 - 1",38,"1 - 0"
"Ghana Premier League","Elmina Sharks","Dreams FC","2 - 1","2 - 2",63,"2 - 1"
"Czech Republic First League","Banik Ostrava","Viktoria Plzen","0 - 0","0 - 2",65,"0 - 1"
"Portugal Segunda Liga","FC Porto B",Varzim,"0 - 1","0 - 1",65,"0 - 1"
"Spain Youth League","Arenas Club de Getxo U19","Leioa U19","2 - 1","2 - 2",59,"2 - 1"
"Palestine Division 1","Shabab Beit Fajjar","Alarabi Beit Safafa","1 - 0","1 - 1",65,"1 - 1"
"Gambia GFA League","Elite United","Gambia Ports Authority","1 - 0","1 - 1",62,"1 - 1"
"Turkey Super Lig",Besiktas,Trabzonspor,"1 - 1","1 - 2",47,"1 - 1"
"Gambia GFA League","Gamtel FC",Marimoo,"0 - 0","2 - 1",62,"1 - 0"
"Hungary NB II","Gyor Eto FC","Pecsi MFC","2 - 0","2 - 1",59,"2 - 1"
"Belgium First Division B",Westerlo,"Lierse Kempenzonen","2 - 0","2 - 0",63,"2 - 0"
"Argentina Torneo Regional Amateur","Club Sportivo Urquiza","Malvinas de Federal","1 - 0","1 - 0",62,"1 - 0"
"Argentina Torneo Regional Amateur","Racing de Cordoba","DYC Union Oncativo","2 - 0","3 - 1",48,"2 - 0"
"Argentina Torneo Regional Amateur","Juventud de Pergamino","Regatas de San Nicolas","2 - 0","3 - 2",47,"2 - 1"
"Thailand Division 3","Nonthaburi United","Bangkok FC","1 - 2","2 - 6",62,"1 - 2"
"Romania Liga I","CSM Politehnica Iasi","CS U Craiova","0 - 2","0 - 3",52,"0 - 2"
"Belgium Cup",Lommel,"KV Kortrijk","0 - 1","1 - 3",60,"0 - 1"
"Australia Friendlies","Mt Druitt Town Rangers","SD Raiders","0 - 0","2 - 0",65,"1 - 0"
"Europe Friendlies","Arka Gdynia","Chojniczanka Chojnice","3 - 0","4 - 0",59,"3 - 0"
"India Super League","Kerala Blasters","Mumbai City FC","1 - 0","1 - 2",53,"1 - 1"
"Gambia Division 2","PSV Wellingara","Kiang West FC","1 - 1","2 - 1",61,"1 - 1"
"Europe Friendlies","KKS Kalisz","MKS Kluczbork","0 - 0","3 - 1",64,"0 - 1"
"Switzerland Super League","FC Zurich","Young Boys","0 - 3","1 - 4",58,"0 - 3"
"Belgium Cup","Seraing United","Standard Liege","0 - 2","1 - 4",57,"0 - 2"
"France Ligue 1",Dijon,Lyon,"0 - 1","0 - 1",58,"0 - 1"
"Spain Copa del Rey",Granada,Barcelona,"1 - 0","2 - 2",56,"2 - 0"
"Tanzania Premier League","Dodoma Jiji FC","Simba Sports Club","1 - 1","1 - 2",57,"1 - 1"
"Uruguay Clausura","CA River Plate",Danubio,"0 - 3","0 - 4",64,"0 - 3"
"Gambia Division 2","Red Hawks FC","Gunjur United","2 - 1","3 - 3",47,"2 - 1"
"Iceland U19 Cup","Fram/Úlfarnir U19","IR/Lettir U19","1 - 1","5 - 2",48,"2 - 1"
"Germany Bundesliga I","Hertha Berlin","Bayern Munich","0 - 1","0 - 1",59,"0 - 1"
"New Zealand Football Championship","Wellington Phoenix Reserves","Hamilton Wanderers AFC","1 - 0","1 - 2",64,"1 - 1"
"Australia Friendlies","Heidelberg Utd","Kingston City","1 - 1","4 - 1",61,"2 - 1"
"Thailand Division 3","Pluak Daeng United","Lamphun Warrior FC","0 - 2","1 - 2",58,"0 - 2"
"Australia Friendlies","Wynnum Wolves","Gold Coast Knights","2 - 0","3 - 3",56,"2 - 0"
"Bangladesh Premier League","Sheikh Jamal","Sheikh Russel KC","2 - 0","4 - 2",63,"3 - 0"
"Zambia Super League","Young Green Eagles","ZESCO United","0 - 0","1 - 0",51,"1 - 0"
"Italy Campionato Primavera 1","Spal U19","Ascoli U19","1 - 0","4 - 0",61,"3 - 0"
"Scotland Premiership","Ross County","Dundee Utd","0 - 0","0 - 2",65,"0 - 1"
"England National League",Wrexham,"Dag & Red","1 - 0","2 - 2",59,"2 - 0"
"Spain Segunda B Group 3","UE Llagostera",Lleida,"1 - 0","1 - 0",59,"1 - 0"
"Brazil Campeonato Carioca","Americano RJ",Friburguense,"1 - 0","2 - 1",57,"1 - 1"
"Costa Rica Primera Division","AD Grecia","ADR Jicaral","2 - 0","2 - 0",61,"2 - 0"
"New Zealand Football Championship","Auckland City","Team Wellington","0 - 0","3 - 1",65,"1 - 0"
"Thailand Premier League","Bangkok United","Samut Prakan City","0 - 0","3 - 0",50,"1 - 0"
"Malta Premier League",Valletta,Hibernians,"1 - 1","1 - 4",52,"1 - 2"
"Turkey 1 Lig",Altinordu,Boluspor,"2 - 1","2 - 1",64,"2 - 1"
"Hungary NB I",Paksi,"Budafoki MTE","2 - 0","4 - 1",56,"3 - 0"
"Italy Serie D","AC Mestre","US Adriese","2 - 1","3 - 2",64,"2 - 1"
"Italy Campionato Primavera 1","Empoli U19","Fiorentina U19","0 - 1","3 - 1",64,"0 - 1"
"Ghana Premier League",Karela,"Asante Kotoko","0 - 1","0 - 2",54,"0 - 1"
"FIFA Club World Cup","Ulsan Hyundai","Al Duhail","0 - 1","1 - 3",63,"1 - 1"
"England National League",York,Gateshead,"0 - 1","0 - 3",64,"0 - 1"
"Niger Super League","Sahel Niamey","ASN Nigelec","0 - 1","1 - 1",63,"0 - 1"
"AFF Cup",Cambodia,Brunei,"1 - 1","5 - 1",64,"2 - 1"
"Senegal Ligue 2","Mbour Petite Cote","ASC Port Autonome","0 - 1","1 - 1",57,"1 - 1"
"Antigua & Barbuda Premier Division",Tryum,"SAP FC","0 - 2","0 - 3",65,"0 - 3"
"Australia A-League","Central Coast Mariners","Melbourne Victory","1 - 1","2 - 1",65,"2 - 1"
"UAE Division 1","Al Hamriyah","Baynounah SC","1 - 0","3 - 0",61,"2 - 0"
"UAE Division 1","Al Dhaid","Gulf Heroes FC","1 - 1","1 - 1",56,"1 - 1"
"England National League North","Spennymoor Town","Blyth Spartans","1 - 1","2 - 1",49,"1 - 1"
"Israel Premier League","Maccabi Haifa","Hapoel Beer Sheva","1 - 0","2 - 0",61,"2 - 0"
"Saudi Arabia Youth League","Al Shabab Riyadh U19","Jeddah Club U19","1 - 1","4 - 2",56,"1 - 1"
"Brazil Sao Paulo Youth Cup","Sport Recife U20","Volta Redonda U20","1 - 0","2 - 0",60,"1 - 1"
"Brazil Sao Paulo Youth Cup","Tanabi U20","Portuguesa Desportos U20","0 - 1","2 - 1",60,"2 - 1"
"Israel Cup","Maccabi Tel Aviv","Bnei Sakhnin","3 - 0","5 - 0",54,"3 - 0"
"Brazil Sao Paulo Youth Cup","Mirassol U20","Uniao ABC U20","2 - 0","3 - 1",62,"3 - 0"
"Cameroon Elite Two","Dynamo de Douala","Racing de Bafoussam","0 - 1","1 - 1",61,"0 - 1"
"Brazil Sao Paulo Youth Cup","CA Juventus U20","Sao Caetano U20","1 - 0","2 - 0",48,"1 - 0"
"Brazil Sao Paulo Youth Cup","America MG U20","Retro FC Brasil U20","2 - 1","3 - 1",54,"2 - 1"
"Brazil Sao Paulo Youth Cup","EC Sao Bernardo U20","CSA U20","2 - 1","3 - 1",52,"2 - 1"
"Turkey Super Lig","Adana Demirspor",Istanbulspor,"1 - 0","6 - 0",56,"3 - 0"
"Brazil Sao Paulo Youth Cup","Juventude U20","Alecrim U20","3 - 0","5 - 1",58,"3 - 0"
"Brazil Sao Paulo Youth Cup","Guarani SP U20","Gremio U20","1 - 2","1 - 3",62,"1 - 2"
"Brazil Copa Nordeste","America RN","Moto Club de São Luís","3 - 0","5 - 0",62,"3 - 0"
"Brazil Sao Paulo Youth Cup","Gremio Desportivo Sao Carlense U20","Pinheirense EC U20","1 - 0","1 - 4",55,"1 - 1"
"Zambia Super League","Green Buffaloes","MUZA FC","0 - 1","1 - 2",62,"0 - 2"
"Brazil Sao Paulo Youth Cup","Uniao Suzano U20","Vitoria da Conquista U20","1 - 0","2 - 1",60,"2 - 1"
"Brazil Sao Paulo Youth Cup","Mirassol U20","Inter De Minas U20","1 - 0","2 - 0",61,"2 - 0"
"Brazil Sao Paulo Youth Cup","America SP U20","Palmeiras U20","0 - 1","1 - 3",53,"1 - 2"
"Finland Veikkausliiga","IFK Mariehamn","HJK Helsinki","0 - 1","0 - 4",63,"0 - 1"
"USA USL League Two","Hill Country Lobos","Laredo Heat","0 - 3","0 - 5",63,"0 - 3"
"China Division 2","Shanxi Chongde Ronghai","Tai'an Tiankuang","2 - 0","3 - 2",52,"2 - 0"
"France Ligue 2",Dijon,"St Etienne","1 - 1","2 - 3",58,"2 - 1"
"Iceland Premier League",Breidablik,Stjarnan,"0 - 2","0 - 2",57,"0 - 2"
"India Mizoram Premier League","Dinthar FC","Saikhamakawn FC","0 - 0","0 - 3",60,"0 - 2"
"Uganda Premier League","NEC FC Bugolobi","Lugazi FC","0 - 0","3 - 1",61,"2 - 0"
"Argentina Nacional Reserve League","CA San Miguel Reserves","Nueva Chicago Reserves","1 - 0","1 - 0",61,"1 - 0"
"Slovakia Cup","SK Tomasov","Inter Bratislava","0 - 0","0 - 1",64,"0 - 1"
"Lithuania Cup","FK Minija","DFK Dainava","0 - 1","3 - 2",61,"1 - 1"
"Israel Cup","Beitar Haifa Yakov","Hapoel Daliyat Al-Karmel","1 - 1","1 - 2",53,"1 - 1"
"Portugal U23 League","Felgueiras 1932 U23","Estoril U23","2 - 0","2 - 2",64,"2 - 0"
"Switzerland Challenge League","FC Rapperswil-Jona",Kriens,"0 - 0","1 - 1",62,"0 - 1"
"Brazil Campeonato Gaucho 2",APAFUT,"Brasil de Pelotas","0 - 1","1 - 1",55,"0 - 1"
"England League 2","Accrington Stanley",Grimsby,"1 - 2","2 - 2",53,"1 - 2"
"Colombia Primera B","Barranquilla FC","Boca Juniors De Cali","1 - 1","2 - 1",63,"2 - 1"
"Argentina Youth League","Deportivo Metalurgico U20","Central Ballester U20","1 - 1","2 - 2",65,"1 - 2"
"Uganda Premier League","Ntugasaze FC",Maroons,"0 - 2","1 - 3",51,"0 - 3"
"Czechia 3. Liga","MFK Vitkovice","SK Unicov","2 - 1","3 - 1",63,"2 - 1"
"Norway Cup",Brodd,"Viking FK","1 - 0","1 - 3",64,"1 - 2"
"Portugal U23 League","Benfica U23","Academico Viseu U23","1 - 1","1 - 2",60,"1 - 1"
"Poland Cup","Sokol Ostroda","Sokol Kleczew","1 - 1","1 - 2",60,"1 - 1"
"Premier League International Cup","Crystal Palace U21","PSG U21","1 - 0","2 - 1",63,"2 - 0"
"Netherlands Cup","RKSV Groene Ster","VV Heerjansdam","1 - 1","2 - 1",57,"1 - 1"
"Switzerland Super League",Grasshoppers,"St Gallen","1 - 0","2 - 0",65,"1 - 0"
"Mozambique Mocambola","CD Maxaquene","Ferroviario Beira","1 - 0","1 - 2",63,"1 - 1"
"Uganda Premier League","Kataka FC","BUL FC","1 - 2","1 - 4",65,"1 - 2"
"Argentina Nacional Reserve League","CA Colegiales Reserves","Defensores de Belgrano Reserves","0 - 1","0 - 5",62,"0 - 2"
"Argentina Nacional Reserve League","Agropecuario Reserves","Temperley Reserves","1 - 0","3 - 1",52,"1 - 1"
"Finland Kolmonen",HooGee,LoPa,"0 - 1","3 - 1",65,"1 - 1"
"Iceland 4 Deild",Hafnir,"Vaengir Jupiters","0 - 2","1 - 3",57,"1 - 2"
"Japan University Championship","Toin Yokohama University","Hosei University","0 - 2","2 - 2",64,"1 - 2"
"World Club Friendlies","BA FC","Nadi FC","1 - 0","1 - 0",65,"1 - 0"
"Portugal Campeonato Nacional",Salgueiros,"AD Machico","0 - 1","1 - 1",63,"1 - 1"
"England Development League 2","Sheff Wed U21","Wigan U21","2 - 0","4 - 1",60,"3 - 0"
"Finland Kakkonen Group B",NJS,MuSa,"1 - 0","4 - 0",63,"3 - 0"
"Serbia U19 League","Vojvodina U19","Mladost Lucani U19","0 - 1","3 - 1",58,"0 - 1"
"Norway Eliteserien",Aalesund,"IK Start","2 - 0","2 - 0",57,"2 - 0"
"Austria Regionalliga Ost","Favoritner AC","SV Leobendorf","1 - 0","3 - 0",63,"1 - 0"
"Belgium Reserve League ","RWDM Brussels Reserves","Hasselt Reserves","1 - 0","2 - 0",60,"1 - 0"
"Netherlands Eredivisie","Sparta Rotterdam","PEC Zwolle","1 - 1","2 - 2",62,"1 - 1"
"Italy Campionato Primavera 2","Pisa U19","Perugia U19","1 - 2","2 - 3",46,"1 - 2"
"Bulgaria First League","Arda Kardzhali","Botev Plovdiv","0 - 2","2 - 3",64,"0 - 3"
"Wales Premier League","Briton Ferry","Airbus UK","0 - 1","0 - 2",65,"0 - 2"
"England Premier League",Ipswich,Liverpool,"0 - 2","0 - 2",61,"0 - 2"
"Australia NPL Victoria",Avondale,"Preston Lions","2 - 0","2 - 0",62,"2 - 0"
"Japan Football League","FC Tiamo Hirakata","Maruyasu Okazaki","0 - 3","1 - 3",54,"0 - 3"
"Australia South Australia State League 1","Modbury Jets","Adelaide Olympic","2 - 0","6 - 0",65,"3 - 0"
"Slovakia Youth League","Spartak Trnava U19","Slovan Bratislava U19","1 - 1","1 - 3",50,"1 - 1"
"Cambodia Premier League","Phnom Penh Crown","Naga World FC","1 - 2","2 - 2",58,"1 - 2"
"Thailand Premier League","Rasi Salai United","Port FC","1 - 1","1 - 2",60,"1 - 1"
"Poland IV Liga","Radunia Stezyca","Chojniczanka Chojnice II","0 - 0","5 - 2",58,"1 - 1"
"Sweden Damallsvenskan","Vittsjö GIK (W)","IK Uppsala (W)","1 - 0","5 - 0",60,"2 - 0"
"Scotland Championship","Queen's Park",Morton,"1 - 1","2 - 1",65,"2 - 1"
"England National League North","Oxford City",Chorley,"2 - 0","4 - 0",64,"3 - 0"
"Moldova Divizia Nationala","FC Politehnica Chisinau","Dacia Buiucani","1 - 0","2 - 1",62,"1 - 1"
"England League 2",Crewe,York,"1 - 1","1 - 1",64,"1 - 1"
"England Championship",Portsmouth,Cardiff,"1 - 0","2 - 0",59,"2 - 0"
"Norway Division 1",Haugesund,Sogndal,"1 - 0","2 - 0",59,"1 - 0"
"Israel Youth League","Hapoel Kfar Saba U19","Beitar Jerusalem U19","0 - 0","1 - 0",63,"1 - 0"
"Spain Youth League","Merida U19","Getafe U19","0 - 3","0 - 5",59,"0 - 3"
"Austria Landesliga","SC Pinkafeld","ASK Klingenbach","1 - 0","1 - 0",57,"1 - 0"
"Spain Youth League","CD Mosquito U19","Marbella FC U19","1 - 1","3 - 3",49,"1 - 2"
"Israel Youth League","Hapoel Raanana U19","Maccabi Petah Tikva U19","0 - 2","0 - 4",55,"0 - 2"
"Switzerland 1.Liga Promotion","Basel II","SC Bruhl","0 - 0","3 - 0",54,"1 - 0"
"Brazil Campeonato Carioca U20","Volta Redonda U20","Fluminense U20","0 - 1","0 - 1",62,"0 - 1"
"Serbia Super Liga","Mladost Lucani","Radnicki Nis","1 - 0","1 - 0",60,"1 - 0"
"Belgium First Division B","Genk II",Hasselt,"2 - 0","3 - 0",61,"3 - 0"
"Chile Primera B","San Luis Quillota",Cobreloa,"2 - 0","4 - 2",54,"3 - 0"
"Mexico Primera Premier","Cordobes Futbol Club",Irapuato,"0 - 2","0 - 3",54,"0 - 2"
"Costa Rica Primera Division",Alajuelense,"Deportivo Saprissa","0 - 1","0 - 2",49,"0 - 1"
"Cambodia Premier League","Kirivong Sok Sen Chey","Svay Rieng FC","0 - 3","0 - 3",59,"0 - 3"
"England FA WSL 2","Durham (W)","Southampton (W)","0 - 0","1 - 3",57,"0 - 2"
"China Super League","Yunnan Yukun","Liaoning Ironman","2 - 0","5 - 0",65,"3 - 0"
"Georgia First League","Odishi 1919 Zugdidi","FC Gori","1 - 1","2 - 3",64,"1 - 2"
"Sweden 2.div Norra Svealand","Viggbyholms IK","Falu BS FK","0 - 2","0 - 2",65,"0 - 2"
"Kosovo Superliga","KF Malisheva","KF Gjilani","1 - 1","3 - 1",64,"1 - 1"
"Türkiye Super Lig",Kasimpasa,"Amed SK","1 - 0","2 - 2",64,"2 - 1"
"Czechia 4. Liga","FK Kozlovice","SK Prostejov B","3 - 0","4 - 1",60,"3 - 0"
"Italy Serie D","Atletico Lodigiani",Albalonga,"2 - 1","2 - 3",54,"2 - 1"
"Portugal Liga 3","Atletico CP Lisbon","UD Oliveirense","2 - 0","3 - 1",61,"2 - 1"
"Nigeria Premier League","Nasarawa United","Bendel Insurance","0 - 0","1 - 0",60,"1 - 0"
"Finland Kakkonen Group C","FF Jaro II",VPS-J,"1 - 1","1 - 4",64,"1 - 2"
"Portugal Campeonato Nacional","AD Sanjoanense","FC Alpendorada","2 - 1","3 - 1",57,"2 - 1"
"Bulgaria First League","Lokomotiv Plovdiv","Cherno More Varna","1 - 0","1 - 0",61,"1 - 0"
"Türkiye Super Lig",Trabzonspor,Genclerbirligi,"3 - 0","5 - 0",57,"3 - 0"
"Brazil Campeonato Gaucho 2","Passo Fundo","Brasil de Farroupilha","0 - 1","0 - 1",62,"0 - 1"
"Colombia Primera B","Boca Juniors De Cali","Envigado FC","1 - 2","2 - 2",46,"1 - 2"
"Paraguay Division Profesional","Sportivo Luqueno","Sportivo Ameliano","0 - 1","1 - 2",59,"0 - 2"
"Costa Rica Primera Division",Puntarenas,Cartagines,"1 - 1","1 - 3",56,"1 - 1"
"Slovakia 2. Liga","MSK Zilina B","Slovan Bratislava B","2 - 0","2 - 0",53,"2 - 0"
"Bulgaria Second League","Spartak Pleven","FC Hebar Pazardzhik","1 - 1","3 - 2",60,"1 - 1"
"Argentina Youth League","Chacarita Juniors U20","Almagro U20","3 - 0","3 - 1",54,"3 - 0"
"Netherlands Eerste Divisie","PSV Reserves","FC Den Bosch","0 - 0","3 - 1",63,"3 - 0"
"England U21 Premier League Cup","Luton U21","Peterborough U21","0 - 1","0 - 4",47,"0 - 1"
"Italy Serie C Group C","AZ Picerno ASD","Inter Milan U23","2 - 0","4 - 1",54,"2 - 0"
"Honduras Reserve League","CD Choloma Reserves","CD Platense Reserves","1 - 1","1 - 1",61,"1 - 1"
"Colombia Cup","Atletico Nacional","Deportivo Cali","1 - 0","3 - 0",62,"2 - 0"
"Italy Campionato Primavera 2","Palermo U19","Pescara U19","0 - 1","3 - 1",58,"1 - 1"
"Paraguay Division Intermedia","Paraguari AC","Guairena FC","1 - 0","3 - 1",65,"2 - 0"
"Estonia Meistriliiga","JK Nomme Kalju","JK Nomme United","0 - 2","1 - 2",42,"0 - 2"
"Uruguay Reserve League","Club Atletico Progreso Reserves","La Luz Reserves","0 - 2","0 - 4",53,"0 - 2"
"Argentina Liga Profesional Reserves","Quilmes Reserves","Ferro Carril Oeste Reserves","0 - 0","2 - 1",65,"1 - 1"
"Scotland League Challenge Cup",Cowdenbeath,"Kilmarnock B","0 - 1","1 - 2",56,"0 - 1"
"England National League South","Hampton & Richmond",Farnborough,"1 - 0","2 - 0",52,"1 - 0"
"England National League North","Spennymoor Town","Spalding Utd","1 - 0","1 - 3",61,"1 - 0"
"UEFA Champions League","Real Madrid","Inter Milan","2 - 0","2 - 1",65,"2 - 0"
"USA MLS Next Pro League","Toronto FC II","Columbus Crew II","3 - 0","4 - 2",60,"3 - 0"
"India Mizoram Premier League","Ramthar Veng FC","Chanmari FC","1 - 2","2 - 2",62,"1 - 2"
